/* PS4 Camera (OV580) stub-bootloader firmware blob.
 *
 * The PS4 Camera ships with a tiny ROM bootloader that
 * enumerates as `OmniVision OV580 Boot` (VID 0x05a9 / PID 0x0580).
 * Until the host uploads this firmware, the device cannot be
 * opened as a UVC webcam by AVFoundation. After upload it
 * re-enumerates as a real UVC device (VID 0x05a9 / PID 0x058a
 * for PS4, 0x058c for PS5), at which point macOS treats it
 * like any other USB webcam.
 *
 * Origin
 * ------
 * This is the reverse-engineered Sony OV580 firmware blob from
 * the ps4eye project, which the PSVR / PS4-camera community has
 * redistributed for years as the standard means of bringing the
 * device up on non-PS4 hosts:
 *
 *   https://github.com/ps4eye/ps4eye
 *   https://github.com/bigboss-ps3dev/PS4EYECam
 *
 * The same blob is shipped by psmoveapi (Thomas Perl) at
 * ~/.psmoveapi/camera-firmware-ps4.bin and by PSVRTracker. We
 * follow the same convention: vendor the blob in-tree so the
 * plugin is self-contained and the user does not need to
 * install any external tool or download anything separately.
 *
 * Identity
 * --------
 *   size:  66608 bytes
 *   sha1:  fe86162309518a0ffe267075a2fcf728c5856b3e
 *
 * This file is auto-generated from the canonical 66608-byte blob;
 * do not hand-edit. Embedded as `static constexpr uint8_t` so
 * the linker drops the copy when this header is not included.
 * Included once, from ps4cam_firmware.mm.
 */
#pragma once

#include <cstddef>
#include <cstdint>

namespace ps4cam {

static constexpr uint8_t kPS4CamFirmware[] = {
    0x00, 0x00, 0x00, 0x00, 0x00, 0x00, 0x00, 0x00, 0x00, 0x00, 0x00, 0x00, 0x00, 0x00, 0x00, 0x00,
    0x00, 0x00, 0x00, 0x00, 0x00, 0x00, 0x00, 0x00, 0x00, 0x00, 0x00, 0x00, 0x00, 0x00, 0x00, 0x00,
    0x00, 0x00, 0x00, 0x00, 0x00, 0x00, 0x00, 0x00, 0x00, 0x00, 0x00, 0x00, 0x00, 0x00, 0x00, 0x00,
    0x00, 0x00, 0x00, 0x00, 0x00, 0x00, 0x00, 0x00, 0x00, 0x00, 0x00, 0x00, 0x00, 0x00, 0x00, 0x00,
    0x00, 0x00, 0x00, 0x00, 0x00, 0x00, 0x00, 0x00, 0x00, 0x00, 0x00, 0x00, 0x00, 0x00, 0x00, 0x00,
    0x00, 0x00, 0x00, 0x00, 0x00, 0x00, 0x00, 0x00, 0x00, 0x00, 0x00, 0x00, 0x00, 0x00, 0x00, 0x00,
    0x00, 0x00, 0x00, 0x00, 0x00, 0x00, 0x00, 0x00, 0x00, 0x00, 0x00, 0x00, 0x00, 0x00, 0x00, 0x00,
    0x00, 0x00, 0x00, 0x00, 0x00, 0x00, 0x00, 0x00, 0x00, 0x00, 0x00, 0x00, 0x00, 0x00, 0x00, 0x00,
    0x00, 0x00, 0x00, 0x00, 0x00, 0x00, 0x00, 0x00, 0x00, 0x00, 0x00, 0x00, 0x00, 0x00, 0x00, 0x00,
    0x00, 0x00, 0x00, 0x00, 0x00, 0x00, 0x00, 0x00, 0x00, 0x00, 0x00, 0x00, 0x00, 0x00, 0x00, 0x00,
    0x00, 0x00, 0x00, 0x00, 0x00, 0x00, 0x00, 0x00, 0x00, 0x00, 0x00, 0x00, 0x00, 0x00, 0x00, 0x00,
    0x00, 0x00, 0x00, 0x00, 0x00, 0x00, 0x00, 0x00, 0x00, 0x00, 0x00, 0x00, 0x00, 0x00, 0x00, 0x00,
    0x00, 0x00, 0x00, 0x00, 0x00, 0x00, 0x00, 0x00, 0x00, 0x00, 0x00, 0x00, 0x00, 0x00, 0x00, 0x00,
    0x00, 0x00, 0x00, 0x00, 0x00, 0x00, 0x00, 0x00, 0x00, 0x00, 0x00, 0x00, 0x00, 0x00, 0x00, 0x00,
    0x00, 0x00, 0x00, 0x00, 0x00, 0x00, 0x00, 0x00, 0x00, 0x00, 0x00, 0x00, 0x00, 0x00, 0x00, 0x00,
    0x00, 0x00, 0x00, 0x00, 0x00, 0x00, 0x00, 0x00, 0x00, 0x00, 0x00, 0x00, 0x00, 0x00, 0x00, 0x00,
    0x98, 0x20, 0x00, 0x00, 0xa8, 0x00, 0x98, 0x21, 0x3f, 0xf6, 0x00, 0x00, 0x30, 0x40, 0xbf, 0x60,
    0x21, 0x10, 0x98, 0x40, 0x00, 0x00, 0x28, 0x00, 0x98, 0x42, 0xed, 0x88, 0x28, 0x00, 0x47, 0xd2,
    0x10, 0x30, 0x40, 0x00, 0x47, 0xd2, 0x48, 0x00, 0x10, 0x00, 0x00, 0x00, 0x00, 0x00, 0x00, 0x00,
    0x00, 0x00, 0x00, 0x00, 0x00, 0x00, 0x00, 0x00, 0x00, 0x00, 0x00, 0x00, 0x00, 0x00, 0x00, 0x00,
    0x00, 0x00, 0x00, 0x00, 0x00, 0x00, 0x00, 0x00, 0x00, 0x00, 0x00, 0x00, 0x00, 0x00, 0x00, 0x00,
    0x00, 0x00, 0x00, 0x00, 0x00, 0x00, 0x00, 0x00, 0x00, 0x00, 0x00, 0x00, 0x00, 0x00, 0x00, 0x00,
    0x00, 0x00, 0x00, 0x00, 0x00, 0x00, 0x00, 0x00, 0x00, 0x00, 0x00, 0x00, 0x00, 0x00, 0x00, 0x00,
    0x00, 0x00, 0x00, 0x00, 0x00, 0x00, 0x00, 0x00, 0x00, 0x00, 0x00, 0x00, 0x00, 0x00, 0x00, 0x00,
    0x00, 0x00, 0x00, 0x00, 0x00, 0x00, 0x00, 0x00, 0x00, 0x00, 0x00, 0x00, 0x00, 0x00, 0x00, 0x00,
    0x00, 0x00, 0x00, 0x00, 0x00, 0x00, 0x00, 0x00, 0x00, 0x00, 0x00, 0x00, 0x00, 0x00, 0x00, 0x00,
    0x00, 0x00, 0x00, 0x00, 0x00, 0x00, 0x00, 0x00, 0x00, 0x00, 0x00, 0x00, 0x00, 0x00, 0x00, 0x00,
    0x00, 0x00, 0x00, 0x00, 0x00, 0x00, 0x00, 0x00, 0x00, 0x00, 0x00, 0x00, 0x00, 0x00, 0x00, 0x00,
    0x00, 0x00, 0x00, 0x00, 0x00, 0x00, 0x00, 0x00, 0x00, 0x00, 0x00, 0x00, 0x00, 0x00, 0x00, 0x00,
    0x00, 0x00, 0x00, 0x00, 0x00, 0x00, 0x00, 0x00, 0x00, 0x00, 0x00, 0x00, 0x00, 0x00, 0x00, 0x00,
    0x00, 0x00, 0x00, 0x00, 0x00, 0x00, 0x00, 0x00, 0x00, 0x00, 0x00, 0x00, 0x00, 0x00, 0x00, 0x00,
    0x00, 0x00, 0x00, 0x00, 0x00, 0x00, 0x00, 0x00, 0x00, 0x00, 0x00, 0x00, 0x00, 0x00, 0x00, 0x00,
    0x00, 0x00, 0x00, 0x00, 0x00, 0x00, 0x00, 0x00, 0x00, 0x00, 0x00, 0x00, 0x00, 0x00, 0x00, 0x00,
    0x00, 0x00, 0x00, 0x00, 0x00, 0x00, 0x00, 0x00, 0x00, 0x00, 0x00, 0x00, 0x00, 0x00, 0x00, 0x00,
    0x00, 0x00, 0x00, 0x00, 0x00, 0x00, 0x00, 0x00, 0x00, 0x00, 0x00, 0x00, 0x00, 0x00, 0x00, 0x00,
    0x00, 0x00, 0x00, 0x00, 0x00, 0x00, 0x00, 0x00, 0x00, 0x00, 0x00, 0x00, 0x00, 0x00, 0x00, 0x00,
    0x00, 0x00, 0x00, 0x00, 0x00, 0x00, 0x00, 0x00, 0x00, 0x00, 0x00, 0x00, 0x00, 0x00, 0x00, 0x00,
    0x00, 0x00, 0x00, 0x00, 0x00, 0x00, 0x00, 0x00, 0x00, 0x00, 0x00, 0x00, 0x00, 0x00, 0x00, 0x00,
    0x00, 0x00, 0x00, 0x00, 0x00, 0x00, 0x00, 0x00, 0x00, 0x00, 0x00, 0x00, 0x00, 0x00, 0x00, 0x00,
    0x00, 0x00, 0x00, 0x00, 0x00, 0x00, 0x00, 0x00, 0x00, 0x00, 0x00, 0x00, 0x00, 0x00, 0x00, 0x00,
    0x00, 0x00, 0x00, 0x00, 0x00, 0x00, 0x00, 0x00, 0x00, 0x00, 0x00, 0x00, 0x00, 0x00, 0x00, 0x00,
    0x00, 0x00, 0x00, 0x00, 0x00, 0x00, 0x00, 0x00, 0x00, 0x00, 0x00, 0x00, 0x00, 0x00, 0x00, 0x00,
    0x00, 0x00, 0x00, 0x00, 0x00, 0x00, 0x00, 0x00, 0x00, 0x00, 0x00, 0x00, 0x00, 0x00, 0x00, 0x00,
    0x00, 0x00, 0x00, 0x00, 0x00, 0x00, 0x00, 0x00, 0x00, 0x00, 0x00, 0x00, 0x00, 0x00, 0x00, 0x00,
    0x00, 0x00, 0x00, 0x00, 0x00, 0x00, 0x00, 0x00, 0x00, 0x00, 0x00, 0x00, 0x00, 0x00, 0x00, 0x00,
    0x00, 0x00, 0x00, 0x00, 0x00, 0x00, 0x00, 0x00, 0x00, 0x00, 0x00, 0x00, 0x00, 0x00, 0x00, 0x00,
    0x00, 0x00, 0x00, 0x00, 0x00, 0x00, 0x00, 0x00, 0x00, 0x00, 0x00, 0x00, 0x00, 0x00, 0x00, 0x00,
    0x00, 0x00, 0x00, 0x00, 0x00, 0x00, 0x00, 0x00, 0x00, 0x00, 0x00, 0x00, 0x00, 0x00, 0x00, 0x00,
    0x00, 0x00, 0x00, 0x00, 0x00, 0x00, 0x00, 0x00, 0x00, 0x00, 0x00, 0x00, 0x00, 0x00, 0x00, 0x00,
    0x00, 0x00, 0x00, 0x00, 0x00, 0x00, 0x00, 0x00, 0x00, 0x00, 0x00, 0x00, 0x00, 0x00, 0x00, 0x00,
    0x00, 0x00, 0x00, 0x00, 0x00, 0x00, 0x00, 0x00, 0x00, 0x00, 0x00, 0x00, 0x00, 0x00, 0x00, 0x00,
    0x00, 0x00, 0x00, 0x00, 0x00, 0x00, 0x00, 0x00, 0x00, 0x00, 0x00, 0x00, 0x00, 0x00, 0x00, 0x00,
    0x00, 0x00, 0x00, 0x00, 0x00, 0x00, 0x00, 0x00, 0x00, 0x00, 0x00, 0x00, 0x00, 0x00, 0x00, 0x00,
    0x00, 0x00, 0x00, 0x00, 0x00, 0x00, 0x00, 0x00, 0x00, 0x00, 0x00, 0x00, 0x00, 0x00, 0x00, 0x00,
    0x00, 0x00, 0x00, 0x00, 0x00, 0x00, 0x00, 0x00, 0x00, 0x00, 0x00, 0x00, 0x00, 0x00, 0x00, 0x00,
    0x00, 0x00, 0x00, 0x00, 0x00, 0x00, 0x00, 0x00, 0x00, 0x00, 0x00, 0x00, 0x00, 0x00, 0x00, 0x00,
    0x00, 0x00, 0x00, 0x00, 0x00, 0x00, 0x00, 0x00, 0x00, 0x00, 0x00, 0x00, 0x00, 0x00, 0x00, 0x00,
    0x00, 0x00, 0x00, 0x00, 0x00, 0x00, 0x00, 0x00, 0x00, 0x00, 0x00, 0x00, 0x00, 0x00, 0x00, 0x00,
    0x00, 0x00, 0x00, 0x00, 0x00, 0x00, 0x00, 0x00, 0x00, 0x00, 0x00, 0x00, 0x00, 0x00, 0x00, 0x00,
    0x00, 0x00, 0x00, 0x00, 0x00, 0x00, 0x00, 0x00, 0x00, 0x00, 0x00, 0x00, 0x00, 0x00, 0x00, 0x00,
    0x00, 0x00, 0x00, 0x00, 0x00, 0x00, 0x00, 0x00, 0x00, 0x00, 0x00, 0x00, 0x00, 0x00, 0x00, 0x00,
    0x00, 0x00, 0x00, 0x00, 0x00, 0x00, 0x00, 0x00, 0x00, 0x00, 0x00, 0x00, 0x00, 0x00, 0x00, 0x00,
    0x00, 0x00, 0x00, 0x00, 0x00, 0x00, 0x00, 0x00, 0x00, 0x00, 0x00, 0x00, 0x00, 0x00, 0x00, 0x00,
    0x00, 0x00, 0x00, 0x00, 0x00, 0x00, 0x00, 0x00, 0x00, 0x00, 0x00, 0x00, 0x00, 0x00, 0x00, 0x00,
    0x00, 0x00, 0x00, 0x00, 0x00, 0x00, 0x00, 0x00, 0x00, 0x00, 0x00, 0x00, 0x00, 0x00, 0x00, 0x00,
    0x00, 0x00, 0x00, 0x00, 0x00, 0x00, 0x00, 0x00, 0x00, 0x00, 0x00, 0x00, 0x00, 0x00, 0x00, 0x00,
    0x00, 0x00, 0x00, 0x00, 0x00, 0x00, 0x00, 0x00, 0x00, 0x00, 0x00, 0x00, 0x00, 0x00, 0x00, 0x00,
    0x00, 0x00, 0x00, 0x00, 0x00, 0x00, 0x00, 0x00, 0x00, 0x00, 0x00, 0x00, 0x00, 0x00, 0x00, 0x00,
    0x00, 0x00, 0x00, 0x00, 0x00, 0x00, 0x00, 0x00, 0x00, 0x00, 0x00, 0x00, 0x00, 0x00, 0x00, 0x00,
    0x00, 0x00, 0x00, 0x00, 0x00, 0x00, 0x00, 0x00, 0x00, 0x00, 0x00, 0x00, 0x00, 0x00, 0x00, 0x00,
    0x00, 0x00, 0x00, 0x00, 0x00, 0x00, 0x00, 0x00, 0x00, 0x00, 0x00, 0x00, 0x00, 0x00, 0x00, 0x00,
    0x00, 0x00, 0x00, 0x00, 0x00, 0x00, 0x00, 0x00, 0x00, 0x00, 0x00, 0x00, 0x00, 0x00, 0x00, 0x00,
    0x00, 0x00, 0x00, 0x00, 0x00, 0x00, 0x00, 0x00, 0x00, 0x00, 0x00, 0x00, 0x00, 0x00, 0x00, 0x00,
    0x00, 0x00, 0x00, 0x00, 0x00, 0x00, 0x00, 0x00, 0x00, 0x00, 0x00, 0x00, 0x00, 0x00, 0x00, 0x00,
    0x00, 0x00, 0x00, 0x00, 0x00, 0x00, 0x00, 0x00, 0x00, 0x00, 0x00, 0x00, 0x00, 0x00, 0x00, 0x00,
    0x00, 0x00, 0x00, 0x00, 0x00, 0x00, 0x00, 0x00, 0x00, 0x00, 0x00, 0x00, 0x00, 0x00, 0x00, 0x00,
    0x00, 0x00, 0x00, 0x00, 0x00, 0x00, 0x00, 0x00, 0x00, 0x00, 0x00, 0x00, 0x00, 0x00, 0x00, 0x00,
    0x00, 0x00, 0x00, 0x00, 0x00, 0x00, 0x00, 0x00, 0x00, 0x00, 0x00, 0x00, 0x00, 0x00, 0x00, 0x00,
    0x00, 0x00, 0x00, 0x00, 0x00, 0x00, 0x00, 0x00, 0x00, 0x00, 0x00, 0x00, 0x00, 0x00, 0x00, 0x00,
    0x00, 0x00, 0x00, 0x00, 0x00, 0x00, 0x00, 0x00, 0x00, 0x00, 0x00, 0x00, 0x00, 0x00, 0x00, 0x00,
    0xd8, 0x21, 0x06, 0xff, 0x2c, 0x41, 0x10, 0x98, 0x40, 0x00, 0x00, 0x28, 0x00, 0x98, 0x42, 0x18,
    0x10, 0x28, 0x00, 0x47, 0xd2, 0x10, 0x00, 0x10, 0x00, 0x00, 0x00, 0x00, 0x00, 0x00, 0x00, 0x00,
    0x00, 0x00, 0x00, 0x00, 0x00, 0x00, 0x00, 0x00, 0x00, 0x00, 0x00, 0x00, 0x00, 0x00, 0x00, 0x00,
    0x00, 0x00, 0x00, 0x00, 0x00, 0x00, 0x00, 0x00, 0x00, 0x00, 0x00, 0x00, 0x00, 0x00, 0x00, 0x00,
    0x00, 0x00, 0x00, 0x00, 0x00, 0x00, 0x00, 0x00, 0x00, 0x00, 0x00, 0x00, 0x00, 0x00, 0x00, 0x00,
    0x00, 0x00, 0x00, 0x00, 0x00, 0x00, 0x00, 0x00, 0x00, 0x00, 0x00, 0x00, 0x00, 0x00, 0x00, 0x00,
    0x00, 0x00, 0x00, 0x00, 0x00, 0x00, 0x00, 0x00, 0x00, 0x00, 0x00, 0x00, 0x00, 0x00, 0x00, 0x00,
    0x00, 0x00, 0x00, 0x00, 0x00, 0x00, 0x00, 0x00, 0x00, 0x00, 0x00, 0x00, 0x00, 0x00, 0x00, 0x00,
    0x00, 0x00, 0x00, 0x00, 0x00, 0x00, 0x00, 0x00, 0x00, 0x00, 0x00, 0x00, 0x00, 0x00, 0x00, 0x00,
    0x00, 0x00, 0x00, 0x00, 0x00, 0x00, 0x00, 0x00, 0x00, 0x00, 0x00, 0x00, 0x00, 0x00, 0x00, 0x00,
    0x00, 0x00, 0x00, 0x00, 0x00, 0x00, 0x00, 0x00, 0x00, 0x00, 0x00, 0x00, 0x00, 0x00, 0x00, 0x00,
    0x00, 0x00, 0x00, 0x00, 0x00, 0x00, 0x00, 0x00, 0x00, 0x00, 0x00, 0x00, 0x00, 0x00, 0x00, 0x00,
    0x00, 0x00, 0x00, 0x00, 0x00, 0x00, 0x00, 0x00, 0x00, 0x00, 0x00, 0x00, 0x00, 0x00, 0x00, 0x00,
    0x00, 0x00, 0x00, 0x00, 0x00, 0x00, 0x00, 0x00, 0x00, 0x00, 0x00, 0x00, 0x00, 0x00, 0x00, 0x00,
    0x00, 0x00, 0x00, 0x00, 0x00, 0x00, 0x00, 0x00, 0x00, 0x00, 0x00, 0x00, 0x00, 0x00, 0x00, 0x00,
    0x00, 0x00, 0x00, 0x00, 0x00, 0x00, 0x00, 0x00, 0x00, 0x00, 0x00, 0x00, 0x00, 0x00, 0x00, 0x00,
    0x00, 0x00, 0x00, 0x00, 0x00, 0x00, 0x00, 0x00, 0x00, 0x00, 0x00, 0x00, 0x00, 0x00, 0x00, 0x00,
    0x00, 0x00, 0x00, 0x00, 0x00, 0x00, 0x00, 0x00, 0x00, 0x00, 0x00, 0x00, 0x00, 0x00, 0x00, 0x00,
    0x00, 0x00, 0x00, 0x00, 0x00, 0x00, 0x00, 0x00, 0x00, 0x00, 0x00, 0x00, 0x00, 0x00, 0x00, 0x00,
    0x00, 0x00, 0x00, 0x00, 0x00, 0x00, 0x00, 0x00, 0x00, 0x00, 0x00, 0x00, 0x00, 0x00, 0x00, 0x00,
    0x00, 0x00, 0x00, 0x00, 0x00, 0x00, 0x00, 0x00, 0x00, 0x00, 0x00, 0x00, 0x00, 0x00, 0x00, 0x00,
    0x00, 0x00, 0x00, 0x00, 0x00, 0x00, 0x00, 0x00, 0x00, 0x00, 0x00, 0x00, 0x00, 0x00, 0x00, 0x00,
    0x00, 0x00, 0x00, 0x00, 0x00, 0x00, 0x00, 0x00, 0x00, 0x00, 0x00, 0x00, 0x00, 0x00, 0x00, 0x00,
    0x00, 0x00, 0x00, 0x00, 0x00, 0x00, 0x00, 0x00, 0x00, 0x00, 0x00, 0x00, 0x00, 0x00, 0x00, 0x00,
    0x00, 0x00, 0x00, 0x00, 0x00, 0x00, 0x00, 0x00, 0x00, 0x00, 0x00, 0x00, 0x00, 0x00, 0x00, 0x00,
    0x00, 0x00, 0x00, 0x00, 0x00, 0x00, 0x00, 0x00, 0x00, 0x00, 0x00, 0x00, 0x00, 0x00, 0x00, 0x00,
    0x00, 0x00, 0x00, 0x00, 0x00, 0x00, 0x00, 0x00, 0x00, 0x00, 0x00, 0x00, 0x00, 0x00, 0x00, 0x00,
    0x00, 0x00, 0x00, 0x00, 0x00, 0x00, 0x00, 0x00, 0x00, 0x00, 0x00, 0x00, 0x00, 0x00, 0x00, 0x00,
    0x00, 0x00, 0x00, 0x00, 0x00, 0x00, 0x00, 0x00, 0x00, 0x00, 0x00, 0x00, 0x00, 0x00, 0x00, 0x00,
    0x00, 0x00, 0x00, 0x00, 0x00, 0x00, 0x00, 0x00, 0x00, 0x00, 0x00, 0x00, 0x00, 0x00, 0x00, 0x00,
    0x00, 0x00, 0x00, 0x00, 0x00, 0x00, 0x00, 0x00, 0x00, 0x00, 0x00, 0x00, 0x00, 0x00, 0x00, 0x00,
    0x00, 0x00, 0x00, 0x00, 0x00, 0x00, 0x00, 0x00, 0x00, 0x00, 0x00, 0x00, 0x00, 0x00, 0x00, 0x00,
    0x00, 0x00, 0x00, 0x00, 0x00, 0x00, 0x00, 0x00, 0x00, 0x00, 0x00, 0x00, 0x00, 0x00, 0x00, 0x00,
    0x00, 0x00, 0x00, 0x00, 0x00, 0x00, 0x00, 0x00, 0x00, 0x00, 0x00, 0x00, 0x00, 0x00, 0x00, 0x00,
    0x00, 0x00, 0x00, 0x00, 0x00, 0x00, 0x00, 0x00, 0x00, 0x00, 0x00, 0x00, 0x00, 0x00, 0x00, 0x00,
    0x00, 0x00, 0x00, 0x00, 0x00, 0x00, 0x00, 0x00, 0x00, 0x00, 0x00, 0x00, 0x00, 0x00, 0x00, 0x00,
    0x00, 0x00, 0x00, 0x00, 0x00, 0x00, 0x00, 0x00, 0x00, 0x00, 0x00, 0x00, 0x00, 0x00, 0x00, 0x00,
    0x00, 0x00, 0x00, 0x00, 0x00, 0x00, 0x00, 0x00, 0x00, 0x00, 0x00, 0x00, 0x00, 0x00, 0x00, 0x00,
    0x00, 0x00, 0x00, 0x00, 0x00, 0x00, 0x00, 0x00, 0x00, 0x00, 0x00, 0x00, 0x00, 0x00, 0x00, 0x00,
    0x00, 0x00, 0x00, 0x00, 0x00, 0x00, 0x00, 0x00, 0x00, 0x00, 0x00, 0x00, 0x00, 0x00, 0x00, 0x00,
    0x00, 0x00, 0x00, 0x00, 0x00, 0x00, 0x00, 0x00, 0x00, 0x00, 0x00, 0x00, 0x00, 0x00, 0x00, 0x00,
    0x00, 0x00, 0x00, 0x00, 0x00, 0x00, 0x00, 0x00, 0x00, 0x00, 0x00, 0x00, 0x00, 0x00, 0x00, 0x00,
    0x00, 0x00, 0x00, 0x00, 0x00, 0x00, 0x00, 0x00, 0x00, 0x00, 0x00, 0x00, 0x00, 0x00, 0x00, 0x00,
    0x00, 0x00, 0x00, 0x00, 0x00, 0x00, 0x00, 0x00, 0x00, 0x00, 0x00, 0x00, 0x00, 0x00, 0x00, 0x00,
    0x00, 0x00, 0x00, 0x00, 0x00, 0x00, 0x00, 0x00, 0x00, 0x00, 0x00, 0x00, 0x00, 0x00, 0x00, 0x00,
    0x00, 0x00, 0x00, 0x00, 0x00, 0x00, 0x00, 0x00, 0x00, 0x00, 0x00, 0x00, 0x00, 0x00, 0x00, 0x00,
    0x00, 0x00, 0x00, 0x00, 0x00, 0x00, 0x00, 0x00, 0x00, 0x00, 0x00, 0x00, 0x00, 0x00, 0x00, 0x00,
    0x00, 0x00, 0x00, 0x00, 0x00, 0x00, 0x00, 0x00, 0x00, 0x00, 0x00, 0x00, 0x00, 0x00, 0x00, 0x00,
    0xd8, 0x21, 0x06, 0xff, 0x2c, 0x41, 0x10, 0x98, 0x40, 0x00, 0x00, 0x28, 0x00, 0x98, 0x42, 0x49,
    0x10, 0x28, 0x00, 0x47, 0xd2, 0x10, 0x00, 0x10, 0xa8, 0x40, 0x04, 0x00, 0x00, 0x00, 0x2c, 0x41,
    0x00, 0xa8, 0x40, 0x02, 0x00, 0x00, 0x00, 0x2c, 0x41, 0x20, 0x2c, 0x61, 0x30, 0x2c, 0x81, 0x08,
    0x2c, 0xa1, 0x28, 0x2c, 0xc1, 0x18, 0x2c, 0xe1, 0x38, 0x2d, 0x01, 0x04, 0x2d, 0x21, 0x24, 0x2d,
    0x41, 0x14, 0x2d, 0x61, 0x34, 0x2d, 0x81, 0x0c, 0x2d, 0xa1, 0x2c, 0x2d, 0xc1, 0x1c, 0x2d, 0xe1,
    0x3c, 0x2e, 0x01, 0x02, 0x2e, 0x21, 0x22, 0x2e, 0x41, 0x12, 0x2e, 0x61, 0x32, 0x2e, 0x81, 0x0a,
    0x2e, 0xa1, 0x2a, 0x2e, 0xc1, 0x1a, 0x2e, 0xe1, 0x3a, 0x2f, 0x01, 0x06, 0x2f, 0x21, 0x26, 0x2f,
    0x41, 0x16, 0x2f, 0x61, 0x36, 0x2f, 0x81, 0x0e, 0x2f, 0xa1, 0x2e, 0x2f, 0xc1, 0x1e, 0x2f, 0xe1,
    0x3e, 0x99, 0x20, 0x00, 0x00, 0x28, 0x00, 0x99, 0x29, 0x30, 0x90, 0x28, 0x00, 0x46, 0xce, 0xe0,
    0x00, 0x10, 0xa8, 0x40, 0x04, 0x00, 0x00, 0x00, 0x2c, 0x41, 0x00, 0xa8, 0x40, 0x02, 0x00, 0x00,
    0x00, 0x2c, 0x41, 0x20, 0x2c, 0x61, 0x30, 0x2c, 0x81, 0x08, 0x2c, 0xa1, 0x28, 0x2c, 0xc1, 0x18,
    0x2c, 0xe1, 0x38, 0x2d, 0x01, 0x04, 0x2d, 0x21, 0x24, 0x2d, 0x41, 0x14, 0x2d, 0x61, 0x34, 0x2d,
    0x81, 0x0c, 0x2d, 0xa1, 0x2c, 0x2d, 0xc1, 0x1c, 0x2d, 0xe1, 0x3c, 0x2e, 0x01, 0x02, 0x2e, 0x21,
    0x22, 0x2e, 0x41, 0x12, 0x2e, 0x61, 0x32, 0x2e, 0x81, 0x0a, 0x2e, 0xa1, 0x2a, 0x2e, 0xc1, 0x1a,
    0x2e, 0xe1, 0x3a, 0x2f, 0x01, 0x06, 0x2f, 0x21, 0x26, 0x2f, 0x41, 0x16, 0x2f, 0x61, 0x36, 0x2f,
    0x81, 0x0e, 0x2f, 0xa1, 0x2e, 0x2f, 0xc1, 0x1e, 0x2f, 0xe1, 0x3e, 0x99, 0x20, 0x00, 0x00, 0x28,
    0x00, 0x99, 0x29, 0x30, 0x90, 0x28, 0x00, 0x46, 0x4a, 0xd0, 0x00, 0x10, 0x2c, 0x41, 0x40, 0xa8,
    0x40, 0x04, 0x00, 0x00, 0x01, 0x2c, 0x41, 0x60, 0xa8, 0x40, 0x02, 0x00, 0x00, 0x01, 0x2c, 0x41,
    0x50, 0x2c, 0x61, 0x70, 0x2c, 0x81, 0x48, 0x2c, 0xa1, 0x68, 0x2c, 0xc1, 0x58, 0x2c, 0xe1, 0x78,
    0x2d, 0x01, 0x44, 0x2d, 0x21, 0x64, 0x2d, 0x41, 0x54, 0x2d, 0x61, 0x74, 0x2d, 0x81, 0x4c, 0x2d,
    0xa1, 0x6c, 0x2d, 0xc1, 0x5c, 0x2d, 0xe1, 0x7c, 0x2e, 0x01, 0x42, 0x2e, 0x21, 0x62, 0x2e, 0x41,
    0x52, 0x2e, 0x61, 0x72, 0x2e, 0x81, 0x4a, 0x2e, 0xa1, 0x6a, 0x2e, 0xc1, 0x5a, 0x2e, 0xe1, 0x7a,
    0x2f, 0x01, 0x46, 0x2f, 0x21, 0x66, 0x2f, 0x41, 0x56, 0x2f, 0x61, 0x76, 0x2f, 0x81, 0x4e, 0x2f,
    0xa1, 0x6e, 0x2f, 0xc1, 0x5e, 0x2f, 0xe1, 0x7e, 0xd8, 0x21, 0x05, 0x00, 0x04, 0x00, 0x00, 0x10,
    0x00, 0x00, 0x00, 0x00, 0x00, 0x00, 0x00, 0x00, 0x00, 0x00, 0x00, 0x00, 0x00, 0x00, 0x00, 0x00,
    0x00, 0x00, 0x00, 0x00, 0x00, 0x00, 0x00, 0x00, 0x00, 0x00, 0x00, 0x00, 0x00, 0x00, 0x00, 0x00,
    0x00, 0x00, 0x00, 0x00, 0x00, 0x00, 0x00, 0x00, 0x00, 0x00, 0x00, 0x00, 0x00, 0x00, 0x00, 0x00,
    0x00, 0x00, 0x00, 0x00, 0x00, 0x00, 0x00, 0x00, 0x00, 0x00, 0x00, 0x00, 0x00, 0x00, 0x00, 0x00,
    0x00, 0x00, 0x00, 0x00, 0x00, 0x00, 0x00, 0x00, 0x00, 0x00, 0x00, 0x00, 0x00, 0x00, 0x00, 0x00,
    0x00, 0x00, 0x00, 0x00, 0x00, 0x00, 0x00, 0x00, 0x00, 0x00, 0x00, 0x00, 0x00, 0x00, 0x00, 0x00,
    0x00, 0x00, 0x00, 0x00, 0x00, 0x00, 0x00, 0x00, 0x00, 0x00, 0x00, 0x00, 0x00, 0x00, 0x00, 0x00,
    0x00, 0x00, 0x00, 0x00, 0x00, 0x00, 0x00, 0x00, 0x00, 0x00, 0x00, 0x00, 0x00, 0x00, 0x00, 0x00,
    0x00, 0x00, 0x00, 0x00, 0x00, 0x00, 0x00, 0x00, 0x00, 0x00, 0x00, 0x00, 0x00, 0x00, 0x00, 0x00,
    0x00, 0x00, 0x00, 0x00, 0x00, 0x00, 0x00, 0x00, 0x00, 0x00, 0x00, 0x00, 0x00, 0x00, 0x00, 0x00,
    0x00, 0x00, 0x00, 0x00, 0x00, 0x00, 0x00, 0x00, 0x00, 0x00, 0x00, 0x00, 0x00, 0x00, 0x00, 0x00,
    0x00, 0x00, 0x00, 0x00, 0x00, 0x00, 0x00, 0x00, 0x00, 0x00, 0x00, 0x00, 0x00, 0x00, 0x00, 0x00,
    0x00, 0x00, 0x00, 0x00, 0x00, 0x00, 0x00, 0x00, 0x00, 0x00, 0x00, 0x00, 0x00, 0x00, 0x00, 0x00,
    0x00, 0x00, 0x00, 0x00, 0x00, 0x00, 0x00, 0x00, 0x00, 0x00, 0x00, 0x00, 0x00, 0x00, 0x00, 0x00,
    0x00, 0x00, 0x00, 0x00, 0x00, 0x00, 0x00, 0x00, 0x00, 0x00, 0x00, 0x00, 0x00, 0x00, 0x00, 0x00,
    0x00, 0x00, 0x00, 0x00, 0x00, 0x00, 0x00, 0x00, 0x00, 0x00, 0x00, 0x00, 0x00, 0x00, 0x00, 0x00,
    0x00, 0x00, 0x00, 0x00, 0x00, 0x00, 0x00, 0x00, 0x00, 0x00, 0x00, 0x00, 0x00, 0x00, 0x00, 0x00,
    0x00, 0x00, 0x00, 0x00, 0x00, 0x00, 0x00, 0x00, 0x00, 0x00, 0x00, 0x00, 0x00, 0x00, 0x00, 0x00,
    0x00, 0x00, 0x00, 0x00, 0x00, 0x00, 0x00, 0x00, 0x00, 0x00, 0x00, 0x00, 0x00, 0x00, 0x00, 0x00,
    0x00, 0x00, 0x00, 0x00, 0x00, 0x00, 0x00, 0x00, 0x00, 0x00, 0x00, 0x00, 0x00, 0x00, 0x00, 0x00,
    0x00, 0x00, 0x00, 0x00, 0x00, 0x00, 0x00, 0x00, 0x00, 0x00, 0x00, 0x00, 0x00, 0x00, 0x00, 0x00,
    0x00, 0x00, 0x00, 0x00, 0x00, 0x00, 0x00, 0x00, 0x00, 0x00, 0x00, 0x00, 0x00, 0x00, 0x00, 0x00,
    0x00, 0x00, 0x00, 0x00, 0x00, 0x00, 0x00, 0x00, 0x00, 0x00, 0x00, 0x00, 0x00, 0x00, 0x00, 0x00,
    0x00, 0x00, 0x00, 0x00, 0x00, 0x00, 0x00, 0x00, 0x00, 0x00, 0x00, 0x00, 0x00, 0x00, 0x00, 0x00,
    0x00, 0x00, 0x00, 0x00, 0x00, 0x00, 0x00, 0x00, 0x00, 0x00, 0x00, 0x00, 0x00, 0x00, 0x00, 0x00,
    0x00, 0x00, 0x00, 0x00, 0x00, 0x00, 0x00, 0x00, 0x00, 0x00, 0x00, 0x00, 0x00, 0x00, 0x00, 0x00,
    0x00, 0x00, 0x00, 0x00, 0x00, 0x00, 0x00, 0x00, 0x00, 0x00, 0x00, 0x00, 0x00, 0x00, 0x00, 0x00,
    0x00, 0x00, 0x00, 0x00, 0x00, 0x00, 0x00, 0x00, 0x00, 0x00, 0x00, 0x00, 0x00, 0x00, 0x00, 0x00,
    0x00, 0x00, 0x00, 0x00, 0x00, 0x00, 0x00, 0x00, 0x00, 0x00, 0x00, 0x00, 0x00, 0x00, 0x00, 0x00,
    0x00, 0x00, 0x00, 0x00, 0x00, 0x00, 0x00, 0x00, 0x00, 0x00, 0x00, 0x00, 0x00, 0x00, 0x00, 0x00,
    0x00, 0x00, 0x00, 0x00, 0x00, 0x00, 0x00, 0x00, 0x00, 0x00, 0x00, 0x00, 0x00, 0x00, 0x00, 0x00,
    0x00, 0x00, 0x00, 0x00, 0x00, 0x00, 0x00, 0x00, 0x00, 0x00, 0x00, 0x00, 0x00, 0x00, 0x00, 0x00,
    0x00, 0x00, 0x00, 0x00, 0x00, 0x00, 0x00, 0x00, 0x00, 0x00, 0x00, 0x00, 0x00, 0x00, 0x00, 0x00,
    0x00, 0x00, 0x00, 0x00, 0x00, 0x00, 0x00, 0x00, 0x00, 0x00, 0x00, 0x00, 0x00, 0x00, 0x00, 0x00,
    0x00, 0x00, 0x00, 0x00, 0x00, 0x00, 0x00, 0x00, 0x00, 0x00, 0x00, 0x00, 0x00, 0x00, 0x00, 0x00,
    0x00, 0x00, 0x00, 0x00, 0x00, 0x00, 0x00, 0x00, 0x00, 0x00, 0x00, 0x00, 0x00, 0x00, 0x00, 0x00,
    0x00, 0x00, 0x00, 0x00, 0x00, 0x00, 0x00, 0x00, 0x00, 0x00, 0x00, 0x00, 0x00, 0x00, 0x00, 0x00,
    0x00, 0x00, 0x00, 0x00, 0x00, 0x00, 0x00, 0x00, 0x00, 0x00, 0x00, 0x00, 0x00, 0x00, 0x00, 0x00,
    0x00, 0x00, 0x00, 0x00, 0x00, 0x00, 0x00, 0x00, 0x00, 0x00, 0x00, 0x00, 0x00, 0x00, 0x00, 0x00,
    0x00, 0x00, 0x00, 0x00, 0x00, 0x00, 0x00, 0x00, 0x00, 0x00, 0x00, 0x00, 0x00, 0x00, 0x00, 0x00,
    0x00, 0x00, 0x00, 0x00, 0x00, 0x00, 0x00, 0x00, 0x00, 0x00, 0x00, 0x00, 0x00, 0x00, 0x00, 0x00,
    0x00, 0x00, 0x00, 0x00, 0x00, 0x00, 0x00, 0x00, 0x00, 0x00, 0x00, 0x00, 0x00, 0x00, 0x00, 0x00,
    0x00, 0x00, 0x00, 0x00, 0x00, 0x00, 0x00, 0x00, 0x00, 0x00, 0x00, 0x00, 0x00, 0x00, 0x00, 0x00,
    0x00, 0x00, 0x00, 0x00, 0x00, 0x00, 0x00, 0x00, 0x00, 0x00, 0x00, 0x00, 0x00, 0x00, 0x00, 0x00,
    0x00, 0x00, 0x00, 0x00, 0x00, 0x00, 0x00, 0x00, 0x00, 0x00, 0x00, 0x00, 0x00, 0x00, 0x00, 0x00,
    0x00, 0x00, 0x00, 0x00, 0x00, 0x00, 0x00, 0x00, 0x00, 0x00, 0x00, 0x00, 0x00, 0x00, 0x00, 0x00,
    0x00, 0x00, 0x00, 0x00, 0x00, 0x00, 0x00, 0x00, 0x00, 0x00, 0x00, 0x00, 0x00, 0x00, 0x00, 0x00,
    0x00, 0x00, 0x00, 0x00, 0x00, 0x00, 0x00, 0x00, 0x00, 0x00, 0x00, 0x00, 0x00, 0x00, 0x00, 0x00,
    0x00, 0x00, 0x00, 0x00, 0x00, 0x00, 0x00, 0x00, 0x00, 0x00, 0x00, 0x00, 0x00, 0x00, 0x00, 0x00,
    0x00, 0x00, 0x00, 0x00, 0x00, 0x00, 0x00, 0x00, 0x00, 0x00, 0x00, 0x00, 0x00, 0x00, 0x00, 0x00,
    0x00, 0x00, 0x00, 0x00, 0x00, 0x00, 0x00, 0x00, 0x00, 0x00, 0x00, 0x00, 0x00, 0x00, 0x00, 0x00,
    0x00, 0x00, 0x00, 0x00, 0x00, 0x00, 0x00, 0x00, 0x00, 0x00, 0x00, 0x00, 0x00, 0x00, 0x00, 0x00,
    0x00, 0x00, 0x00, 0x00, 0x00, 0x00, 0x00, 0x00, 0x00, 0x00, 0x00, 0x00, 0x00, 0x00, 0x00, 0x00,
    0x00, 0x00, 0x00, 0x00, 0x00, 0x00, 0x00, 0x00, 0x00, 0x00, 0x00, 0x00, 0x00, 0x00, 0x00, 0x00,
    0x00, 0x00, 0x00, 0x00, 0x00, 0x00, 0x00, 0x00, 0x00, 0x00, 0x00, 0x00, 0x00, 0x00, 0x00, 0x00,
    0x00, 0x00, 0x00, 0x00, 0x00, 0x00, 0x00, 0x00, 0x00, 0x00, 0x00, 0x00, 0x00, 0x00, 0x00, 0x00,
    0x00, 0x00, 0x00, 0x00, 0x00, 0x00, 0x00, 0x00, 0x00, 0x00, 0x00, 0x00, 0x00, 0x00, 0x00, 0x00,
    0x00, 0x00, 0x00, 0x00, 0x00, 0x00, 0x00, 0x00, 0x00, 0x00, 0x00, 0x00, 0x00, 0x00, 0x00, 0x00,
    0x00, 0x00, 0x00, 0x00, 0x00, 0x00, 0x00, 0x00, 0x00, 0x00, 0x00, 0x00, 0x00, 0x00, 0x00, 0x00,
    0x00, 0x00, 0x00, 0x00, 0x00, 0x00, 0x00, 0x00, 0x00, 0x00, 0x00, 0x00, 0x00, 0x00, 0x00, 0x00,
    0x00, 0x00, 0x00, 0x00, 0x00, 0x00, 0x00, 0x00, 0x00, 0x00, 0x00, 0x00, 0x00, 0x00, 0x00, 0x00,
    0x00, 0x00, 0x00, 0x00, 0x00, 0x00, 0x00, 0x00, 0x00, 0x00, 0x00, 0x00, 0x00, 0x00, 0x00, 0x00,
    0x00, 0x00, 0x00, 0x00, 0x00, 0x00, 0x00, 0x00, 0x00, 0x00, 0x00, 0x00, 0x00, 0x00, 0x00, 0x00,
    0x00, 0x00, 0x00, 0x00, 0x00, 0x00, 0x00, 0x00, 0x00, 0x00, 0x00, 0x00, 0x00, 0x00, 0x00, 0x00,
    0x00, 0x00, 0x00, 0x00, 0x00, 0x00, 0x00, 0x00, 0x00, 0x00, 0x00, 0x00, 0x00, 0x00, 0x00, 0x00,
    0x00, 0x00, 0x00, 0x00, 0x00, 0x00, 0x00, 0x00, 0x00, 0x00, 0x00, 0x00, 0x00, 0x00, 0x00, 0x00,
    0x00, 0x00, 0x00, 0x00, 0x00, 0x00, 0x00, 0x00, 0x00, 0x00, 0x00, 0x00, 0x00, 0x00, 0x00, 0x00,
    0x00, 0x00, 0x00, 0x00, 0x00, 0x00, 0x00, 0x00, 0x00, 0x00, 0x00, 0x00, 0x00, 0x00, 0x00, 0x00,
    0x00, 0x00, 0x00, 0x00, 0x00, 0x00, 0x00, 0x00, 0x00, 0x00, 0x00, 0x00, 0x00, 0x00, 0x00, 0x00,
    0x00, 0x00, 0x00, 0x00, 0x00, 0x00, 0x00, 0x00, 0x00, 0x00, 0x00, 0x00, 0x00, 0x00, 0x00, 0x00,
    0x00, 0x00, 0x00, 0x00, 0x00, 0x00, 0x00, 0x00, 0x00, 0x00, 0x00, 0x00, 0x00, 0x00, 0x00, 0x00,
    0x00, 0x00, 0x00, 0x00, 0x00, 0x00, 0x00, 0x00, 0x00, 0x00, 0x00, 0x00, 0x00, 0x00, 0x00, 0x00,
    0x00, 0x00, 0x00, 0x00, 0x00, 0x00, 0x00, 0x00, 0x00, 0x00, 0x00, 0x00, 0x00, 0x00, 0x00, 0x00,
    0x00, 0x00, 0x00, 0x00, 0x00, 0x00, 0x00, 0x00, 0x00, 0x00, 0x00, 0x00, 0x00, 0x00, 0x00, 0x00,
    0x00, 0x00, 0x00, 0x00, 0x00, 0x00, 0x00, 0x00, 0x00, 0x00, 0x00, 0x00, 0x00, 0x00, 0x00, 0x00,
    0x00, 0x00, 0x00, 0x00, 0x00, 0x00, 0x00, 0x00, 0x00, 0x00, 0x00, 0x00, 0x00, 0x00, 0x00, 0x00,
    0x00, 0x00, 0x00, 0x00, 0x00, 0x00, 0x00, 0x00, 0x00, 0x00, 0x00, 0x00, 0x00, 0x00, 0x00, 0x00,
    0x00, 0x00, 0x00, 0x00, 0x00, 0x00, 0x00, 0x00, 0x00, 0x00, 0x00, 0x00, 0x00, 0x00, 0x00, 0x00,
    0x00, 0x00, 0x00, 0x00, 0x00, 0x00, 0x00, 0x00, 0x00, 0x00, 0x00, 0x00, 0x00, 0x00, 0x00, 0x00,
    0x00, 0x00, 0x00, 0x00, 0x00, 0x00, 0x00, 0x00, 0x00, 0x00, 0x00, 0x00, 0x00, 0x00, 0x00, 0x00,
    0x00, 0x00, 0x00, 0x00, 0x00, 0x00, 0x00, 0x00, 0x00, 0x00, 0x00, 0x00, 0x00, 0x00, 0x00, 0x00,
    0x00, 0x00, 0x00, 0x00, 0x00, 0x00, 0x00, 0x00, 0x00, 0x00, 0x00, 0x00, 0x00, 0x00, 0x00, 0x00,
    0x00, 0x00, 0x00, 0x00, 0x00, 0x00, 0x00, 0x00, 0x00, 0x00, 0x00, 0x00, 0x00, 0x00, 0x00, 0x00,
    0x00, 0x00, 0x00, 0x00, 0x00, 0x00, 0x00, 0x00, 0x00, 0x00, 0x00, 0x00, 0x00, 0x00, 0x00, 0x00,
    0x00, 0x00, 0x00, 0x00, 0x00, 0x00, 0x00, 0x00, 0x00, 0x00, 0x00, 0x00, 0x00, 0x00, 0x00, 0x00,
    0x00, 0x00, 0x00, 0x00, 0x00, 0x00, 0x00, 0x00, 0x00, 0x00, 0x00, 0x00, 0x00, 0x00, 0x00, 0x00,
    0x00, 0x00, 0x00, 0x00, 0x00, 0x00, 0x00, 0x00, 0x00, 0x00, 0x00, 0x00, 0x00, 0x00, 0x00, 0x00,
    0x00, 0x00, 0x00, 0x00, 0x00, 0x00, 0x00, 0x00, 0x00, 0x00, 0x00, 0x00, 0x00, 0x00, 0x00, 0x00,
    0x00, 0x00, 0x00, 0x00, 0x00, 0x00, 0x00, 0x00, 0x00, 0x00, 0x00, 0x00, 0x00, 0x00, 0x00, 0x00,
    0x00, 0x00, 0x00, 0x00, 0x00, 0x00, 0x00, 0x00, 0x00, 0x00, 0x00, 0x00, 0x00, 0x00, 0x00, 0x00,
    0x00, 0x00, 0x00, 0x00, 0x00, 0x00, 0x00, 0x00, 0x00, 0x00, 0x00, 0x00, 0x00, 0x00, 0x00, 0x00,
    0x00, 0x00, 0x00, 0x00, 0x00, 0x00, 0x00, 0x00, 0x00, 0x00, 0x00, 0x00, 0x00, 0x00, 0x00, 0x00,
    0x00, 0x00, 0x00, 0x00, 0x00, 0x00, 0x00, 0x00, 0x00, 0x00, 0x00, 0x00, 0x00, 0x00, 0x00, 0x00,
    0x00, 0x00, 0x00, 0x00, 0x00, 0x00, 0x00, 0x00, 0x00, 0x00, 0x00, 0x00, 0x00, 0x00, 0x00, 0x00,
    0x00, 0x00, 0x00, 0x00, 0x00, 0x00, 0x00, 0x00, 0x00, 0x00, 0x00, 0x00, 0x00, 0x00, 0x00, 0x00,
    0x00, 0x00, 0x00, 0x00, 0x00, 0x00, 0x00, 0x00, 0x00, 0x00, 0x00, 0x00, 0x00, 0x00, 0x00, 0x00,
    0x00, 0x00, 0x00, 0x00, 0x00, 0x00, 0x00, 0x00, 0x00, 0x00, 0x00, 0x00, 0x00, 0x00, 0x00, 0x00,
    0x00, 0x00, 0x00, 0x00, 0x00, 0x00, 0x00, 0x00, 0x00, 0x00, 0x00, 0x00, 0x00, 0x00, 0x00, 0x00,
    0x00, 0x00, 0x00, 0x00, 0x00, 0x00, 0x00, 0x00, 0x00, 0x00, 0x00, 0x00, 0x00, 0x00, 0x00, 0x00,
    0x00, 0x00, 0x00, 0x00, 0x00, 0x00, 0x00, 0x00, 0x00, 0x00, 0x00, 0x00, 0x00, 0x00, 0x00, 0x00,
    0x00, 0x00, 0x00, 0x00, 0x00, 0x00, 0x00, 0x00, 0x00, 0x00, 0x00, 0x00, 0x00, 0x00, 0x00, 0x00,
    0x00, 0x00, 0x00, 0x00, 0x00, 0x00, 0x00, 0x00, 0x00, 0x00, 0x00, 0x00, 0x00, 0x00, 0x00, 0x00,
    0x00, 0x00, 0x00, 0x00, 0x00, 0x00, 0x00, 0x00, 0x00, 0x00, 0x00, 0x00, 0x00, 0x00, 0x00, 0x00,
    0x00, 0x00, 0x00, 0x00, 0x00, 0x00, 0x00, 0x00, 0x00, 0x00, 0x00, 0x00, 0x00, 0x00, 0x00, 0x00,
    0x00, 0x60, 0x47, 0xd2, 0x48, 0x80, 0x00, 0x8c, 0x20, 0xa8, 0x00, 0x80, 0x00, 0x4c, 0x20, 0xa8,
    0x00, 0x80, 0x00, 0xcc, 0x20, 0xa8, 0x00, 0x80, 0x00, 0x2c, 0x20, 0xa8, 0x00, 0x47, 0xd2, 0x48,
    0x47, 0xa8, 0xc0, 0x84, 0xc0, 0x0c, 0x20, 0xa8, 0x00, 0x41, 0x06, 0x72, 0x30, 0xe0, 0x01, 0x80,
    0xe0, 0x81, 0x44, 0x18, 0x01, 0x2c, 0x01, 0x20, 0x2c, 0xe1, 0x60, 0x38, 0xc0, 0xe3, 0xd3, 0x4e,
    0x66, 0x80, 0x2c, 0xe1, 0x60, 0x00, 0xf8, 0x2c, 0xe1, 0x20, 0x2c, 0xe1, 0x60, 0x38, 0xc0, 0xe3,
    0xd3, 0x0c, 0x74, 0xff, 0x84, 0xe0, 0x81, 0x44, 0x18, 0x01, 0x34, 0xe7, 0xc0, 0x40, 0xc7, 0xb8,
    0x80, 0x00, 0xba, 0xf0, 0xa8, 0x00, 0x98, 0x60, 0xb4, 0x2b, 0x28, 0x00, 0x4b, 0x85, 0x68, 0x00,
    0xe8, 0x80, 0xe0, 0x0c, 0x20, 0xa8, 0x00, 0x47, 0xb8, 0xc0, 0x00, 0xe8, 0x80, 0xe0, 0xba, 0xf0,
    0xa8, 0x00, 0x98, 0x60, 0x38, 0x2b, 0x28, 0x00, 0x4b, 0x59, 0x68, 0x0c, 0x9f, 0x00, 0x31, 0x80,
    0x00, 0x90, 0x44, 0x18, 0x01, 0x84, 0xe0, 0x70, 0x44, 0x18, 0x01, 0x34, 0xe7, 0xfe, 0x80, 0xe0,
    0x70, 0x44, 0x18, 0x01, 0x80, 0x00, 0x34, 0x44, 0x18, 0x01, 0x80, 0x00, 0xac, 0x44, 0x18, 0x01,
    0x80, 0x00, 0xdc, 0x44, 0x18, 0x01, 0x84, 0xe0, 0x80, 0x44, 0x18, 0x01, 0x3e, 0x07, 0x38, 0x38,
    0xe7, 0x20, 0x80, 0xe0, 0x80, 0x44, 0x18, 0x01, 0x38, 0xe0, 0x46, 0x80, 0xe0, 0xcc, 0x44, 0x18,
    0x01, 0x38, 0xe0, 0xa2, 0x80, 0xe0, 0x2c, 0x44, 0x18, 0x01, 0x00, 0xe8, 0x80, 0xe0, 0x94, 0x44,
    0x18, 0x01, 0x30, 0xe0, 0x45, 0x80, 0xe0, 0xe4, 0x44, 0x18, 0x01, 0x30, 0xe0, 0x01, 0x80, 0xe0,
    0x14, 0x44, 0x18, 0x01, 0x2c, 0x01, 0x20, 0x2c, 0xe1, 0x60, 0xd8, 0xc0, 0xf3, 0xe0, 0xd3, 0x4e,
    0x6e, 0x80, 0x2c, 0xe1, 0x60, 0x00, 0xf8, 0x2c, 0xe1, 0x20, 0x2c, 0xe1, 0x60, 0xd8, 0xc0, 0xf3,
    0xe0, 0xd3, 0x0c, 0x78, 0xff, 0x30, 0xe0, 0x1d, 0x80, 0xe0, 0x40, 0x44, 0x18, 0x01, 0x00, 0xe8,
    0x80, 0xe0, 0xe8, 0x44, 0x18, 0x01, 0x00, 0xc4, 0x80, 0xc0, 0x18, 0x44, 0x18, 0x01, 0x80, 0xe0,
    0x98, 0x44, 0x18, 0x01, 0x80, 0xe0, 0x58, 0x44, 0x18, 0x01, 0x80, 0xe0, 0xd8, 0x44, 0x18, 0x01,
    0x80, 0xe0, 0x38, 0x44, 0x18, 0x01, 0x80, 0xe0, 0xb8, 0x44, 0x18, 0x01, 0x80, 0xe0, 0x78, 0x44,
    0x18, 0x01, 0x80, 0xe0, 0xf8, 0x44, 0x18, 0x01, 0x38, 0xe0, 0x86, 0x80, 0xe0, 0xc0, 0x44, 0x18,
    0x01, 0x80, 0xc0, 0xc4, 0x2c, 0x18, 0x01, 0x38, 0xe0, 0x08, 0x80, 0xe0, 0x14, 0x2c, 0x18, 0x01,
    0x80, 0x00, 0x94, 0x2c, 0x18, 0x01, 0x80, 0xc0, 0x46, 0x44, 0x18, 0x01, 0x00, 0xef, 0x80, 0xe0,
    0x88, 0x44, 0x18, 0x01, 0x80, 0xe0, 0x48, 0x44, 0x18, 0x01, 0x80, 0xe0, 0xc8, 0x44, 0x18, 0x01,
    0x80, 0xe0, 0x28, 0x44, 0x18, 0x01, 0x80, 0xe0, 0xa8, 0x44, 0x18, 0x01, 0x80, 0xe0, 0x68, 0x44,
    0x18, 0x01, 0x00, 0xea, 0x80, 0xe0, 0x78, 0x44, 0x18, 0x01, 0x80, 0xe0, 0xf8, 0x44, 0x18, 0x01,
    0x30, 0x21, 0x10, 0xd5, 0x32, 0x79, 0x00, 0x47, 0xac, 0xc0, 0x4a, 0xe4, 0x68, 0x4a, 0x48, 0x68,
    0x84, 0xe0, 0x72, 0x44, 0x18, 0x01, 0x3e, 0x07, 0x39, 0x45, 0x07, 0xc6, 0x98, 0xe0, 0x0c, 0x20,
    0xa8, 0x00, 0x98, 0xc0, 0x0c, 0x1c, 0xa8, 0x00, 0xd3, 0x8e, 0x6c, 0x80, 0x2c, 0x07, 0x00, 0x00,
    0xf2, 0x98, 0xc0, 0x0c, 0x1c, 0xa8, 0x00, 0xd3, 0xcc, 0x7a, 0xff, 0x2c, 0x01, 0x20, 0x2c, 0xe1,
    0x60, 0xd8, 0xc0, 0xf8, 0x72, 0xd3, 0x4e, 0x6e, 0x80, 0x2c, 0xe1, 0x60, 0x00, 0xf8, 0x2c, 0xe1,
    0x20, 0x2c, 0xe1, 0x60, 0xd8, 0xc0, 0xf8, 0x72, 0xd3, 0x0c, 0x78, 0xff, 0x4a, 0x05, 0xff, 0x98,
    0x60, 0x82, 0x2b, 0x28, 0x00, 0x49, 0xec, 0x68, 0x98, 0x60, 0x6e, 0x2b, 0x28, 0x00, 0x4a, 0xac,
    0x68, 0x98, 0x60, 0x55, 0x2b, 0x28, 0x00, 0x48, 0xcc, 0x68, 0x0d, 0xc0, 0x4a, 0x19, 0xff, 0x98,
    0x60, 0x7b, 0x2b, 0x28, 0x00, 0x49, 0xf4, 0x68, 0x4b, 0x83, 0xe8, 0x4b, 0x83, 0xa8, 0x4a, 0x9a,
    0x14, 0x00, 0xe8, 0x80, 0xe0, 0xe4, 0x1c, 0xa8, 0x00, 0x48, 0xe5, 0xb4, 0x41, 0x03, 0x60, 0x4a,
    0x97, 0x10, 0x48, 0x45, 0xc0, 0xa8, 0xe0, 0x00, 0x12, 0x00, 0x00, 0x38, 0xe7, 0x80, 0xa8, 0xe0,
    0x00, 0x12, 0x00, 0x01, 0xa8, 0xe0, 0x00, 0x12, 0x00, 0x00, 0x98, 0xe7, 0x00, 0x00, 0x00, 0x80,
    0xa8, 0xe0, 0x00, 0x12, 0x00, 0x01, 0xa8, 0xe0, 0x80, 0x12, 0x00, 0x00, 0x98, 0xe7, 0x00, 0x00,
    0x00, 0x40, 0xa8, 0xe0, 0x80, 0x12, 0x00, 0x01, 0xa8, 0xe0, 0x88, 0x00, 0x00, 0x00, 0x38, 0xe7,
    0x20, 0xa8, 0xe0, 0x88, 0x00, 0x00, 0x01, 0x4a, 0x46, 0xff, 0x2c, 0x01, 0x00, 0x98, 0x60, 0x09,
    0xf0, 0xa8, 0x00, 0x00, 0x80, 0xd8, 0xa0, 0x1c, 0x14, 0x4a, 0x88, 0xe8, 0x38, 0xc0, 0xf0, 0x80,
    0xc0, 0x5b, 0xf0, 0xa8, 0x00, 0x00, 0xe8, 0x80, 0xe0, 0xdb, 0xf0, 0xa8, 0x00, 0x80, 0xe0, 0x3b,
    0xf0, 0xa8, 0x00, 0x80, 0xe0, 0xbb, 0xf0, 0xa8, 0x00, 0x80, 0xc0, 0x43, 0xc4, 0xa8, 0x00, 0x80,
    0xe0, 0xc3, 0xc4, 0xa8, 0x00, 0x80, 0xe0, 0x23, 0xc4, 0xa8, 0x00, 0x80, 0xe0, 0xa3, 0xc4, 0xa8,
    0x00, 0x98, 0xe0, 0x00, 0x08, 0x18, 0x01, 0x8c, 0xe0, 0x23, 0xf0, 0xa8, 0x00, 0x98, 0xe0, 0x00,
    0x18, 0x18, 0x01, 0x8c, 0xe0, 0x35, 0xc4, 0xa8, 0x00, 0x8c, 0xe0, 0x61, 0xf0, 0xa8, 0x00, 0x8c,
    0xe0, 0x33, 0xf0, 0xa8, 0x00, 0x8c, 0x60, 0x51, 0xf0, 0xa8, 0x00, 0x8c, 0x60, 0x2d, 0xc4, 0xa8,
    0x00, 0xcc, 0xe7, 0x62, 0x80, 0x40, 0x07, 0xd8, 0x98, 0x60, 0x23, 0xf0, 0xa8, 0x00, 0x47, 0xd1,
    0x38, 0x98, 0x60, 0x23, 0xf0, 0xa8, 0x00, 0x4a, 0x9f, 0x58, 0x8c, 0x60, 0x51, 0xf0, 0xa8, 0x00,
    0xcc, 0xe3, 0x62, 0x80, 0x40, 0x07, 0xa8, 0x98, 0x60, 0x35, 0xc4, 0xa8, 0x00, 0x47, 0xd1, 0x38,
    0x98, 0x60, 0x35, 0xc4, 0xa8, 0x00, 0x49, 0x8f, 0x58, 0x8c, 0x60, 0x61, 0xf0, 0xa8, 0x00, 0xcc,
    0xc3, 0x42, 0x80, 0x2c, 0xe6, 0x48, 0x40, 0x07, 0x62, 0x01, 0x40, 0x00, 0xa0, 0x39, 0x60, 0x24,
    0x64, 0xa5, 0x5b, 0x2c, 0xe6, 0x50, 0x08, 0xe5, 0x2c, 0xc7, 0x48, 0x2c, 0xc7, 0x28, 0xcc, 0xe3,
    0x42, 0x80, 0x2c, 0xe7, 0x50, 0x08, 0xe5, 0x2c, 0x87, 0x40, 0x2c, 0xa7, 0x48, 0x49, 0x1a, 0x24,
    0x49, 0x49, 0x24, 0x30, 0xea, 0x80, 0x3e, 0x07, 0x50, 0x04, 0xaa, 0x8c, 0x60, 0x61, 0xf0, 0xa8,
    0x00, 0xcc, 0xc3, 0x42, 0x80, 0x2c, 0xe6, 0x48, 0xd3, 0xce, 0xa1, 0x3f, 0x8c, 0x60, 0x51, 0xf0,
    0xa8, 0x00, 0xcc, 0xc3, 0x42, 0x80, 0x2c, 0xe6, 0x48, 0x40, 0x07, 0x62, 0x01, 0x40, 0x00, 0xa0,
    0x39, 0x60, 0x24, 0x64, 0xa5, 0x5b, 0x2c, 0xe6, 0x50, 0x08, 0xe5, 0x2c, 0xc7, 0x48, 0x2c, 0xc7,
    0x28, 0xcc, 0xe3, 0x42, 0x80, 0x2c, 0xe7, 0x50, 0x08, 0xe5, 0x2c, 0x87, 0x40, 0x2c, 0xa7, 0x48,
    0x4b, 0xc2, 0x24, 0x4b, 0xbe, 0x24, 0x30, 0xea, 0x80, 0x3e, 0x07, 0x50, 0x04, 0xaa, 0x8c, 0x60,
    0x51, 0xf0, 0xa8, 0x00, 0xcc, 0xc3, 0x42, 0x80, 0x2c, 0xe6, 0x48, 0xd3, 0xce, 0xa1, 0x3f, 0x49,
    0x42, 0xe8, 0x2c, 0xe1, 0x40, 0x00, 0xf8, 0x2c, 0xe1, 0x00, 0x2c, 0xe1, 0x40, 0x98, 0xc0, 0x02,
    0xd2, 0x32, 0x00, 0xd3, 0x0c, 0x73, 0x7f, 0x8c, 0x60, 0x70, 0xe3, 0x00, 0x03, 0x6c, 0x63, 0x49,
    0x34, 0x63, 0xf0, 0x30, 0x63, 0x0c, 0x3e, 0x03, 0x19, 0x48, 0x32, 0xe4, 0x84, 0xe0, 0x80, 0x44,
    0x18, 0x01, 0x34, 0xe7, 0x20, 0x40, 0x07, 0x30, 0x8c, 0xe0, 0x58, 0x1c, 0xa8, 0x00, 0x40, 0xa7,
    0x04, 0x2c, 0x01, 0x00, 0x4a, 0x8c, 0xe8, 0x2c, 0xe1, 0x40, 0x00, 0xf8, 0x2c, 0xe1, 0x00, 0x2c,
    0xe1, 0x40, 0x98, 0xc0, 0x02, 0xd2, 0x32, 0x00, 0xd3, 0x0c, 0x7e, 0x5f, 0x0f, 0x77, 0x38, 0x60,
    0x2a, 0x48, 0x7c, 0xe4, 0x2c, 0x01, 0x00, 0x0e, 0xef, 0x47, 0xa1, 0x40, 0xa8, 0xe0, 0x40, 0x12,
    0x00, 0x00, 0xa8, 0xc0, 0x00, 0x12, 0x00, 0x00, 0x61, 0x46, 0x38, 0x94, 0xea, 0x00, 0x00, 0x00,
    0x80, 0xd0, 0x40, 0x7f, 0x1c, 0x34, 0xea, 0x80, 0xd0, 0x40, 0x77, 0x9c, 0x94, 0xea, 0x00, 0x00,
    0x04, 0x00, 0xd0, 0x40, 0x79, 0x5c, 0x94, 0xea, 0x00, 0x00, 0x02, 0x00, 0xd0, 0x40, 0x73, 0xac,
    0x94, 0xea, 0x00, 0x00, 0x10, 0x00, 0xd0, 0x40, 0x75, 0xcc, 0x94, 0xea, 0x00, 0x00, 0x08, 0x00,
    0xd0, 0x40, 0x71, 0x8c, 0x87, 0x00, 0x7a, 0xf0, 0xa8, 0x00, 0x9a, 0xe0, 0x00, 0x08, 0x18, 0x01,
    0x98, 0x80, 0x00, 0x18, 0x18, 0x01, 0x3c, 0x38, 0x00, 0x65, 0x77, 0x22, 0x38, 0xe0, 0x02, 0x38,
    0xa0, 0x01, 0x3c, 0x38, 0x00, 0x67, 0x27, 0x2a, 0x38, 0xc0, 0x08, 0x3c, 0x38, 0x00, 0x67, 0x46,
    0x3a, 0x3c, 0x38, 0x00, 0x64, 0xa5, 0x3a, 0x3c, 0x38, 0x00, 0x67, 0x67, 0x32, 0x3c, 0x38, 0x00,
    0x98, 0xc0, 0x00, 0x00, 0x04, 0x00, 0x98, 0xe0, 0x00, 0x00, 0x40, 0x00, 0x65, 0xc7, 0x32, 0x98,
    0xc0, 0x00, 0x00, 0x20, 0x00, 0x98, 0xe0, 0x00, 0x00, 0x02, 0x00, 0x3c, 0x38, 0x00, 0x65, 0xe6,
    0x3a, 0x3c, 0x38, 0x00, 0x65, 0xa4, 0xba, 0x3c, 0x38, 0x00, 0x66, 0x07, 0x32, 0x60, 0xf9, 0x50,
    0x40, 0x07, 0xe4, 0xab, 0x20, 0x40, 0x12, 0x00, 0x01, 0x3e, 0x1a, 0x38, 0x80, 0xe0, 0xff, 0x2c,
    0x18, 0x01, 0x84, 0xe0, 0xcc, 0x20, 0xa8, 0x00, 0x00, 0xf8, 0x3e, 0x07, 0x38, 0x80, 0xe0, 0xcc,
    0x20, 0xa8, 0x00, 0xd0, 0x40, 0x7e, 0xa4, 0x60, 0xe5, 0x50, 0x40, 0x07, 0xe4, 0xa8, 0xa0, 0x40,
    0x12, 0x00, 0x01, 0x3e, 0x1b, 0x38, 0x80, 0xe0, 0xff, 0x2c, 0x18, 0x01, 0x84, 0xe0, 0xcc, 0x20,
    0xa8, 0x00, 0x00, 0xf8, 0x3e, 0x07, 0x38, 0x80, 0xe0, 0xcc, 0x20, 0xa8, 0x00, 0xd0, 0x40, 0x71,
    0x48, 0xa8, 0xe0, 0xc0, 0x12, 0x00, 0x00, 0xa8, 0xc0, 0x80, 0x12, 0x00, 0x00, 0x61, 0x86, 0x38,
    0x94, 0xec, 0x00, 0x00, 0x00, 0x40, 0xd0, 0x40, 0x7b, 0x28, 0x60, 0xec, 0x70, 0xd0, 0x40, 0x7b,
    0xe8, 0x60, 0xec, 0x78, 0x40, 0x07, 0x26, 0xa9, 0xe0, 0xc0, 0x12, 0x00, 0x01, 0x24, 0xeb, 0xac,
    0x3e, 0x07, 0x38, 0x38, 0xe7, 0x02, 0x20, 0xeb, 0xac, 0x24, 0xeb, 0xac, 0x34, 0xe7, 0xfd, 0x20,
    0xeb, 0xac, 0x84, 0xe0, 0x4c, 0x20, 0xa8, 0x00, 0x00, 0xf8, 0x3e, 0x07, 0x38, 0x80, 0xe0, 0x4c,
    0x20, 0xa8, 0x00, 0xd0, 0x20, 0x79, 0xb4, 0xd2, 0x20, 0x78, 0xc0, 0x80, 0x00, 0x4c, 0x20, 0xa8,
    0x00, 0x00, 0xe8, 0x80, 0xe0, 0x2c, 0x20, 0xa8, 0x00, 0x24, 0xeb, 0xac, 0x34, 0xe7, 0xdf, 0x20,
    0xeb, 0xac, 0x84, 0xe0, 0x7a, 0xf0, 0xa8, 0x00, 0xd0, 0x10, 0x70, 0x4c, 0x24, 0xed, 0xac, 0x3e,
    0x07, 0x38, 0x38, 0xe7, 0x20, 0x20, 0xed, 0xac, 0x84, 0xe0, 0x7a, 0xf0, 0xa8, 0x00, 0xd0, 0x10,
    0x74, 0x90, 0x60, 0xec, 0x80, 0xd0, 0x00, 0x7d, 0x10, 0xaa, 0x00, 0xc0, 0x12, 0x00, 0x01, 0x24,
    0xed, 0xac, 0x3e, 0x07, 0x38, 0x38, 0xe7, 0x02, 0x20, 0xed, 0xac, 0x24, 0xed, 0xac, 0x34, 0xe7,
    0xfd, 0x20, 0xed, 0xac, 0x84, 0xc0, 0x2c, 0x20, 0xa8, 0x00, 0x40, 0x06, 0x66, 0x80, 0x00, 0x2c,
    0x20, 0xa8, 0x00, 0x24, 0xed, 0xac, 0x34, 0xe7, 0xdf, 0x20, 0xed, 0xac, 0x24, 0xeb, 0xac, 0x3e,
    0x07, 0x38, 0x38, 0xe7, 0x40, 0x20, 0xeb, 0xac, 0x00, 0xcf, 0x80, 0xc0, 0xb0, 0x44, 0x18, 0x01,
    0x38, 0xe0, 0xfc, 0x80, 0xe0, 0x70, 0x44, 0x18, 0x01, 0x80, 0xc0, 0xf0, 0x44, 0x18, 0x01, 0x2c,
    0x01, 0x20, 0x2c, 0xe1, 0x60, 0x38, 0xc0, 0xc8, 0xd3, 0x4e, 0x66, 0x80, 0x2c, 0xe1, 0x60, 0x00,
    0xf8, 0x2c, 0xe1, 0x20, 0x2c, 0xe1, 0x60, 0x38, 0xc0, 0xc8, 0xd3, 0x0c, 0x74, 0xff, 0x80, 0x00,
    0xb0, 0x44, 0x18, 0x01, 0x80, 0x00, 0x70, 0x44, 0x18, 0x01, 0x80, 0x00, 0xf0, 0x44, 0x18, 0x01,
    0x00, 0x60, 0x47, 0xb1, 0x40, 0x80, 0x00, 0xcc, 0x20, 0xa8, 0x00, 0xd0, 0x41, 0x80, 0xf8, 0x84,
    0xe0, 0x60, 0x2c, 0x18, 0x01, 0x34, 0xe7, 0xf7, 0x80, 0xe0, 0x60, 0x2c, 0x18, 0x01, 0x24, 0xeb,
    0xac, 0x3e, 0x07, 0x38, 0x38, 0xe7, 0x20, 0x20, 0xeb, 0xac, 0xa8, 0xe0, 0xc0, 0x12, 0x00, 0x00,
    0xa8, 0xc0, 0x80, 0x12, 0x00, 0x00, 0x61, 0x86, 0x38, 0x94, 0xec, 0x00, 0x00, 0x00, 0x40, 0xd0,
    0x00, 0x7d, 0xd7, 0x8c, 0xe0, 0x40, 0x00, 0x80, 0x03, 0x38, 0xe7, 0x04, 0x8c, 0xe0, 0x00, 0x00,
    0x80, 0x03, 0x98, 0xe0, 0x00, 0x00, 0x00, 0x40, 0xa8, 0xe0, 0xc0, 0x12, 0x00, 0x01, 0x49, 0x27,
    0x10, 0x8c, 0xe0, 0x71, 0xf0, 0xa8, 0x00, 0x2c, 0xe7, 0x44, 0xd0, 0x00, 0x70, 0x97, 0x00, 0x60,
    0x48, 0x86, 0x28, 0x60, 0xec, 0x70, 0xd0, 0x00, 0x7d, 0x17, 0xa9, 0xc0, 0xc0, 0x12, 0x00, 0x01,
    0x24, 0xeb, 0xac, 0x3e, 0x07, 0x38, 0x38, 0xe7, 0x04, 0x20, 0xeb, 0xac, 0x24, 0xeb, 0xac, 0x34,
    0xe7, 0xfb, 0x20, 0xeb, 0xac, 0x8c, 0xe0, 0x71, 0xf0, 0xa8, 0x00, 0x2d, 0x47, 0x60, 0x24, 0xca,
    0x62, 0x30, 0x66, 0x0e, 0x3e, 0x03, 0x19, 0x49, 0x11, 0x64, 0x24, 0xea, 0x62, 0xd0, 0x70, 0x76,
    0x88, 0x84, 0xe0, 0x8c, 0x20, 0xa8, 0x00, 0x00, 0xf8, 0x3e, 0x07, 0x28, 0x80, 0xa0, 0x8c, 0x20,
    0xa8, 0x00, 0xd0, 0x20, 0x53, 0x64, 0xd2, 0x30, 0x5d, 0xc7, 0x2c, 0xca, 0x50, 0x2c, 0xea, 0x60,
    0xd2, 0x8c, 0x77, 0x04, 0x80, 0x00, 0x8c, 0x20, 0xa8, 0x00, 0x24, 0xeb, 0xac, 0x34, 0xe7, 0xbf,
    0x20, 0xeb, 0xac, 0x2c, 0x01, 0x20, 0x2c, 0xe1, 0x60, 0x38, 0xc0, 0xc8, 0xd3, 0x4e, 0x66, 0x80,
    0x2c, 0xe1, 0x60, 0x00, 0xf8, 0x2c, 0xe1, 0x20, 0x2c, 0xe1, 0x60, 0x38, 0xc0, 0xc8, 0xd3, 0x0c,
    0x74, 0xff, 0x00, 0xe2, 0x20, 0xea, 0x62, 0x46, 0x5f, 0xbf, 0x80, 0x00, 0xcc, 0x20, 0xa8, 0x00,
    0xd0, 0x01, 0x8e, 0x30, 0x84, 0xe0, 0x60, 0x2c, 0x18, 0x01, 0x34, 0xe7, 0xf7, 0x80, 0xe0, 0x60,
    0x2c, 0x18, 0x01, 0x84, 0xe0, 0x60, 0x2c, 0x18, 0x01, 0x3e, 0x07, 0x38, 0x38, 0xe7, 0x02, 0x80,
    0xe0, 0x60, 0x2c, 0x18, 0x01, 0x46, 0x41, 0xbf, 0x98, 0xe0, 0x00, 0x00, 0x08, 0x00, 0xa8, 0xe0,
    0x40, 0x12, 0x00, 0x01, 0x98, 0x60, 0x35, 0xc4, 0xa8, 0x00, 0x4a, 0x0d, 0xe8, 0x46, 0xeb, 0x3f,
    0x98, 0xe0, 0x00, 0x00, 0x10, 0x00, 0xa8, 0xe0, 0x40, 0x12, 0x00, 0x01, 0x98, 0x60, 0x35, 0xc4,
    0xa8, 0x00, 0x49, 0x0b, 0xe8, 0x46, 0xad, 0x3f, 0x98, 0xe0, 0x00, 0x00, 0x02, 0x00, 0xa8, 0xe0,
    0x40, 0x12, 0x00, 0x01, 0x98, 0x60, 0x23, 0xf0, 0xa8, 0x00, 0x4a, 0x25, 0xe8, 0x46, 0xc9, 0x3f,
    0x98, 0xe0, 0x00, 0x00, 0x00, 0x80, 0xa8, 0xe0, 0x40, 0x12, 0x00, 0x01, 0x4b, 0xe6, 0x20, 0x34,
    0xea, 0x80, 0xd0, 0x00, 0x75, 0x63, 0x00, 0xe8, 0xa8, 0xe0, 0x40, 0x12, 0x00, 0x01, 0x48, 0x20,
    0x54, 0x94, 0xea, 0x00, 0x00, 0x04, 0x00, 0xd0, 0x00, 0x7f, 0xa3, 0x98, 0xe0, 0x00, 0x00, 0x04,
    0x00, 0xa8, 0xe0, 0x40, 0x12, 0x00, 0x01, 0x98, 0x60, 0x23, 0xf0, 0xa8, 0x00, 0x4b, 0x9d, 0xe8,
    0x46, 0x62, 0x3f, 0x38, 0x60, 0x6a, 0x49, 0x24, 0x64, 0x24, 0xeb, 0xac, 0x34, 0xe7, 0xbf, 0x20,
    0xeb, 0xac, 0x00, 0x60, 0x47, 0xb1, 0x40, 0x84, 0xe0, 0x60, 0x2c, 0x18, 0x01, 0x34, 0xe7, 0xfd,
    0x80, 0xe0, 0x60, 0x2c, 0x18, 0x01, 0x84, 0xe0, 0x60, 0x2c, 0x18, 0x01, 0x3e, 0x07, 0x38, 0x38,
    0xe7, 0x08, 0x80, 0xe0, 0x60, 0x2c, 0x18, 0x01, 0x46, 0xfd, 0x3f, 0x84, 0xe0, 0x60, 0x2c, 0x18,
    0x01, 0x34, 0xe7, 0xfd, 0x80, 0xe0, 0x60, 0x2c, 0x18, 0x01, 0x0c, 0xa1, 0x84, 0xe0, 0x80, 0x44,
    0x18, 0x01, 0x34, 0xe7, 0x3f, 0x80, 0xe0, 0x80, 0x44, 0x18, 0x01, 0x00, 0xcf, 0x80, 0xc0, 0xb0,
    0x44, 0x18, 0x01, 0x38, 0xe0, 0xfc, 0x80, 0xe0, 0x70, 0x44, 0x18, 0x01, 0x80, 0xc0, 0xf0, 0x44,
    0x18, 0x01, 0x2c, 0x01, 0x20, 0x2c, 0xe1, 0x60, 0x38, 0xc0, 0xe3, 0xd3, 0x4e, 0x66, 0x80, 0x2c,
    0xe1, 0x60, 0x00, 0xf8, 0x2c, 0xe1, 0x20, 0x2c, 0xe1, 0x60, 0x38, 0xc0, 0xe3, 0xd3, 0x0c, 0x74,
    0xff, 0x80, 0x00, 0xb0, 0x44, 0x18, 0x01, 0x80, 0x00, 0x70, 0x44, 0x18, 0x01, 0x80, 0x00, 0xf0,
    0x44, 0x18, 0x01, 0x84, 0xe0, 0x80, 0x44, 0x18, 0x01, 0x3e, 0x07, 0x38, 0x38, 0xe7, 0xc0, 0x80,
    0xe0, 0x80, 0x44, 0x18, 0x01, 0x46, 0xcf, 0x3f, 0x80, 0x00, 0x2c, 0x20, 0xa8, 0x00, 0x24, 0xeb,
    0xac, 0x34, 0xe7, 0xdf, 0x20, 0xeb, 0xac, 0x24, 0xeb, 0xac, 0x3e, 0x07, 0x38, 0x38, 0xe7, 0x40,
    0x20, 0xeb, 0xac, 0x00, 0xcf, 0x80, 0xc0, 0xb0, 0x44, 0x18, 0x01, 0x38, 0xe0, 0xfc, 0x80, 0xe0,
    0x70, 0x44, 0x18, 0x01, 0x80, 0xc0, 0xf0, 0x44, 0x18, 0x01, 0x2c, 0x01, 0x20, 0x2c, 0xe1, 0x60,
    0x38, 0xc0, 0xc8, 0xd3, 0x4e, 0x66, 0x80, 0x2c, 0xe1, 0x60, 0x00, 0xf8, 0x2c, 0xe1, 0x20, 0x2c,
    0xe1, 0x60, 0x38, 0xc0, 0xc8, 0xd3, 0x0c, 0x74, 0xff, 0x80, 0x00, 0xb0, 0x44, 0x18, 0x01, 0x80,
    0x00, 0x70, 0x44, 0x18, 0x01, 0x80, 0x00, 0xf0, 0x44, 0x18, 0x01, 0x46, 0xb1, 0x3f, 0x38, 0xe0,
    0x10, 0xd3, 0x8e, 0x50, 0x43, 0x80, 0x00, 0x8c, 0x20, 0xa8, 0x00, 0x24, 0xeb, 0xac, 0x34, 0xe7,
    0xbf, 0x20, 0xeb, 0xac, 0x2c, 0x01, 0x20, 0x2c, 0xe1, 0x60, 0x38, 0xc0, 0xc8, 0xd3, 0x4e, 0x66,
    0x80, 0x2c, 0xe1, 0x60, 0x00, 0xf8, 0x2c, 0xe1, 0x20, 0x2c, 0xe1, 0x60, 0x38, 0xc0, 0xc8, 0xd3,
    0x0c, 0x74, 0xff, 0x98, 0x60, 0x7f, 0xb1, 0x28, 0x00, 0x00, 0x80, 0x00, 0xa0, 0x04, 0xca, 0x4b,
    0xfd, 0xa8, 0x45, 0x03, 0xb8, 0x38, 0x60, 0x54, 0x4a, 0x17, 0xa4, 0x46, 0x6b, 0xdf, 0x2c, 0xea,
    0x50, 0x2c, 0xea, 0x20, 0x00, 0xee, 0x80, 0xe0, 0x40, 0x0e, 0x18, 0x01, 0x46, 0xa3, 0xdf, 0x38,
    0x60, 0x02, 0x4b, 0x87, 0xa4, 0x80, 0x00, 0x40, 0x0e, 0x18, 0x01, 0x24, 0xeb, 0xac, 0x3e, 0x07,
    0x38, 0x38, 0xe7, 0x20, 0x20, 0xeb, 0xac, 0x46, 0x55, 0xdf, 0xa8, 0xe0, 0x00, 0x12, 0x00, 0x00,
    0x94, 0xe7, 0xff, 0xff, 0xef, 0xff, 0xa8, 0xe0, 0x00, 0x12, 0x00, 0x01, 0xa8, 0xe0, 0x00, 0x12,
    0x00, 0x00, 0x94, 0xe7, 0xff, 0xff, 0xf7, 0xff, 0xa8, 0xe0, 0x00, 0x12, 0x00, 0x01, 0xa8, 0xe0,
    0x00, 0x12, 0x00, 0x00, 0x94, 0xe7, 0xff, 0xff, 0xfb, 0xff, 0xa8, 0xe0, 0x00, 0x12, 0x00, 0x01,
    0xa8, 0xe0, 0x00, 0x12, 0x00, 0x00, 0x94, 0xe7, 0xff, 0xff, 0xfd, 0xff, 0xa8, 0xe0, 0x00, 0x12,
    0x00, 0x01, 0xa8, 0xe0, 0x80, 0x12, 0x00, 0x00, 0x94, 0xe7, 0xff, 0xff, 0xdf, 0xff, 0xa8, 0xe0,
    0x80, 0x12, 0x00, 0x01, 0xa8, 0xe0, 0x80, 0x12, 0x00, 0x00, 0x94, 0xe7, 0xff, 0xff, 0xbf, 0xff,
    0xa8, 0xe0, 0x80, 0x12, 0x00, 0x01, 0xa8, 0xe0, 0x80, 0x12, 0x00, 0x00, 0x94, 0xe7, 0xff, 0xff,
    0xfd, 0xff, 0xa8, 0xe0, 0x80, 0x12, 0x00, 0x01, 0xa8, 0xe0, 0x80, 0x12, 0x00, 0x00, 0x94, 0xe7,
    0xff, 0xff, 0xfb, 0xff, 0xa8, 0xe0, 0x80, 0x12, 0x00, 0x01, 0xa8, 0xe0, 0x00, 0x12, 0x00, 0x00,
    0x94, 0xe7, 0xfd, 0xff, 0xff, 0xff, 0xa8, 0xe0, 0x00, 0x12, 0x00, 0x01, 0xa8, 0xe0, 0x00, 0x12,
    0x00, 0x00, 0x94, 0xe7, 0xfe, 0xff, 0xff, 0xff, 0xa8, 0xe0, 0x00, 0x12, 0x00, 0x01, 0x84, 0xe0,
    0x60, 0x2c, 0x18, 0x01, 0x34, 0xe7, 0xf7, 0x80, 0xe0, 0x60, 0x2c, 0x18, 0x01, 0x84, 0xe0, 0x60,
    0x2c, 0x18, 0x01, 0x34, 0xe7, 0xfd, 0x80, 0xe0, 0x60, 0x2c, 0x18, 0x01, 0x84, 0xe0, 0xac, 0x08,
    0x18, 0x01, 0x34, 0xe7, 0x9f, 0x80, 0xe0, 0xac, 0x08, 0x18, 0x01, 0x84, 0xe0, 0xac, 0x18, 0x18,
    0x01, 0x34, 0xe7, 0x9f, 0x80, 0xe0, 0xac, 0x18, 0x18, 0x01, 0x84, 0xe0, 0x80, 0x44, 0x18, 0x01,
    0x34, 0xe7, 0x3f, 0x80, 0xe0, 0x80, 0x44, 0x18, 0x01, 0x88, 0x00, 0x0e, 0xf0, 0xa8, 0x00, 0x47,
    0xd2, 0x48, 0x47, 0xac, 0x80, 0x05, 0x63, 0x98, 0xe0, 0x49, 0x04, 0x28, 0x00, 0x8c, 0xe0, 0x3e,
    0xf0, 0xa8, 0x00, 0x4b, 0x2f, 0xf8, 0x00, 0xcf, 0x80, 0xc0, 0xb0, 0x44, 0x18, 0x01, 0x38, 0xe0,
    0xf8, 0x80, 0xe0, 0x70, 0x44, 0x18, 0x01, 0x80, 0xc0, 0xf0, 0x44, 0x18, 0x01, 0x38, 0xe0, 0x96,
    0x80, 0xe0, 0x08, 0x44, 0x18, 0x01, 0x80, 0x00, 0x40, 0x0e, 0x18, 0x01, 0x84, 0xe0, 0x70, 0x44,
    0x18, 0x01, 0x3e, 0x07, 0x38, 0x38, 0xe7, 0x04, 0x80, 0xe0, 0x70, 0x44, 0x18, 0x01, 0x84, 0xe0,
    0x08, 0x44, 0x18, 0x01, 0x3e, 0x07, 0x38, 0x38, 0xe7, 0x20, 0x80, 0xe0, 0x08, 0x44, 0x18, 0x01,
    0x4a, 0x8c, 0xbf, 0xa8, 0xe0, 0x00, 0x12, 0x00, 0x00, 0x94, 0xe7, 0xff, 0xff, 0xef, 0xff, 0xa8,
    0xe0, 0x00, 0x12, 0x00, 0x01, 0xa8, 0xe0, 0x00, 0x12, 0x00, 0x00, 0x94, 0xe7, 0xff, 0xff, 0xfb,
    0xff, 0xa8, 0xe0, 0x00, 0x12, 0x00, 0x01, 0x24, 0xcb, 0x22, 0xd0, 0x00, 0x6f, 0x1c, 0x2d, 0x4b,
    0x5c, 0x2c, 0x8a, 0x60, 0x24, 0xe4, 0x00, 0x20, 0xeb, 0xac, 0x24, 0xe4, 0x40, 0x40, 0x07, 0x18,
    0x24, 0xc4, 0x80, 0xd2, 0x8e, 0x64, 0x80, 0xd3, 0x8c, 0x74, 0x0a, 0x00, 0xe8, 0x80, 0xe0, 0x7a,
    0xf0, 0xa8, 0x00, 0x0d, 0x40, 0x00, 0xe4, 0x80, 0xe0, 0x7a, 0xf0, 0xa8, 0x00, 0x00, 0xe4, 0x80,
    0xe0, 0xe2, 0x44, 0x18, 0x01, 0x80, 0x00, 0x12, 0x44, 0x18, 0x01, 0x80, 0x00, 0x86, 0x44, 0x18,
    0x01, 0x80, 0x00, 0xc6, 0x44, 0x18, 0x01, 0x98, 0xe0, 0x00, 0x6c, 0x76, 0x80, 0x8c, 0xe0, 0x2d,
    0xec, 0xa8, 0x00, 0x24, 0xea, 0x58, 0x80, 0xe0, 0x1d, 0xec, 0xa8, 0x00, 0x8c, 0xe0, 0x61, 0xf0,
    0xa8, 0x00, 0x24, 0xe7, 0xa0, 0x80, 0xe0, 0x5d, 0xec, 0xa8, 0x00, 0x24, 0xca, 0x90, 0x40, 0x06,
    0xd8, 0x24, 0xea, 0xd8, 0x80, 0xe0, 0x9d, 0xec, 0xa8, 0x00, 0x8c, 0xe0, 0x51, 0xf0, 0xa8, 0x00,
    0x24, 0xe7, 0xa0, 0x80, 0xe0, 0xdd, 0xec, 0xa8, 0x00, 0x00, 0xe8, 0x80, 0xe0, 0x98, 0x44, 0x18,
    0x01, 0x28, 0xca, 0xe8, 0x40, 0x06, 0xf0, 0x80, 0xe0, 0x58, 0x44, 0x18, 0x01, 0x80, 0xe0, 0xd8,
    0x44, 0x18, 0x01, 0x24, 0xea, 0x58, 0x80, 0xe0, 0x3d, 0xec, 0xa8, 0x00, 0x24, 0xe4, 0x80, 0xd0,
    0x00, 0x7f, 0x82, 0x80, 0xe0, 0x7d, 0xec, 0xa8, 0x00, 0x28, 0xea, 0xc8, 0x88, 0xe0, 0x03, 0xec,
    0xa8, 0x00, 0x28, 0xea, 0xa8, 0x88, 0xe0, 0x43, 0xec, 0xa8, 0x00, 0x24, 0xea, 0x90, 0x40, 0x07,
    0xb4, 0x24, 0xea, 0xd8, 0x80, 0xe0, 0xbd, 0xec, 0xa8, 0x00, 0x24, 0xe4, 0x40, 0x41, 0x07, 0x60,
    0x24, 0xe4, 0x00, 0x80, 0xe0, 0xfd, 0xec, 0xa8, 0x00, 0x28, 0xea, 0xe8, 0x88, 0xe0, 0x23, 0xec,
    0xa8, 0x00, 0x28, 0xea, 0x98, 0x88, 0xe0, 0x63, 0xec, 0xa8, 0x00, 0x24, 0xca, 0x38, 0x24, 0xaa,
    0xb8, 0x24, 0xea, 0x58, 0x80, 0xe0, 0x0b, 0xf0, 0xa8, 0x00, 0x80, 0xc0, 0x8b, 0xf0, 0xa8, 0x00,
    0x28, 0xea, 0xd0, 0x88, 0xe0, 0x4b, 0xf0, 0xa8, 0x00, 0x28, 0xea, 0xb0, 0x88, 0xe0, 0x2b, 0xf0,
    0xa8, 0x00, 0x28, 0xea, 0xc8, 0x88, 0xe0, 0x6b, 0xf0, 0xa8, 0x00, 0x28, 0xea, 0xa8, 0x88, 0xe0,
    0x1b, 0xf0, 0xa8, 0x00, 0x24, 0xea, 0x90, 0xd0, 0x40, 0x7e, 0x54, 0x80, 0x00, 0x25, 0xf0, 0xa8,
    0x00, 0x80, 0xa0, 0x65, 0xf0, 0xa8, 0x00, 0x28, 0xea, 0xc8, 0x88, 0xe0, 0x35, 0xf0, 0xa8, 0x00,
    0x28, 0xea, 0xa8, 0x88, 0xe0, 0x75, 0xf0, 0xa8, 0x00, 0x80, 0xc0, 0xa5, 0xf0, 0xa8, 0x00, 0x28,
    0xea, 0xc8, 0x88, 0xe0, 0x15, 0xf0, 0xa8, 0x00, 0x28, 0xea, 0xa8, 0x88, 0xe0, 0x55, 0xf0, 0xa8,
    0x00, 0x24, 0xea, 0x90, 0xd0, 0x00, 0x7f, 0x2c, 0x80, 0x00, 0x05, 0xf0, 0xa8, 0x00, 0x80, 0xc0,
    0x69, 0xec, 0xa8, 0x00, 0x24, 0xea, 0x78, 0x3c, 0x07, 0x00, 0x64, 0xe6, 0x3a, 0x80, 0xe0, 0x45,
    0xec, 0xa8, 0x00, 0x24, 0xea, 0x04, 0x80, 0xe0, 0x75, 0xec, 0xa8, 0x00, 0x24, 0xe4, 0x80, 0x41,
    0x07, 0x60, 0x24, 0xe4, 0x00, 0x80, 0xe0, 0xe9, 0xec, 0xa8, 0x00, 0x28, 0xea, 0xc8, 0x88, 0xe0,
    0x59, 0xec, 0xa8, 0x00, 0x28, 0xea, 0xa8, 0x88, 0xe0, 0x39, 0xec, 0xa8, 0x00, 0x24, 0xca, 0x90,
    0xd0, 0x00, 0x61, 0x2c, 0x80, 0x00, 0x29, 0xec, 0xa8, 0x00, 0x80, 0xa0, 0x19, 0xec, 0xa8, 0x00,
    0x24, 0xe4, 0x40, 0x41, 0x07, 0x60, 0x24, 0xe4, 0x00, 0x80, 0xe0, 0x99, 0xec, 0xa8, 0x00, 0x28,
    0xea, 0xe8, 0x88, 0xe0, 0x79, 0xec, 0xa8, 0x00, 0x28, 0xea, 0x98, 0x88, 0xe0, 0x05, 0xec, 0xa8,
    0x00, 0x24, 0xea, 0xf8, 0x3c, 0x07, 0x00, 0x64, 0xe5, 0x3a, 0x80, 0xe0, 0xc5, 0xec, 0xa8, 0x00,
    0x24, 0xea, 0x84, 0x80, 0xe0, 0xf5, 0xec, 0xa8, 0x00, 0x28, 0xe4, 0x90, 0x88, 0xe0, 0x35, 0xec,
    0xa8, 0x00, 0x2c, 0xe4, 0x54, 0x8c, 0xe0, 0x25, 0xec, 0xa8, 0x00, 0x2c, 0xe4, 0x74, 0x8c, 0xe0,
    0x15, 0xec, 0xa8, 0x00, 0x24, 0xea, 0xc4, 0x80, 0xe0, 0x0d, 0xec, 0xa8, 0x00, 0x24, 0xea, 0x44,
    0x40, 0x07, 0x1c, 0x00, 0xe8, 0x80, 0xe0, 0x09, 0xf0, 0xa8, 0x00, 0x24, 0xe4, 0xe8, 0x80, 0xe0,
    0x89, 0xf0, 0xa8, 0x00, 0x28, 0xe4, 0x98, 0x88, 0xe0, 0x49, 0xf0, 0xa8, 0x00, 0x2c, 0xe4, 0x78,
    0x8c, 0xe0, 0x29, 0xf0, 0xa8, 0x00, 0x2c, 0xe4, 0x44, 0x8c, 0xe0, 0x19, 0xf0, 0xa8, 0x00, 0x2c,
    0xe4, 0x64, 0x8c, 0xe0, 0x39, 0xf0, 0xa8, 0x00, 0x98, 0x60, 0x09, 0xf0, 0xa8, 0x00, 0x4a, 0xc0,
    0xa8, 0x84, 0xc0, 0x7a, 0xf0, 0xa8, 0x00, 0xd0, 0x00, 0x63, 0xe4, 0x84, 0xe0, 0x60, 0x2c, 0x18,
    0x01, 0x3e, 0x07, 0x38, 0x38, 0xe7, 0x08, 0x80, 0xe0, 0x60, 0x2c, 0x18, 0x01, 0x00, 0xe2, 0x80,
    0xe0, 0xec, 0x0e, 0x18, 0x01, 0x80, 0x00, 0x10, 0x44, 0x18, 0x01, 0x80, 0x00, 0x90, 0x44, 0x18,
    0x01, 0x80, 0x00, 0x50, 0x44, 0x18, 0x01, 0x80, 0x00, 0xd0, 0x44, 0x18, 0x01, 0x80, 0x00, 0x30,
    0x44, 0x18, 0x01, 0x80, 0x00, 0xb0, 0x44, 0x18, 0x01, 0x80, 0x00, 0x70, 0x44, 0x18, 0x01, 0x80,
    0x00, 0xf0, 0x44, 0x18, 0x01, 0x80, 0x00, 0x08, 0x44, 0x18, 0x01, 0x4b, 0x7c, 0xd8, 0x25, 0x4a,
    0x44, 0xd0, 0x00, 0xa4, 0x24, 0x4a, 0xe0, 0xf8, 0xa8, 0xe0, 0x00, 0x12, 0x00, 0x00, 0x98, 0xe7,
    0x00, 0x00, 0x10, 0x00, 0xa8, 0xe0, 0x00, 0x12, 0x00, 0x01, 0xa8, 0xe0, 0x00, 0x12, 0x00, 0x00,
    0x98, 0xe7, 0x00, 0x00, 0x08, 0x00, 0xa8, 0xe0, 0x00, 0x12, 0x00, 0x01, 0xa8, 0xe0, 0x00, 0x12,
    0x00, 0x00, 0x98, 0xe7, 0x00, 0x00, 0x04, 0x00, 0xa8, 0xe0, 0x00, 0x12, 0x00, 0x01, 0xa8, 0xe0,
    0x00, 0x12, 0x00, 0x00, 0x98, 0xe7, 0x00, 0x00, 0x02, 0x00, 0xa8, 0xe0, 0x00, 0x12, 0x00, 0x01,
    0xa8, 0xe0, 0x80, 0x12, 0x00, 0x00, 0x98, 0xe7, 0x00, 0x00, 0x20, 0x00, 0xa8, 0xe0, 0x80, 0x12,
    0x00, 0x01, 0xa8, 0xe0, 0x80, 0x12, 0x00, 0x00, 0x98, 0xe7, 0x00, 0x00, 0x40, 0x00, 0xa8, 0xe0,
    0x80, 0x12, 0x00, 0x01, 0xa8, 0xe0, 0x80, 0x12, 0x00, 0x00, 0x98, 0xe7, 0x00, 0x00, 0x02, 0x00,
    0xa8, 0xe0, 0x80, 0x12, 0x00, 0x01, 0xa8, 0xe0, 0x80, 0x12, 0x00, 0x00, 0x98, 0xe7, 0x00, 0x00,
    0x04, 0x00, 0xa8, 0xe0, 0x80, 0x12, 0x00, 0x01, 0xa8, 0xe0, 0x00, 0x12, 0x00, 0x00, 0x38, 0xe7,
    0x02, 0xa8, 0xe0, 0x00, 0x12, 0x00, 0x01, 0xa8, 0xe0, 0x00, 0x12, 0x00, 0x00, 0x38, 0xe7, 0x01,
    0xa8, 0xe0, 0x00, 0x12, 0x00, 0x01, 0x47, 0xbc, 0x80, 0x38, 0xe0, 0x24, 0x24, 0xcb, 0x2c, 0x64,
    0xe7, 0x33, 0x2c, 0xcb, 0x74, 0x61, 0x46, 0x3c, 0x24, 0xeb, 0xac, 0x41, 0x07, 0x30, 0x2c, 0xea,
    0x60, 0x24, 0xe7, 0x00, 0x20, 0xeb, 0xac, 0x26, 0xea, 0x10, 0x40, 0x17, 0x54, 0x24, 0x6b, 0xac,
    0x2c, 0x8a, 0x60, 0x30, 0xc4, 0x0c, 0x00, 0xa0, 0x24, 0xe4, 0x00, 0xd2, 0xc6, 0x7c, 0x80, 0x46,
    0xd2, 0x3f, 0x04, 0x86, 0x24, 0xe6, 0x00, 0x30, 0xc6, 0x0c, 0xd2, 0x86, 0x70, 0x23, 0x00, 0xb8,
    0xd3, 0x6e, 0x54, 0xff, 0x38, 0x60, 0x4a, 0x47, 0xcc, 0x80, 0xd5, 0xff, 0x89, 0x00, 0x24, 0xea,
    0xd8, 0x80, 0xe0, 0x1d, 0xc4, 0xa8, 0x00, 0x80, 0xa0, 0x9d, 0xc4, 0xa8, 0x00, 0x28, 0xea, 0xf0,
    0x88, 0xe0, 0x5d, 0xc4, 0xa8, 0x00, 0x28, 0xea, 0x88, 0x88, 0xe0, 0x3d, 0xc4, 0xa8, 0x00, 0x28,
    0xea, 0xe8, 0x88, 0xe0, 0x7d, 0xc4, 0xa8, 0x00, 0x28, 0xea, 0x98, 0x88, 0xe0, 0x03, 0xc4, 0xa8,
    0x00, 0x24, 0xea, 0x90, 0xd0, 0x00, 0x7e, 0x4b, 0x00, 0xe8, 0x80, 0xe0, 0x25, 0xf0, 0xa8, 0x00,
    0x80, 0xa0, 0x65, 0xf0, 0xa8, 0x00, 0x28, 0xea, 0xe8, 0x88, 0xe0, 0x35, 0xf0, 0xa8, 0x00, 0x28,
    0xea, 0x98, 0x88, 0xe0, 0x75, 0xf0, 0xa8, 0x00, 0x2c, 0xe4, 0x60, 0x8c, 0xe0, 0x0d, 0xf0, 0xa8,
    0x00, 0x28, 0xe4, 0x90, 0x88, 0xe0, 0x2d, 0xf0, 0xa8, 0x00, 0x28, 0xe4, 0xd0, 0x88, 0xe0, 0x6d,
    0xf0, 0xa8, 0x00, 0x28, 0xe4, 0xb0, 0x88, 0xe0, 0x1d, 0xf0, 0xa8, 0x00, 0x28, 0xe4, 0xf0, 0x88,
    0xe0, 0x5d, 0xf0, 0xa8, 0x00, 0x28, 0xe4, 0x88, 0x88, 0xe0, 0x3d, 0xf0, 0xa8, 0x00, 0x24, 0xe4,
    0x48, 0x80, 0xe0, 0x7d, 0xf0, 0xa8, 0x00, 0x24, 0xe4, 0xc8, 0x80, 0xe0, 0xfd, 0xf0, 0xa8, 0x00,
    0x24, 0xe4, 0x28, 0x80, 0xe0, 0x03, 0xf0, 0xa8, 0x00, 0x24, 0xe4, 0xa8, 0x80, 0xe0, 0x83, 0xf0,
    0xa8, 0x00, 0x24, 0xe4, 0x68, 0x80, 0xe0, 0x43, 0xf0, 0xa8, 0x00, 0x24, 0xe4, 0x68, 0x80, 0xe0,
    0xa9, 0xec, 0xa8, 0x00, 0x80, 0xc0, 0xa5, 0xf0, 0xa8, 0x00, 0x28, 0xea, 0xc8, 0x88, 0xe0, 0x15,
    0xf0, 0xa8, 0x00, 0x28, 0xea, 0xa8, 0x88, 0xe0, 0x55, 0xf0, 0xa8, 0x00, 0x24, 0xea, 0x90, 0xd0,
    0x40, 0x79, 0xd3, 0x00, 0xe8, 0x80, 0xe0, 0x05, 0xf0, 0xa8, 0x00, 0x46, 0xcd, 0x3f, 0x24, 0xe4,
    0x00, 0x80, 0xe0, 0x7d, 0xec, 0xa8, 0x00, 0x28, 0xea, 0xc8, 0x88, 0xe0, 0x03, 0xec, 0xa8, 0x00,
    0x28, 0xea, 0xa8, 0x88, 0xe0, 0x43, 0xec, 0xa8, 0x00, 0x24, 0xea, 0x90, 0xd0, 0x00, 0x7f, 0x03,
    0x46, 0x87, 0xdf, 0x84, 0xe0, 0x60, 0x2c, 0x18, 0x01, 0x3e, 0x07, 0x38, 0x38, 0xe7, 0x02, 0x80,
    0xe0, 0x60, 0x2c, 0x18, 0x01, 0x46, 0x11, 0xbf, 0x00, 0xe8, 0x80, 0xe0, 0x29, 0xec, 0xa8, 0x00,
    0x46, 0xb8, 0xbf, 0x4b, 0x35, 0x58, 0x46, 0xfd, 0xbf, 0x80, 0x00, 0x7a, 0xf0, 0xa8, 0x00, 0x46,
    0x70, 0xdf, 0x47, 0xa4, 0x00, 0x99, 0x40, 0x3d, 0x04, 0x28, 0x00, 0x04, 0x6a, 0x00, 0x80, 0x00,
    0xa0, 0x98, 0xc0, 0x23, 0xf0, 0xa8, 0x00, 0x4b, 0xbf, 0xc8, 0x04, 0x6a, 0x00, 0x80, 0x00, 0xa0,
    0x98, 0xc0, 0x35, 0xc4, 0xa8, 0x00, 0x47, 0xc4, 0x00, 0x46, 0xa7, 0xf2, 0x47, 0xa8, 0x80, 0x04,
    0x65, 0x98, 0x80, 0x00, 0x00, 0x08, 0x00, 0x4b, 0x5b, 0x98, 0x41, 0x03, 0x60, 0x47, 0xb8, 0x80,
    0x38, 0x60, 0x5a, 0x47, 0xc8, 0x80, 0xd5, 0xce, 0x09, 0x00, 0x00, 0xc8, 0x80, 0xc0, 0x37, 0xec,
    0xa8, 0x00, 0xd8, 0xe0, 0x01, 0xdd, 0x88, 0xe0, 0x77, 0xec, 0xa8, 0x00, 0x38, 0xe0, 0x08, 0x80,
    0xe0, 0x8f, 0xec, 0xa8, 0x00, 0x80, 0xe0, 0x0f, 0xec, 0xa8, 0x00, 0x80, 0xc0, 0x4f, 0xec, 0xa8,
    0x00, 0x38, 0xe0, 0xf0, 0x80, 0xe0, 0xcf, 0xec, 0xa8, 0x00, 0x80, 0x00, 0x2f, 0xec, 0xa8, 0x00,
    0x80, 0x00, 0xaf, 0xec, 0xa8, 0x00, 0x80, 0x00, 0xef, 0xec, 0xa8, 0x00, 0x80, 0x00, 0x6f, 0xec,
    0xa8, 0x00, 0x80, 0x00, 0x1f, 0xec, 0xa8, 0x00, 0x46, 0x52, 0x6e, 0x00, 0x47, 0xa1, 0x00, 0x05,
    0x83, 0x2e, 0x03, 0x40, 0x2c, 0xe3, 0x50, 0x24, 0x67, 0x80, 0x28, 0x8c, 0xac, 0x24, 0xa7, 0x60,
    0x24, 0xc7, 0x00, 0x49, 0xff, 0xf8, 0x6d, 0x43, 0x10, 0x2c, 0xec, 0x50, 0x24, 0x67, 0x80, 0x28,
    0x8c, 0xec, 0x24, 0xa7, 0x60, 0x24, 0xc7, 0x00, 0x4a, 0x5f, 0xf8, 0x09, 0x43, 0x2c, 0xcc, 0x50,
    0x24, 0xa6, 0xb8, 0x64, 0xea, 0x2b, 0x6c, 0xe7, 0x81, 0x00, 0xf1, 0x2c, 0xec, 0x14, 0x01, 0x51,
    0x2d, 0x4c, 0x0e, 0x24, 0x66, 0x80, 0x28, 0x8c, 0xb4, 0x24, 0xa6, 0x60, 0x24, 0xc6, 0x00, 0x49,
    0x0f, 0xf8, 0x2c, 0x6c, 0x3e, 0x2c, 0xec, 0x7e, 0x6c, 0xe7, 0x10, 0x2c, 0xec, 0x3e, 0x2d, 0x4c,
    0x7e, 0x2c, 0xec, 0x50, 0x24, 0x67, 0x80, 0x28, 0x8c, 0xf4, 0x24, 0xa7, 0x60, 0x24, 0xc7, 0x00,
    0x4a, 0x17, 0xf8, 0x08, 0x6a, 0x2c, 0x6c, 0x3e, 0x2c, 0xec, 0x50, 0x24, 0x67, 0x80, 0x28, 0x8c,
    0x8c, 0x24, 0xa7, 0x60, 0x24, 0xc7, 0x00, 0x49, 0x47, 0xf8, 0x2c, 0x6c, 0x1e, 0x2c, 0xec, 0x5e,
    0x34, 0xe7, 0xc0, 0x6c, 0xe7, 0x10, 0x2c, 0xec, 0x1e, 0x2d, 0x4c, 0x5e, 0x2c, 0xec, 0x50, 0x24,
    0x67, 0x80, 0x28, 0x8c, 0xcc, 0x24, 0xa7, 0x60, 0x24, 0xc7, 0x00, 0x49, 0x9b, 0xf8, 0x08, 0x6a,
    0x2c, 0x6c, 0x1e, 0x2c, 0xec, 0x50, 0x24, 0x67, 0x80, 0xd8, 0x80, 0x09, 0x0c, 0x24, 0xa7, 0x60,
    0x24, 0xc7, 0x00, 0x49, 0xcb, 0xf8, 0x34, 0x63, 0xe0, 0x39, 0xe0, 0x18, 0xd1, 0xc8, 0x35, 0x00,
    0x38, 0xe0, 0x18, 0x65, 0xe7, 0x1c, 0x2c, 0xec, 0x50, 0x24, 0x67, 0x80, 0xd8, 0x80, 0x89, 0x0c,
    0x24, 0xa7, 0x60, 0x24, 0xc7, 0x00, 0x4b, 0x53, 0xf8, 0x05, 0x43, 0x2c, 0xec, 0x50, 0x24, 0x67,
    0x80, 0xd8, 0x80, 0x29, 0x0c, 0x24, 0xa7, 0x60, 0x24, 0xc7, 0x00, 0x49, 0xa3, 0xf8, 0x34, 0x63,
    0xc0, 0x3c, 0x03, 0x40, 0x00, 0xc8, 0x00, 0xe4, 0x65, 0xc7, 0x32, 0x2c, 0xec, 0x50, 0x24, 0x67,
    0x80, 0xd8, 0x80, 0x49, 0x0c, 0x24, 0xa7, 0x60, 0x24, 0xc7, 0x00, 0x49, 0xbd, 0xf8, 0x05, 0x63,
    0x2c, 0xec, 0x50, 0x24, 0x67, 0x80, 0xd8, 0x80, 0xc9, 0x0c, 0x24, 0xa7, 0x60, 0x24, 0xc7, 0x00,
    0x4a, 0x1d, 0xf8, 0x34, 0x63, 0xc0, 0x39, 0xa0, 0x98, 0x40, 0xc3, 0x50, 0x39, 0xa0, 0x50, 0xd0,
    0x40, 0x39, 0x28, 0x35, 0x4a, 0xfc, 0x65, 0x4a, 0x7b, 0x65, 0x4a, 0x73, 0x34, 0xeb, 0xf8, 0x65,
    0x4a, 0x3d, 0x38, 0xe0, 0x50, 0x65, 0x4a, 0x3b, 0x2c, 0xec, 0x50, 0x24, 0x67, 0x80, 0x28, 0x8c,
    0x9c, 0x24, 0xa7, 0x60, 0x24, 0xc7, 0x00, 0x49, 0x55, 0xf8, 0x6d, 0x63, 0x10, 0x3e, 0x0b, 0x5a,
    0x2c, 0xec, 0x50, 0x24, 0x67, 0x80, 0x28, 0x8c, 0xdc, 0x24, 0xa7, 0x60, 0x24, 0xc7, 0x00, 0x49,
    0x25, 0xf8, 0x65, 0x4a, 0x6d, 0x98, 0xe0, 0x02, 0x42, 0xf0, 0x00, 0x65, 0x4a, 0x3b, 0x09, 0x63,
    0x3e, 0x0b, 0x5a, 0x65, 0x4a, 0x5d, 0x38, 0xe0, 0x26, 0x64, 0xea, 0x3d, 0x3e, 0x07, 0x3a, 0x28,
    0xec, 0x66, 0x38, 0xe0, 0x1e, 0x65, 0x4a, 0x3d, 0x3e, 0x0a, 0x52, 0x29, 0x4c, 0x16, 0x2c, 0xec,
    0x50, 0x24, 0x67, 0x80, 0x28, 0x8c, 0x82, 0x24, 0xa7, 0x60, 0x24, 0xc7, 0x00, 0x48, 0xa9, 0xf8,
    0x34, 0x63, 0xf0, 0x20, 0x70, 0x23, 0x2c, 0xec, 0x50, 0x24, 0x67, 0x80, 0x28, 0x8c, 0xc2, 0x24,
    0xa7, 0x60, 0x24, 0xc7, 0x00, 0x48, 0xf1, 0xf8, 0x20, 0x70, 0xa3, 0x2c, 0xec, 0x50, 0x24, 0x67,
    0x80, 0x28, 0x8c, 0xbc, 0x24, 0xa7, 0x60, 0x24, 0xc7, 0x00, 0x4b, 0x91, 0xf8, 0x35, 0x43, 0xf0,
    0x6d, 0x4a, 0x10, 0x2c, 0xec, 0x50, 0x24, 0x67, 0x80, 0x28, 0x8c, 0xfc, 0x24, 0xa7, 0x60, 0x24,
    0xc7, 0x00, 0x4b, 0xc1, 0xf8, 0x30, 0x63, 0x0f, 0x08, 0x6a, 0x94, 0xe3, 0x00, 0xff, 0x00, 0x00,
    0x6c, 0xe7, 0x11, 0x20, 0xf0, 0x63, 0x3e, 0x03, 0x18, 0x20, 0x70, 0xe3, 0x00, 0x80, 0x2c, 0xec,
    0x40, 0xdb, 0x27, 0x48, 0x40, 0xdb, 0x07, 0xc0, 0x40, 0xda, 0xe7, 0x00, 0xa0, 0x60, 0xe4, 0xcc,
    0x24, 0xc7, 0x00, 0x3e, 0x06, 0x30, 0xd8, 0xe4, 0x19, 0x00, 0x6c, 0xe7, 0x40, 0x08, 0xec, 0x2c,
    0xc7, 0x20, 0x60, 0xe4, 0xc4, 0x24, 0xc7, 0x00, 0x3e, 0x06, 0x30, 0xd8, 0xe4, 0x11, 0x00, 0x6c,
    0xe7, 0x40, 0x08, 0xec, 0x2c, 0xc7, 0x20, 0x60, 0xa4, 0xbc, 0x24, 0xc5, 0x00, 0x3e, 0x06, 0x30,
    0x30, 0xe4, 0x16, 0x6c, 0xe7, 0x40, 0x08, 0xec, 0x2c, 0xc7, 0x20, 0x24, 0xc5, 0x00, 0x3e, 0x06,
    0x30, 0x30, 0xe4, 0x1e, 0x6c, 0xe7, 0x40, 0x08, 0xec, 0x2c, 0xc7, 0x20, 0x00, 0x98, 0x38, 0xe0,
    0xf0, 0xd2, 0xc8, 0x73, 0x5f, 0x47, 0xb1, 0x00, 0x38, 0xe0, 0x50, 0x65, 0xa3, 0x3b, 0x0e, 0xb5,
    0x2e, 0xe3, 0x40, 0x24, 0xf7, 0xe0, 0x3e, 0x07, 0x38, 0x38, 0xe7, 0x40, 0x20, 0xf7, 0xe0, 0x20,
    0x17, 0x58, 0x38, 0xe0, 0x02, 0x20, 0xf7, 0x98, 0x20, 0x17, 0x1c, 0x38, 0xe0, 0x08, 0x20, 0xf7,
    0x52, 0x20, 0xf7, 0xd2, 0x38, 0xe0, 0xfe, 0x20, 0xf7, 0x00, 0x00, 0xe8, 0x20, 0xf7, 0x20, 0x00,
    0xec, 0x20, 0xf7, 0xd8, 0x98, 0x80, 0x34, 0x17, 0x28, 0x00, 0x04, 0xa4, 0x28, 0xe5, 0x80, 0x08,
    0xf7, 0x24, 0xc5, 0xc0, 0x20, 0xc7, 0x00, 0x00, 0xb2, 0x98, 0xe0, 0x26, 0x17, 0x28, 0x00, 0xd2,
    0xca, 0x7b, 0x7f, 0x00, 0xe4, 0x20, 0xf7, 0xd8, 0x28, 0xe4, 0x80, 0x08, 0xf7, 0x24, 0xc4, 0xc0,
    0x20, 0xc7, 0x00, 0x00, 0x92, 0xd2, 0xca, 0x4c, 0xff, 0x88, 0xe0, 0xa4, 0x97, 0x28, 0x00, 0x08,
    0xf7, 0x84, 0xc0, 0xe4, 0x97, 0x28, 0x00, 0x20, 0xc7, 0x00, 0x88, 0xe0, 0x94, 0x97, 0x28, 0x00,
    0x08, 0xf7, 0x84, 0xc0, 0xd4, 0x97, 0x28, 0x00, 0x20, 0xc7, 0x00, 0x88, 0xe0, 0xb4, 0x97, 0x28,
    0x00, 0x08, 0xf7, 0x84, 0xc0, 0xf4, 0x97, 0x28, 0x00, 0x20, 0xc7, 0x00, 0x98, 0xa0, 0x0c, 0x97,
    0x28, 0x00, 0x28, 0xe5, 0x80, 0x08, 0xf7, 0x24, 0xc5, 0xc0, 0x20, 0xc7, 0x00, 0x00, 0xb2, 0x98,
    0xe0, 0x26, 0x97, 0x28, 0x00, 0xd2, 0xca, 0x7b, 0x7f, 0x98, 0xa0, 0x26, 0x97, 0x28, 0x00, 0x28,
    0xe5, 0x80, 0x08, 0xf7, 0x24, 0xc5, 0xc0, 0x20, 0xc7, 0x00, 0x00, 0xb2, 0x98, 0xe0, 0x31, 0x97,
    0x28, 0x00, 0xd2, 0xca, 0x7b, 0x7f, 0x98, 0xa0, 0x26, 0x17, 0x28, 0x00, 0x28, 0xe5, 0x80, 0x08,
    0xf7, 0x24, 0xc5, 0xc0, 0x20, 0xc7, 0x00, 0x00, 0xb2, 0x98, 0xe0, 0x24, 0x97, 0x28, 0x00, 0xd2,
    0xca, 0x7b, 0x7f, 0x98, 0xa0, 0x31, 0x97, 0x28, 0x00, 0x28, 0xe5, 0x80, 0x08, 0xf7, 0x24, 0xc5,
    0xc0, 0x20, 0xc7, 0x00, 0x00, 0xb2, 0x98, 0xe0, 0x03, 0x97, 0x28, 0x00, 0xd2, 0xca, 0x7b, 0x7f,
    0x98, 0xa0, 0x3b, 0x97, 0x28, 0x00, 0x28, 0xe5, 0x80, 0x08, 0xf7, 0x24, 0xc5, 0xc0, 0x20, 0xc7,
    0x00, 0x00, 0xb2, 0x98, 0xe0, 0x38, 0x57, 0x28, 0x00, 0xd2, 0xca, 0x7b, 0x7f, 0x98, 0xa0, 0x38,
    0x57, 0x28, 0x00, 0x28, 0xe5, 0x80, 0x08, 0xf7, 0x24, 0xc5, 0xc0, 0x20, 0xc7, 0x00, 0x00, 0xb2,
    0x98, 0xe0, 0x1a, 0x57, 0x28, 0x00, 0xd2, 0xca, 0x7b, 0x7f, 0x98, 0xa0, 0x1a, 0x57, 0x28, 0x00,
    0x28, 0xe5, 0x80, 0x08, 0xf7, 0x24, 0xc5, 0xc0, 0x20, 0xc7, 0x00, 0x00, 0xb2, 0x98, 0xe0, 0x29,
    0x57, 0x28, 0x00, 0xd2, 0xca, 0x7b, 0x7f, 0x98, 0xa0, 0x29, 0x57, 0x28, 0x00, 0x28, 0xe5, 0x80,
    0x08, 0xf7, 0x24, 0xc5, 0xc0, 0x20, 0xc7, 0x00, 0x00, 0xb2, 0x98, 0xe0, 0x3b, 0x57, 0x28, 0x00,
    0xd2, 0xca, 0x7b, 0x7f, 0x98, 0xa0, 0x03, 0x97, 0x28, 0x00, 0x28, 0xe5, 0x80, 0x08, 0xf7, 0x24,
    0xc5, 0xc0, 0x20, 0xc7, 0x00, 0x00, 0xb2, 0x98, 0xe0, 0x3b, 0x97, 0x28, 0x00, 0xd2, 0xca, 0x7b,
    0x7f, 0x98, 0xa0, 0x3b, 0x57, 0x28, 0x00, 0x28, 0xe5, 0x80, 0x08, 0xf7, 0x24, 0xc5, 0xc0, 0x20,
    0xc7, 0x00, 0x00, 0xb2, 0x98, 0xe0, 0x2b, 0xd7, 0x28, 0x00, 0xd2, 0xca, 0x7b, 0x7f, 0x2c, 0xe3,
    0x50, 0xcc, 0x67, 0x32, 0x80, 0xd8, 0xe0, 0x80, 0xac, 0x28, 0xe3, 0x34, 0xd8, 0xe0, 0x40, 0xac,
    0x28, 0xe3, 0x74, 0xd8, 0xe0, 0x50, 0xac, 0x28, 0xe3, 0x0c, 0xd8, 0xe0, 0xd0, 0xac, 0x28, 0xe3,
    0x4c, 0xd8, 0xe0, 0x02, 0xc0, 0x28, 0xe3, 0x2c, 0xd8, 0xe0, 0x82, 0xc0, 0x28, 0xe3, 0x6c, 0xd8,
    0xe0, 0x42, 0xc0, 0x28, 0xe3, 0x1c, 0xd8, 0xe0, 0xc2, 0xc0, 0x28, 0xe3, 0x5c, 0xd8, 0xe0, 0x72,
    0xc0, 0x28, 0xe3, 0x3c, 0xd8, 0xe0, 0xf2, 0xc0, 0x28, 0xe3, 0x7c, 0xd8, 0xe0, 0x32, 0xc0, 0x28,
    0xe3, 0x02, 0xd8, 0xe0, 0xb2, 0xc0, 0x28, 0xe3, 0x42, 0xd8, 0xe0, 0x10, 0x4c, 0x28, 0xe3, 0x52,
    0x20, 0x03, 0xa4, 0x00, 0xec, 0x20, 0xe3, 0x29, 0xc0, 0xe3, 0x44, 0x80, 0x00, 0xe4, 0xc0, 0xe3,
    0x0f, 0x40, 0xd8, 0xe0, 0x07, 0xc0, 0x2c, 0xe3, 0x2e, 0x28, 0x03, 0x26, 0x38, 0xe0, 0x26, 0x2c,
    0xe3, 0x01, 0x38, 0xe0, 0x2a, 0x2c, 0xe3, 0x21, 0x38, 0xe0, 0x2e, 0x2c, 0xe3, 0x11, 0x38, 0xe0,
    0x10, 0x20, 0xe3, 0x89, 0x00, 0xea, 0x20, 0xe3, 0x09, 0x38, 0xc0, 0x84, 0x20, 0xd7, 0x53, 0x38,
    0xe0, 0x48, 0x20, 0xf7, 0xd3, 0x20, 0xd7, 0x33, 0x20, 0xf7, 0xb3, 0x38, 0xe0, 0x44, 0x20, 0xf7,
    0x73, 0x20, 0xf7, 0xf3, 0x00, 0xe8, 0x20, 0xe3, 0xad, 0x46, 0xcf, 0x5f, 0x47, 0xac, 0xc0, 0x05,
    0x43, 0x00, 0xee, 0x80, 0xe0, 0x80, 0x44, 0x18, 0x01, 0x2c, 0x01, 0x20, 0x2c, 0xe1, 0x60, 0x98,
    0xc0, 0xfe, 0x21, 0x78, 0x00, 0xd3, 0x4e, 0x69, 0x80, 0x2c, 0xe1, 0x60, 0x00, 0xf8, 0x2c, 0xe1,
    0x20, 0x2c, 0xe1, 0x60, 0x98, 0xc0, 0xfe, 0x21, 0x78, 0x00, 0xd3, 0x0c, 0x7f, 0x7f, 0xc0, 0x0a,
    0x4a, 0x80, 0x24, 0x6a, 0x80, 0xd8, 0x80, 0x50, 0x0c, 0x24, 0xaa, 0x60, 0x00, 0xc8, 0x4b, 0x0d,
    0x78, 0x05, 0x63, 0x24, 0x6a, 0x80, 0xd8, 0x80, 0xd0, 0x0c, 0x24, 0xaa, 0x60, 0x00, 0xc8, 0x49,
    0x35, 0x78, 0x04, 0xe3, 0x38, 0xc0, 0xe9, 0xd2, 0x96, 0x63, 0x80, 0x98, 0x60, 0x37, 0x2b, 0x28,
    0x00, 0xd8, 0x80, 0x50, 0x0c, 0x04, 0xab, 0xd8, 0xc0, 0xd0, 0x0c, 0x48, 0x48, 0x88, 0x00, 0x6f,
    0x47, 0xbc, 0xc0, 0x00, 0x60, 0x38, 0xc0, 0xc8, 0xd2, 0xce, 0x6c, 0x7f, 0x47, 0xbc, 0xc0, 0x47,
    0xa2, 0x00, 0x05, 0x83, 0x38, 0xc0, 0xc2, 0xd2, 0x88, 0x67, 0x20, 0xd3, 0x8c, 0x41, 0x40, 0x38,
    0xc0, 0x22, 0xd2, 0x88, 0x60, 0xc0, 0x38, 0xe0, 0xa2, 0xd2, 0xc8, 0x78, 0x40, 0x00, 0x60, 0x8c,
    0xe0, 0x41, 0x20, 0xa8, 0x00, 0x40, 0x07, 0xd0, 0x24, 0xac, 0x20, 0x40, 0xc5, 0x52, 0x00, 0x6f,
    0x47, 0xb2, 0x00, 0x38, 0xe0, 0x82, 0xd2, 0x88, 0x7f, 0x40, 0x04, 0x6c, 0x48, 0x5d, 0xf8, 0x47,
    0xb2, 0x00, 0x2c, 0xa3, 0x18, 0x2c, 0xa3, 0x28, 0x00, 0xe8, 0x8c, 0xe0, 0x01, 0x20, 0xa8, 0x00,
    0x00, 0x60, 0x47, 0xb2, 0x00, 0x20, 0xa3, 0xb8, 0x00, 0xe8, 0x8c, 0xe0, 0x01, 0x20, 0xa8, 0x00,
    0x00, 0x60, 0x47, 0xb2, 0x00, 0x20, 0xa3, 0x20, 0x00, 0xe8, 0x8c, 0xe0, 0x01, 0x20, 0xa8, 0x00,
    0x00, 0x60, 0x47, 0xb2, 0x00, 0x2c, 0xec, 0x58, 0x98, 0xc0, 0x04, 0xc0, 0x00, 0xa0, 0xd2, 0x8e,
    0x6c, 0x08, 0x98, 0xa0, 0x09, 0x80, 0x01, 0x40, 0xd2, 0x8e, 0x5c, 0x48, 0x98, 0xc0, 0x03, 0x00,
    0x02, 0x80, 0xd2, 0xce, 0x6d, 0xe0, 0x24, 0xec, 0xb8, 0x98, 0xc0, 0x02, 0x77, 0x28, 0x00, 0x38,
    0xa0, 0x03, 0xd2, 0x8e, 0x5f, 0xc0, 0x24, 0xec, 0xb8, 0x98, 0xc0, 0x14, 0x8f, 0x28, 0x00, 0x38,
    0xa0, 0x13, 0xd2, 0x8e, 0x5f, 0x40, 0x24, 0xec, 0xb8, 0x98, 0xc0, 0x0f, 0xef, 0x28, 0x00, 0x38,
    0xa0, 0x78, 0xd2, 0x8e, 0x5f, 0x80, 0x38, 0xc0, 0x3c, 0xd2, 0x8e, 0x6d, 0x58, 0x38, 0xa0, 0x1e,
    0xd2, 0x8e, 0x53, 0x48, 0x38, 0xc0, 0x0f, 0xd2, 0xce, 0x6e, 0xaf, 0x98, 0xc0, 0x26, 0x9f, 0x28,
    0x00, 0x05, 0x46, 0x01, 0x60, 0x24, 0x6c, 0x80, 0x28, 0x8a, 0x80, 0x24, 0xaa, 0xc0, 0x24, 0xcc,
    0x60, 0x24, 0xec, 0x00, 0x49, 0xdf, 0xb8, 0x01, 0x78, 0x01, 0x52, 0x38, 0xc0, 0xf8, 0xd2, 0xd6,
    0x6e, 0x7f, 0x8c, 0x00, 0x01, 0x20, 0xa8, 0x00, 0x00, 0x60, 0x47, 0xb2, 0x00, 0x98, 0xc0, 0x04,
    0xc0, 0x00, 0xa0, 0xd2, 0xce, 0x69, 0x68, 0x24, 0xec, 0xb8, 0x98, 0xc0, 0x3d, 0x77, 0x28, 0x00,
    0x40, 0xe7, 0x83, 0x38, 0xc0, 0xb0, 0xd2, 0x8e, 0x67, 0x70, 0x38, 0xa0, 0x98, 0xd2, 0x8e, 0x5e,
    0xf0, 0x38, 0xc0, 0x4c, 0xd2, 0x8e, 0x61, 0x70, 0x24, 0xec, 0xb8, 0x98, 0xc0, 0x25, 0x8f, 0x28,
    0x00, 0x38, 0xa0, 0x10, 0xd2, 0x8e, 0x5b, 0x9f, 0x38, 0xa0, 0xf0, 0xd2, 0x8e, 0x58, 0x70, 0x38,
    0xc0, 0x78, 0xd2, 0x8e, 0x64, 0x70, 0x38, 0xa0, 0x3c, 0xd2, 0x8e, 0x5d, 0x70, 0x38, 0xc0, 0x90,
    0xd2, 0x8e, 0x63, 0xb0, 0x38, 0xa0, 0x08, 0xd2, 0x8e, 0x5b, 0x70, 0x38, 0xc0, 0xf8, 0xd2, 0x8e,
    0x67, 0xb0, 0x38, 0xa0, 0xbc, 0xd2, 0xce, 0x59, 0xd7, 0x98, 0xc0, 0x10, 0xaf, 0x28, 0x00, 0x0d,
    0x1b, 0x24, 0xec, 0xb8, 0x98, 0xc0, 0x2b, 0xd7, 0x28, 0x00, 0xd0, 0x18, 0x7e, 0xaf, 0x38, 0xa0,
    0x30, 0xd2, 0x8e, 0x5d, 0xe0, 0x38, 0xc0, 0x18, 0xd2, 0x8e, 0x63, 0x60, 0x38, 0xa0, 0x0c, 0xd2,
    0xce, 0x51, 0xef, 0x98, 0xc0, 0x12, 0xb7, 0x28, 0x00, 0x0c, 0x73, 0x24, 0xec, 0xb8, 0x98, 0xc0,
    0x23, 0xb7, 0x28, 0x00, 0x38, 0xa0, 0x06, 0xd2, 0x8e, 0x55, 0x4f, 0x98, 0xc0, 0x35, 0x0f, 0x28,
    0x00, 0x38, 0xa0, 0x26, 0xd2, 0x8e, 0x5b, 0x8f, 0x24, 0xec, 0xb8, 0x98, 0xc0, 0x21, 0xaf, 0x28,
    0x00, 0x38, 0xa0, 0x10, 0xd2, 0x8e, 0x5b, 0x0f, 0x38, 0xc0, 0xf0, 0xd2, 0x8e, 0x68, 0x90, 0x38,
    0xa0, 0x78, 0xd2, 0x8e, 0x54, 0x10, 0x38, 0xc0, 0x3c, 0xd2, 0x8e, 0x6c, 0xe0, 0x38, 0xa0, 0x1e,
    0xd2, 0xce, 0x57, 0xc7, 0x98, 0xc0, 0x2e, 0xef, 0x28, 0x00, 0x0f, 0x9d, 0x98, 0xc0, 0x17, 0x1f,
    0x28, 0x00, 0x0f, 0xed, 0x98, 0xc0, 0x33, 0x37, 0x28, 0x00, 0x0f, 0xad, 0x98, 0xc0, 0x0a, 0x37,
    0x28, 0x00, 0x0f, 0xcd, 0x98, 0xc0, 0x1c, 0xf7, 0x28, 0x00, 0x0f, 0x8d, 0x98, 0xc0, 0x0c, 0x0f,
    0x28, 0x00, 0x0f, 0xf5, 0x98, 0xc0, 0x2d, 0xf7, 0x28, 0x00, 0x0f, 0xb5, 0x98, 0xc0, 0x04, 0x4f,
    0x28, 0x00, 0x0f, 0xd5, 0x98, 0xc0, 0x39, 0x4f, 0x28, 0x00, 0x0f, 0x95, 0x98, 0xc0, 0x29, 0xcf,
    0x28, 0x00, 0x0f, 0xe5, 0x98, 0xc0, 0x18, 0xcf, 0x28, 0x00, 0x0f, 0xa5, 0x98, 0xc0, 0x31, 0x2f,
    0x28, 0x00, 0x0f, 0xc5, 0x98, 0xc0, 0x08, 0x2f, 0x28, 0x00, 0x0f, 0x85, 0x98, 0xc0, 0x1f, 0x6f,
    0x28, 0x00, 0x0f, 0xf9, 0x98, 0xc0, 0x3e, 0x6f, 0x28, 0x00, 0x0f, 0xb9, 0x98, 0xc0, 0x00, 0x6f,
    0x28, 0x00, 0x0f, 0xd9, 0x98, 0xc0, 0x36, 0x1f, 0x28, 0x00, 0x0f, 0x99, 0x98, 0xa0, 0x09, 0x80,
    0x01, 0x40, 0xd2, 0x8e, 0x58, 0xc0, 0x98, 0xc0, 0x03, 0x00, 0x02, 0x80, 0xd2, 0x8e, 0x65, 0x87,
    0x98, 0xc0, 0x04, 0xc0, 0x00, 0xa0, 0xd2, 0x8e, 0x64, 0x57, 0x98, 0xc0, 0x09, 0x80, 0x01, 0x40,
    0xd2, 0x8e, 0x61, 0x4f, 0x98, 0xc0, 0x03, 0x00, 0x02, 0x80, 0xd2, 0x8e, 0x63, 0x07, 0x00, 0x6f,
    0x46, 0x01, 0xbf, 0x24, 0xec, 0xb8, 0x0e, 0x83, 0x98, 0xe0, 0x06, 0xf0, 0xa8, 0x00, 0x8c, 0xe0,
    0x14, 0x1c, 0xa8, 0x00, 0x98, 0xe0, 0x00, 0x0d, 0x40, 0x03, 0x8c, 0xe0, 0x34, 0x1c, 0xa8, 0x00,
    0x8c, 0xe0, 0x50, 0x23, 0x00, 0x03, 0x94, 0xe7, 0xff, 0xff, 0x00, 0x00, 0x8c, 0xe0, 0x10, 0x23,
    0x00, 0x03, 0x8c, 0x00, 0x30, 0x23, 0x00, 0x03, 0x47, 0xd2, 0x48, 0x47, 0xaa, 0x80, 0x8d, 0x60,
    0x70, 0x23, 0x00, 0x03, 0xd1, 0x00, 0xb2, 0xb0, 0x01, 0x40, 0x01, 0x82, 0x01, 0xaf, 0x0e, 0x88,
    0x21, 0xa5, 0x80, 0x6c, 0xe6, 0x12, 0x34, 0xe7, 0xf0, 0x20, 0xe5, 0x00, 0x8c, 0xa0, 0x54, 0x1c,
    0xa8, 0x00, 0x24, 0x85, 0x80, 0x38, 0xe0, 0x10, 0xd2, 0x88, 0x7f, 0xe0, 0xd3, 0xc8, 0x7f, 0x50,
    0xd2, 0x20, 0x4e, 0x30, 0x04, 0x65, 0x4a, 0x08, 0xc0, 0x88, 0xe0, 0xc4, 0x1c, 0xa8, 0x00, 0x00,
    0xf2, 0x94, 0xe7, 0xff, 0x80, 0x00, 0x00, 0x88, 0xe0, 0x44, 0x1c, 0xa8, 0x00, 0x01, 0x52, 0xd3,
    0x14, 0xb9, 0x10, 0x88, 0xe0, 0xc4, 0x1c, 0xa8, 0x00, 0x8c, 0xc0, 0x74, 0x1c, 0xa8, 0x00, 0x08,
    0xc7, 0x2c, 0xc6, 0x40, 0x8d, 0x80, 0x30, 0x23, 0x00, 0x03, 0x8c, 0xa0, 0x54, 0x1c, 0xa8, 0x00,
    0x34, 0xe6, 0x80, 0x41, 0x07, 0xb9, 0x6c, 0xe6, 0x82, 0x34, 0xe7, 0xf8, 0x20, 0xe5, 0x80, 0x6c,
    0xe6, 0x62, 0x34, 0xe7, 0xf0, 0x20, 0xe5, 0x00, 0x6c, 0xe6, 0x32, 0x34, 0xe7, 0xf0, 0x28, 0xe5,
    0x20, 0x6c, 0xe6, 0x09, 0x28, 0xe5, 0x40, 0x8c, 0xa0, 0x54, 0x1c, 0xa8, 0x00, 0x24, 0x85, 0x80,
    0x38, 0xe0, 0x10, 0xd2, 0xc8, 0x79, 0x1f, 0x24, 0xa5, 0x00, 0xd0, 0x20, 0x57, 0x50, 0xd0, 0x30,
    0x54, 0x50, 0x98, 0x60, 0x2c, 0xab, 0x28, 0x00, 0x38, 0x80, 0x10, 0x48, 0x44, 0x08, 0x88, 0xe0,
    0xc4, 0x1c, 0xa8, 0x00, 0x00, 0xf2, 0x94, 0xe7, 0xff, 0x80, 0x00, 0x00, 0x88, 0xe0, 0x44, 0x1c,
    0xa8, 0x00, 0x01, 0x52, 0xd3, 0x56, 0xaf, 0xef, 0x47, 0xba, 0x80, 0x38, 0xe0, 0xff, 0xd2, 0xc8,
    0x76, 0xaf, 0x24, 0x85, 0x00, 0x38, 0xe0, 0xd0, 0xd3, 0x8e, 0x49, 0x40, 0x98, 0x60, 0x81, 0xab,
    0x28, 0x00, 0x4a, 0x28, 0x08, 0x0c, 0x8b, 0x24, 0xe5, 0x00, 0xd0, 0x30, 0x79, 0x50, 0x40, 0xe7,
    0x96, 0x40, 0x87, 0xfa, 0x98, 0x60, 0x08, 0xab, 0x28, 0x00, 0x04, 0xa7, 0x4b, 0xb0, 0x08, 0x0d,
    0x53, 0x6c, 0xe4, 0x40, 0x90, 0xe7, 0x0b, 0x54, 0x28, 0x00, 0x2c, 0xe7, 0x40, 0x47, 0xd2, 0x38,
    0x00, 0x14, 0x2b, 0x8e, 0x00, 0x14, 0x2b, 0x89, 0x00, 0x14, 0x2b, 0x84, 0x00, 0x14, 0x2b, 0x6d,
    0x00, 0x14, 0x2b, 0x68, 0x00, 0x14, 0x2a, 0x9c, 0x00, 0x14, 0x2a, 0x9c, 0x00, 0x14, 0x2a, 0x9c,
    0x00, 0x14, 0x2a, 0x9c, 0x00, 0x14, 0x2a, 0x9c, 0x00, 0x14, 0x2a, 0x9c, 0x00, 0x14, 0x2b, 0x5d,
    0x38, 0x60, 0x10, 0x48, 0xe2, 0xf0, 0x0f, 0x1d, 0x38, 0x60, 0x10, 0x4b, 0xc2, 0xf0, 0x0f, 0x6d,
    0x04, 0x64, 0x4a, 0xd2, 0x24, 0x0c, 0xad, 0x8f, 0x20, 0x72, 0x00, 0xa8, 0x00, 0xd1, 0x01, 0x93,
    0x37, 0x8f, 0x00, 0x52, 0x00, 0xa8, 0x00, 0x2c, 0xf8, 0x40, 0x30, 0xd8, 0x0c, 0x02, 0xe0, 0x24,
    0xe7, 0x40, 0xd2, 0x88, 0x79, 0x80, 0x02, 0xf8, 0xd3, 0x2f, 0x98, 0xd7, 0x07, 0x06, 0x2c, 0xe6,
    0x40, 0x30, 0xc6, 0x0c, 0x24, 0xe7, 0x40, 0xd2, 0xc8, 0x7f, 0x7f, 0x28, 0xe5, 0xc0, 0x2c, 0xf8,
    0x10, 0x0c, 0x65, 0x04, 0x64, 0x28, 0x85, 0xc0, 0x4b, 0x03, 0x24, 0x0d, 0xc5, 0x98, 0x60, 0x56,
    0xab, 0x28, 0x00, 0x48, 0x27, 0xf0, 0x0f, 0x05, 0x49, 0xc1, 0x64, 0x0d, 0xf9, 0x8c, 0x80, 0x70,
    0xe3, 0x00, 0x03, 0x6c, 0x84, 0x49, 0x98, 0x60, 0xea, 0xab, 0x28, 0x00, 0x34, 0x84, 0xf0, 0x48,
    0xbb, 0xf0, 0x0f, 0x99, 0x4b, 0x27, 0x64, 0x0d, 0x19, 0x49, 0x65, 0x64, 0x0e, 0xe9, 0x49, 0x7a,
    0x64, 0x0c, 0x69, 0x00, 0x47, 0xac, 0x80, 0x80, 0x00, 0x08, 0x1c, 0xa8, 0x00, 0x84, 0xe0, 0xbf,
    0xec, 0xa8, 0x00, 0x38, 0xc0, 0x8c, 0xd3, 0x8c, 0x7f, 0x00, 0x00, 0xee, 0x80, 0xe0, 0x08, 0x1c,
    0xa8, 0x00, 0x47, 0xbc, 0x80, 0x6c, 0xe7, 0x40, 0x90, 0xe7, 0x23, 0xd4, 0x28, 0x00, 0x2c, 0xe7,
    0x40, 0x47, 0xd2, 0x38, 0x00, 0x14, 0x2c, 0xa1, 0x00, 0x14, 0x2c, 0xf4, 0x00, 0x14, 0x2b, 0xaa,
    0x00, 0x14, 0x2d, 0x48, 0x00, 0x14, 0x2b, 0xaa, 0x00, 0x14, 0x2d, 0x99, 0x00, 0x14, 0x2d, 0xc5,
    0x00, 0x14, 0x2b, 0xb2, 0x00, 0x14, 0x2e, 0x34, 0x00, 0x14, 0x2e, 0x65, 0x00, 0x14, 0x2c, 0xd9,
    0x00, 0x14, 0x2e, 0x7a, 0x00, 0x14, 0x2b, 0xb2, 0x00, 0x14, 0x2b, 0xaa, 0x00, 0x14, 0x2b, 0xaa,
    0x00, 0x14, 0x2b, 0xaa, 0x00, 0x14, 0x2b, 0xaa, 0x00, 0x14, 0x2b, 0xaa, 0x00, 0x14, 0x2b, 0xaa,
    0x00, 0x14, 0x2b, 0xaa, 0x00, 0x14, 0x2b, 0xaa, 0x00, 0x14, 0x2b, 0xaa, 0x00, 0x14, 0x2b, 0xaa,
    0x00, 0x14, 0x2b, 0xaa, 0x00, 0x14, 0x2b, 0xaa, 0x00, 0x14, 0x2b, 0xaa, 0x00, 0x14, 0x2b, 0xaa,
    0x00, 0x14, 0x2b, 0xaa, 0x00, 0x14, 0x2b, 0xaa, 0x00, 0x14, 0x2b, 0xaa, 0x00, 0x14, 0x2b, 0xaa,
    0x00, 0x14, 0x2b, 0xaa, 0x00, 0x14, 0x2b, 0xaa, 0x00, 0x14, 0x2b, 0xaa, 0x00, 0x14, 0x2b, 0xaa,
    0x00, 0x14, 0x2b, 0xaa, 0x00, 0x14, 0x2b, 0xaa, 0x00, 0x14, 0x2b, 0xaa, 0x00, 0x14, 0x2b, 0xaa,
    0x00, 0x14, 0x2b, 0xaa, 0x00, 0x14, 0x2b, 0xaa, 0x00, 0x14, 0x2b, 0xaa, 0x00, 0x14, 0x2b, 0xaa,
    0x00, 0x14, 0x2b, 0xaa, 0x00, 0x14, 0x2b, 0xaa, 0x00, 0x14, 0x2b, 0xaa, 0x00, 0x14, 0x2b, 0xaa,
    0x00, 0x14, 0x2b, 0xaa, 0x00, 0x14, 0x2e, 0xc2, 0x00, 0x14, 0x2c, 0x8c, 0x84, 0xc0, 0x04, 0x1c,
    0xa8, 0x00, 0xd0, 0x40, 0x60, 0x4f, 0x00, 0xe2, 0x80, 0xe0, 0x04, 0x1c, 0xa8, 0x00, 0x47, 0xbc,
    0x80, 0x84, 0xe0, 0x04, 0x1c, 0xa8, 0x00, 0x41, 0x07, 0x42, 0x01, 0x48, 0x81, 0x40, 0x04, 0x1c,
    0xa8, 0x00, 0x84, 0x80, 0x3f, 0xec, 0xa8, 0x00, 0x38, 0xc0, 0x81, 0xd2, 0x88, 0x66, 0x6a, 0x38,
    0xe0, 0x41, 0xd2, 0x88, 0x72, 0xca, 0x38, 0xc0, 0x01, 0xd2, 0x88, 0x64, 0x8a, 0x98, 0x60, 0x4d,
    0xab, 0x28, 0x00, 0x47, 0xcc, 0x80, 0x46, 0xb8, 0x7c, 0x85, 0x40, 0x00, 0x1c, 0xa8, 0x00, 0x84,
    0xc0, 0x04, 0x1c, 0xa8, 0x00, 0xd0, 0x00, 0x6b, 0xf8, 0x00, 0xec, 0x80, 0xe0, 0x04, 0x1c, 0xa8,
    0x00, 0x47, 0xbc, 0x80, 0x01, 0x42, 0x81, 0x40, 0x04, 0x1c, 0xa8, 0x00, 0x84, 0xe0, 0x3f, 0xec,
    0xa8, 0x00, 0xd0, 0x20, 0x79, 0xc2, 0xd0, 0x10, 0x7f, 0x44, 0xd0, 0x40, 0x70, 0x57, 0x8c, 0xe0,
    0x68, 0x1c, 0xa8, 0x00, 0xd2, 0x18, 0x73, 0xca, 0x84, 0x80, 0x7f, 0xec, 0xa8, 0x00, 0x38, 0xe0,
    0x0c, 0xd2, 0x88, 0x77, 0x76, 0x38, 0xe0, 0x8c, 0xd2, 0x88, 0x73, 0x1e, 0x38, 0xe0, 0x4c, 0xd2,
    0xc8, 0x7e, 0x0e, 0x88, 0xc0, 0xa4, 0x1c, 0xa8, 0x00, 0x94, 0xe6, 0xf7, 0xff, 0x00, 0x00, 0x88,
    0xe0, 0x24, 0x1c, 0xa8, 0x00, 0x47, 0xbc, 0x80, 0x01, 0x62, 0x81, 0x60, 0x04, 0x1c, 0xa8, 0x00,
    0x85, 0x40, 0x3f, 0xec, 0xa8, 0x00, 0xd0, 0x20, 0xac, 0xdc, 0xd0, 0x10, 0xae, 0x84, 0xd0, 0x40,
    0xa3, 0x27, 0x8c, 0xe0, 0x68, 0x1c, 0xa8, 0x00, 0xd2, 0x18, 0x77, 0x32, 0x84, 0x80, 0x7f, 0xec,
    0xa8, 0x00, 0x38, 0xe0, 0x0c, 0xd2, 0x88, 0x72, 0x66, 0x38, 0xe0, 0x8c, 0xd2, 0x88, 0x7f, 0xae,
    0x38, 0xe0, 0x4c, 0xd2, 0xc8, 0x7a, 0x36, 0x88, 0xc0, 0xa4, 0x1c, 0xa8, 0x00, 0x38, 0xe6, 0x08,
    0x88, 0xe0, 0x24, 0x1c, 0xa8, 0x00, 0x47, 0xbc, 0x80, 0x84, 0xe0, 0x04, 0x1c, 0xa8, 0x00, 0xd0,
    0x40, 0x7c, 0x87, 0x00, 0xe6, 0x8c, 0xe0, 0x28, 0x1c, 0xa8, 0x00, 0x84, 0x60, 0x7f, 0xec, 0xa8,
    0x00, 0x80, 0x60, 0x64, 0x1c, 0xa8, 0x00, 0x48, 0xe9, 0x24, 0x00, 0xe2, 0x80, 0xe0, 0x04, 0x1c,
    0xa8, 0x00, 0x47, 0xbc, 0x80, 0x84, 0xc0, 0x04, 0x1c, 0xa8, 0x00, 0xd0, 0x20, 0x61, 0x9c, 0x00,
    0xe8, 0x80, 0xe0, 0x04, 0x1c, 0xa8, 0x00, 0x84, 0xe0, 0xff, 0xec, 0xa8, 0x00, 0x38, 0xc0, 0xf0,
    0xd3, 0xce, 0x65, 0x3b, 0x6c, 0xe7, 0x40, 0x90, 0xe7, 0x2f, 0xb4, 0x28, 0x00, 0x2c, 0xe7, 0x40,
    0x47, 0xd2, 0x38, 0x00, 0x00, 0x14, 0x2b, 0xaa, 0x00, 0x14, 0x30, 0xac, 0x00, 0x14, 0x30, 0x50,
    0x00, 0x14, 0x30, 0xe2, 0x00, 0x14, 0x2b, 0xaa, 0x00, 0x14, 0x2b, 0xaa, 0x00, 0x14, 0x30, 0x2a,
    0x00, 0x14, 0x2f, 0xe8, 0x00, 0x14, 0x2b, 0xaa, 0x00, 0x14, 0x2b, 0xaa, 0x00, 0x14, 0x2b, 0xaa,
    0x00, 0x14, 0x2b, 0xaa, 0x00, 0x14, 0x2b, 0xaa, 0x00, 0x14, 0x2b, 0xaa, 0x00, 0x14, 0x2b, 0xaa,
    0x00, 0x14, 0x2f, 0xad, 0x84, 0xe0, 0x04, 0x1c, 0xa8, 0x00, 0xd0, 0x20, 0x7f, 0x57, 0xd0, 0x40,
    0x72, 0xeb, 0x00, 0xe8, 0x80, 0xe0, 0x04, 0x1c, 0xa8, 0x00, 0x98, 0xe0, 0x00, 0x00, 0x40, 0x03,
    0x8c, 0xe0, 0x20, 0x1c, 0xa8, 0x00, 0x84, 0xe0, 0x84, 0x1c, 0xa8, 0x00, 0x80, 0xe0, 0x00, 0x00,
    0x40, 0x03, 0x47, 0xbc, 0x80, 0x84, 0x80, 0x7f, 0xec, 0xa8, 0x00, 0xd2, 0x20, 0x49, 0x8c, 0x00,
    0xe2, 0x80, 0xe0, 0x08, 0x1c, 0xa8, 0x00, 0x47, 0xbc, 0x80, 0x84, 0x60, 0x00, 0x1c, 0xa8, 0x00,
    0x84, 0x80, 0x7f, 0xec, 0xa8, 0x00, 0x00, 0xe2, 0x80, 0xe0, 0x04, 0x1c, 0xa8, 0x00, 0x8c, 0xc0,
    0x71, 0xf0, 0xa8, 0x00, 0xd0, 0x00, 0x67, 0x8b, 0x24, 0xe6, 0x90, 0x24, 0xc6, 0x10, 0x08, 0xe6,
    0xd3, 0x46, 0x74, 0x8b, 0x8c, 0xe0, 0x58, 0x1c, 0xa8, 0x00, 0x41, 0xa7, 0x48, 0x84, 0xe0, 0x80,
    0x44, 0x18, 0x01, 0x34, 0xe7, 0xdf, 0x80, 0xe0, 0x80, 0x44, 0x18, 0x01, 0x47, 0xcc, 0x80, 0x46,
    0xf1, 0x84, 0x84, 0xe0, 0x04, 0x1c, 0xa8, 0x00, 0x41, 0x07, 0x46, 0x00, 0xe4, 0x80, 0xe0, 0x04,
    0x1c, 0xa8, 0x00, 0x98, 0xe0, 0x00, 0x08, 0x40, 0x03, 0x8c, 0xe0, 0x20, 0x1c, 0xa8, 0x00, 0x47,
    0xbc, 0x80, 0x00, 0xe8, 0x80, 0xe0, 0x04, 0x1c, 0xa8, 0x00, 0x98, 0xe0, 0x00, 0x00, 0x40, 0x03,
    0x8c, 0xe0, 0x20, 0x1c, 0xa8, 0x00, 0x8c, 0xc0, 0x71, 0xf0, 0xa8, 0x00, 0xd0, 0x00, 0x66, 0xd3,
    0x24, 0xe6, 0x90, 0x24, 0xc6, 0x10, 0x08, 0xe6, 0xd3, 0x54, 0x77, 0x64, 0x04, 0x6a, 0x49, 0xc6,
    0xe0, 0x04, 0xa3, 0x8c, 0xe0, 0x60, 0x1c, 0xa8, 0x00, 0x20, 0x67, 0x00, 0x98, 0x60, 0x33, 0x6b,
    0x28, 0x00, 0x04, 0x8a, 0x47, 0xcc, 0x80, 0x46, 0x33, 0xdc, 0x00, 0xea, 0x80, 0xe0, 0x04, 0x1c,
    0xa8, 0x00, 0x47, 0xbc, 0x80, 0x84, 0xc0, 0x7f, 0xec, 0xa8, 0x00, 0xd0, 0x40, 0x6e, 0xe3, 0x98,
    0x60, 0xe7, 0xab, 0x28, 0x00, 0x84, 0x80, 0x00, 0x1c, 0xa8, 0x00, 0x48, 0x57, 0x70, 0x8c, 0xc0,
    0x71, 0xf0, 0xa8, 0x00, 0x2c, 0xe6, 0x44, 0xd0, 0x00, 0x70, 0xc6, 0x84, 0x60, 0x00, 0x1c, 0xa8,
    0x00, 0x24, 0xe7, 0x00, 0xd2, 0x86, 0x7c, 0x06, 0x00, 0x80, 0x47, 0xcc, 0x80, 0xd5, 0x37, 0x89,
    0x00, 0x84, 0xc0, 0x7f, 0xec, 0xa8, 0x00, 0xd0, 0x40, 0x6d, 0xc3, 0x98, 0x60, 0x3a, 0x6b, 0x28,
    0x00, 0x84, 0x80, 0x00, 0x1c, 0xa8, 0x00, 0x48, 0xdb, 0x70, 0x8c, 0xc0, 0x71, 0xf0, 0xa8, 0x00,
    0x2c, 0xe6, 0x44, 0xd0, 0x00, 0x7b, 0xfa, 0x84, 0x60, 0x00, 0x1c, 0xa8, 0x00, 0x24, 0xe7, 0x00,
    0xd2, 0x86, 0x79, 0x5a, 0x00, 0x88, 0x47, 0xcc, 0x80, 0xd5, 0x0d, 0x89, 0x00, 0x98, 0xe0, 0x21,
    0x67, 0x28, 0x00, 0x8c, 0xe0, 0x20, 0x1c, 0xa8, 0x00, 0x8c, 0xe0, 0x78, 0x1c, 0xa8, 0x00, 0xd0,
    0x20, 0x7d, 0x92, 0x84, 0xc0, 0x21, 0x67, 0x28, 0x00, 0x30, 0xe6, 0x80, 0x6c, 0xe7, 0x10, 0x60,
    0xe7, 0x31, 0x3e, 0x07, 0x3a, 0x88, 0xc0, 0xb0, 0x1c, 0xa8, 0x00, 0xd3, 0x8e, 0x6e, 0xbd, 0x88,
    0xe0, 0x30, 0x1c, 0xa8, 0x00, 0x47, 0xbc, 0x80, 0x88, 0xe0, 0xf0, 0x1c, 0xa8, 0x00, 0x90, 0xc7,
    0x35, 0xa7, 0x28, 0x00, 0x8c, 0xc0, 0x20, 0x1c, 0xa8, 0x00, 0x41, 0x07, 0x48, 0x8c, 0xe0, 0x78,
    0x1c, 0xa8, 0x00, 0xd0, 0x20, 0x79, 0x4a, 0x00, 0xee, 0x20, 0xe6, 0xc0, 0x8c, 0xe0, 0x78, 0x1c,
    0xa8, 0x00, 0xd0, 0x20, 0x7b, 0xa2, 0x84, 0xc0, 0x35, 0xa7, 0x28, 0x00, 0x30, 0xe6, 0x80, 0x6c,
    0xe7, 0x10, 0x60, 0xe7, 0x31, 0x3e, 0x07, 0x3a, 0x0e, 0xd7, 0x98, 0xe0, 0x1b, 0x67, 0x28, 0x00,
    0x8c, 0xe0, 0x20, 0x1c, 0xa8, 0x00, 0x84, 0xa0, 0xdb, 0x67, 0x28, 0x00, 0x84, 0xc0, 0x1b, 0x67,
    0x28, 0x00, 0x8c, 0xe0, 0x78, 0x1c, 0xa8, 0x00, 0x3c, 0x27, 0x80, 0x64, 0xe6, 0x2a, 0x0f, 0x87,
    0x8c, 0xe0, 0x58, 0x1c, 0xa8, 0x00, 0xd0, 0x28, 0x70, 0x22, 0xd0, 0x30, 0x7c, 0x32, 0x88, 0xe0,
    0xf0, 0x1c, 0xa8, 0x00, 0x90, 0xe7, 0x35, 0xa7, 0x28, 0x00, 0x8c, 0xe0, 0x20, 0x1c, 0xa8, 0x00,
    0x8c, 0xe0, 0x58, 0x1c, 0xa8, 0x00, 0x98, 0xc0, 0x29, 0xc7, 0x28, 0x00, 0x40, 0xa7, 0xa8, 0x3c,
    0x07, 0xc0, 0x98, 0xc0, 0x35, 0xa7, 0x28, 0x00, 0x98, 0xe0, 0x2b, 0x27, 0x28, 0x00, 0x64, 0xc7,
    0x32, 0x8c, 0xe0, 0x78, 0x1c, 0xa8, 0x00, 0xd0, 0x20, 0x77, 0x02, 0x24, 0xc6, 0x00, 0x30, 0xe6,
    0x80, 0x6c, 0xe7, 0x10, 0x60, 0xe7, 0x31, 0x3e, 0x07, 0x3a, 0x0f, 0x53, 0x8c, 0xe0, 0x58, 0x1c,
    0xa8, 0x00, 0x98, 0xc0, 0x39, 0x67, 0x28, 0x00, 0x40, 0xa7, 0xa8, 0x3c, 0x07, 0xc0, 0x98, 0xc0,
    0x23, 0x67, 0x28, 0x00, 0x98, 0xe0, 0x0d, 0x67, 0x28, 0x00, 0x64, 0xc7, 0x32, 0x8c, 0xc0, 0x20,
    0x1c, 0xa8, 0x00, 0x8c, 0xe0, 0x78, 0x1c, 0xa8, 0x00, 0xd0, 0x20, 0x7d, 0x5c, 0x24, 0xe6, 0x00,
    0x0e, 0xbd, 0x84, 0xe0, 0x7f, 0xec, 0xa8, 0x00, 0xd2, 0x08, 0x70, 0x04, 0x00, 0xe6, 0x80, 0xe0,
    0x08, 0x1c, 0xa8, 0x00, 0x8c, 0xe0, 0x78, 0x1c, 0xa8, 0x00, 0xd0, 0x20, 0x70, 0x9c, 0x8c, 0xe0,
    0x60, 0x1c, 0xa8, 0x00, 0x24, 0xe7, 0x00, 0x0d, 0xcd, 0x84, 0xe0, 0x7f, 0xec, 0xa8, 0x00, 0xd0,
    0x40, 0x7c, 0x55, 0x98, 0x60, 0x82, 0x6b, 0x28, 0x00, 0x49, 0x6e, 0x70, 0x8c, 0xe0, 0x58, 0x1c,
    0xa8, 0x00, 0xd0, 0x68, 0x70, 0x95, 0x38, 0xe0, 0x30, 0x80, 0xe0, 0x20, 0x44, 0x18, 0x01, 0x38,
    0xe0, 0x02, 0x80, 0xe0, 0xc5, 0x44, 0x18, 0x01, 0x47, 0xbc, 0x80, 0x84, 0xe0, 0x7f, 0xec, 0xa8,
    0x00, 0xd0, 0x40, 0x78, 0xe5, 0x98, 0x60, 0x33, 0xab, 0x28, 0x00, 0x48, 0x56, 0x70, 0x8c, 0xe0,
    0x58, 0x1c, 0xa8, 0x00, 0xd0, 0x68, 0x77, 0xa5, 0x00, 0xec, 0x80, 0xe0, 0xc5, 0x44, 0x18, 0x01,
    0x47, 0xbc, 0x80, 0x88, 0xe0, 0xf0, 0x1c, 0xa8, 0x00, 0x88, 0xc0, 0xb0, 0x1c, 0xa8, 0x00, 0xd3,
    0xcc, 0x70, 0x63, 0x46, 0x6e, 0xdf, 0x98, 0x60, 0x17, 0x6b, 0x28, 0x00, 0x04, 0x8a, 0x47, 0xcc,
    0x80, 0x46, 0x4e, 0x9c, 0x80, 0x80, 0x84, 0x1c, 0xa8, 0x00, 0x98, 0x60, 0xbd, 0x6b, 0x28, 0x00,
    0x4b, 0x1a, 0x70, 0x84, 0xe0, 0x84, 0x1c, 0xa8, 0x00, 0xd0, 0x20, 0x77, 0xd8, 0x00, 0xe6, 0x8c,
    0xe0, 0x28, 0x1c, 0xa8, 0x00, 0x00, 0xe2, 0x80, 0xe0, 0x04, 0x1c, 0xa8, 0x00, 0x8c, 0xe0, 0x58,
    0x1c, 0xa8, 0x00, 0xd0, 0x68, 0x7f, 0xf9, 0x38, 0xe0, 0x30, 0x80, 0xe0, 0x20, 0x44, 0x18, 0x01,
    0x38, 0xe0, 0x02, 0x80, 0xe0, 0xc5, 0x44, 0x18, 0x01, 0x84, 0xe0, 0x80, 0x44, 0x18, 0x01, 0x34,
    0xe7, 0xdf, 0x80, 0xe0, 0x80, 0x44, 0x18, 0x01, 0x47, 0xbc, 0x80, 0x98, 0xe0, 0x00, 0x00, 0x40,
    0x03, 0x8c, 0xe0, 0x20, 0x1c, 0xa8, 0x00, 0x84, 0xe0, 0xa4, 0x1c, 0xa8, 0x00, 0x80, 0xe0, 0x00,
    0x00, 0x40, 0x03, 0x47, 0xbc, 0x80, 0x98, 0xe0, 0x00, 0x00, 0x40, 0x03, 0x8c, 0xe0, 0x20, 0x1c,
    0xa8, 0x00, 0x84, 0x60, 0x00, 0x1c, 0xa8, 0x00, 0x48, 0x86, 0x44, 0x40, 0x03, 0xfa, 0x24, 0x63,
    0xa8, 0xd0, 0x08, 0x30, 0x0c, 0x8c, 0xe0, 0x60, 0x1c, 0xa8, 0x00, 0x20, 0x07, 0x00, 0x47, 0xbc,
    0x80, 0x98, 0xe0, 0x00, 0x00, 0x40, 0x03, 0x8c, 0xe0, 0x20, 0x1c, 0xa8, 0x00, 0x80, 0x00, 0x00,
    0x00, 0x40, 0x03, 0x47, 0xbc, 0x80, 0x98, 0x60, 0x29, 0x6b, 0x28, 0x00, 0x84, 0x80, 0x7f, 0xec,
    0xa8, 0x00, 0x4a, 0x34, 0x70, 0x00, 0xe8, 0x80, 0xe0, 0x08, 0x1c, 0xa8, 0x00, 0x47, 0xbc, 0x80,
    0x98, 0x60, 0xd8, 0x6b, 0x28, 0x00, 0x84, 0x80, 0x7f, 0xec, 0xa8, 0x00, 0x4b, 0xa4, 0x70, 0x00,
    0xe8, 0x80, 0xe0, 0x08, 0x1c, 0xa8, 0x00, 0x47, 0xbc, 0x80, 0x8f, 0x20, 0x71, 0xf0, 0xa8, 0x00,
    0x27, 0x19, 0x28, 0xd0, 0x01, 0x86, 0x4c, 0x2c, 0xf9, 0x48, 0x84, 0x80, 0x00, 0x1c, 0xa8, 0x00,
    0x2c, 0xc7, 0x44, 0x06, 0xe7, 0x00, 0xa0, 0x24, 0xc6, 0x00, 0xd2, 0xc8, 0x6c, 0x80, 0x0f, 0x87,
    0x2c, 0xf7, 0x56, 0x32, 0xf7, 0x12, 0x24, 0xe7, 0x00, 0xd2, 0x88, 0x73, 0xef, 0x00, 0xb8, 0xd3,
    0x70, 0x58, 0xff, 0x27, 0x19, 0x10, 0x40, 0x18, 0x94, 0x2c, 0xf9, 0x60, 0x2c, 0xc7, 0x44, 0x06,
    0xe7, 0x00, 0xa0, 0x24, 0xc6, 0x00, 0xd2, 0xc8, 0x6c, 0x80, 0x0f, 0x6b, 0x2c, 0xf7, 0x56, 0x32,
    0xf7, 0x12, 0x24, 0xe7, 0x00, 0xd2, 0x88, 0x70, 0xaf, 0x00, 0xb8, 0xd3, 0x70, 0x58, 0xff, 0x2c,
    0xf9, 0x44, 0x40, 0x07, 0x50, 0x24, 0xe7, 0x00, 0xd2, 0x88, 0x73, 0xa4, 0x98, 0x60, 0xf9, 0xab,
    0x28, 0x00, 0x47, 0xcc, 0x80, 0x46, 0x70, 0x1c, 0x6c, 0xe7, 0x40, 0x90, 0xe7, 0x1f, 0x4c, 0x28,
    0x00, 0x2c, 0xe7, 0x40, 0x47, 0xd2, 0x38, 0x00, 0x00, 0x14, 0x33, 0x48, 0x00, 0x14, 0x33, 0x39,
    0x00, 0x14, 0x33, 0x2a, 0x00, 0x14, 0x33, 0x1b, 0x00, 0x14, 0x33, 0x0c, 0x98, 0xe0, 0x27, 0x67,
    0x28, 0x00, 0x8c, 0xe0, 0x20, 0x1c, 0xa8, 0x00, 0x46, 0x3b, 0xbf, 0x98, 0xe0, 0x2f, 0x67, 0x28,
    0x00, 0x8c, 0xe0, 0x20, 0x1c, 0xa8, 0x00, 0x46, 0xb3, 0xbf, 0x98, 0xe0, 0x18, 0xe7, 0x28, 0x00,
    0x8c, 0xe0, 0x20, 0x1c, 0xa8, 0x00, 0x46, 0x7d, 0xbf, 0x98, 0xe0, 0x3c, 0xe7, 0x28, 0x00, 0x8c,
    0xe0, 0x20, 0x1c, 0xa8, 0x00, 0x46, 0xf5, 0xbf, 0x98, 0xe0, 0x1e, 0xe7, 0x28, 0x00, 0x8c, 0xe0,
    0x20, 0x1c, 0xa8, 0x00, 0x46, 0x05, 0xbf, 0x00, 0xee, 0x8c, 0xe0, 0x28, 0x1c, 0xa8, 0x00, 0x8c,
    0xe0, 0x71, 0xf0, 0xa8, 0x00, 0x24, 0xc7, 0x28, 0x40, 0x06, 0x64, 0x01, 0x60, 0x01, 0x40, 0x2c,
    0xe7, 0x48, 0x08, 0xea, 0x2c, 0x67, 0x44, 0x00, 0x80, 0x4b, 0x91, 0xc4, 0x01, 0x78, 0x8c, 0xe0,
    0x71, 0xf0, 0xa8, 0x00, 0x31, 0x4a, 0x12, 0x24, 0xc7, 0x28, 0xd3, 0x4c, 0xba, 0x7f, 0x04, 0x67,
    0x24, 0xe7, 0x10, 0x40, 0x07, 0x64, 0x01, 0x60, 0x01, 0x40, 0x2c, 0xe3, 0x60, 0x08, 0xea, 0x2c,
    0x67, 0x44, 0x00, 0x80, 0x48, 0xfe, 0xc4, 0x01, 0x78, 0x8c, 0x60, 0x71, 0xf0, 0xa8, 0x00, 0x31,
    0x4a, 0x12, 0x24, 0xe3, 0x10, 0xd3, 0x4e, 0xba, 0x7f, 0x2c, 0x63, 0x44, 0x40, 0x03, 0x10, 0x00,
    0x80, 0x4b, 0xee, 0xc4, 0x8c, 0xe0, 0x60, 0xe3, 0x00, 0x03, 0x98, 0xe7, 0x00, 0x50, 0x00, 0x00,
    0x8c, 0xe0, 0x20, 0xe3, 0x00, 0x03, 0x46, 0xf3, 0xbf, 0x88, 0xc0, 0xa4, 0x1c, 0xa8, 0x00, 0x38,
    0xe6, 0x20, 0x88, 0xe0, 0x24, 0x1c, 0xa8, 0x00, 0x8c, 0xe0, 0x60, 0xe3, 0x00, 0x03, 0x94, 0xe7,
    0xff, 0xf7, 0xff, 0xff, 0x8c, 0xe0, 0x20, 0xe3, 0x00, 0x03, 0x8c, 0xe0, 0x60, 0xe3, 0x00, 0x03,
    0x98, 0xe7, 0x00, 0x20, 0x00, 0x00, 0x8c, 0xe0, 0x20, 0xe3, 0x00, 0x03, 0x47, 0xbc, 0x80, 0x88,
    0xc0, 0xa4, 0x1c, 0xa8, 0x00, 0x94, 0xe6, 0xdf, 0xff, 0x00, 0x00, 0x88, 0xe0, 0x24, 0x1c, 0xa8,
    0x00, 0x8c, 0xe0, 0x60, 0xe3, 0x00, 0x03, 0x94, 0xe7, 0xff, 0xdf, 0xff, 0xff, 0x8c, 0xe0, 0x20,
    0xe3, 0x00, 0x03, 0x47, 0xbc, 0x80, 0x98, 0x60, 0x00, 0x6b, 0x28, 0x00, 0x4b, 0xb5, 0xb0, 0x81,
    0x40, 0x08, 0x1c, 0xa8, 0x00, 0x47, 0xbc, 0x80, 0x98, 0x60, 0xae, 0x6b, 0x28, 0x00, 0x4a, 0x95,
    0xb0, 0x81, 0x60, 0x08, 0x1c, 0xa8, 0x00, 0x47, 0xbc, 0x80, 0x84, 0xe0, 0x21, 0x67, 0x28, 0x00,
    0x6c, 0xe7, 0x10, 0x84, 0xc0, 0xa1, 0x67, 0x28, 0x00, 0x60, 0xe7, 0x31, 0x46, 0x96, 0xdf, 0x84,
    0xe0, 0x35, 0xa7, 0x28, 0x00, 0x6c, 0xe7, 0x10, 0x84, 0xc0, 0xb5, 0xa7, 0x28, 0x00, 0x60, 0xe7,
    0x31, 0x46, 0x2a, 0xdf, 0x24, 0xe6, 0xc0, 0x46, 0x72, 0xdf, 0x8c, 0xe0, 0x60, 0x1c, 0xa8, 0x00,
    0x24, 0xe7, 0xc0, 0x46, 0x42, 0xdf, 0x88, 0xe0, 0xf0, 0x1c, 0xa8, 0x00, 0x90, 0xe7, 0x29, 0xc7,
    0x28, 0x00, 0x46, 0x13, 0xdf, 0x24, 0xe6, 0x00, 0x6c, 0xe7, 0x10, 0x24, 0xc6, 0x80, 0x60, 0xe7,
    0x31, 0x46, 0x24, 0xdf, 0x88, 0xc0, 0xa4, 0x1c, 0xa8, 0x00, 0x94, 0xe6, 0xef, 0xff, 0x00, 0x00,
    0x88, 0xe0, 0x24, 0x1c, 0xa8, 0x00, 0x8c, 0xe0, 0x60, 0xe3, 0x00, 0x03, 0x94, 0xe7, 0xff, 0xf7,
    0xff, 0xff, 0x8c, 0xe0, 0x20, 0xe3, 0x00, 0x03, 0x47, 0xbc, 0x80, 0x88, 0xc0, 0xa4, 0x1c, 0xa8,
    0x00, 0x38, 0xe6, 0x10, 0x88, 0xe0, 0x24, 0x1c, 0xa8, 0x00, 0x8c, 0xe0, 0x60, 0xe3, 0x00, 0x03,
    0x94, 0xe7, 0xff, 0xdf, 0xff, 0xff, 0x8c, 0xe0, 0x20, 0xe3, 0x00, 0x03, 0x8c, 0xe0, 0x60, 0xe3,
    0x00, 0x03, 0x98, 0xe7, 0x00, 0x08, 0x00, 0x00, 0x8c, 0xe0, 0x20, 0xe3, 0x00, 0x03, 0x47, 0xbc,
    0x80, 0x8c, 0xe0, 0x60, 0x1c, 0xa8, 0x00, 0x21, 0x47, 0x00, 0x47, 0xbc, 0x80, 0x88, 0xe0, 0xf0,
    0x1c, 0xa8, 0x00, 0x90, 0xe7, 0x2b, 0x27, 0x28, 0x00, 0x46, 0x82, 0xdf, 0x00, 0xee, 0x20, 0xe6,
    0x40, 0x46, 0xdb, 0x5f, 0x27, 0x39, 0x18, 0xd0, 0x51, 0x97, 0xb3, 0x00, 0xc8, 0x8c, 0xe0, 0x60,
    0x1c, 0xa8, 0x00, 0x20, 0xc7, 0x00, 0x47, 0xbc, 0x80, 0x21, 0x46, 0x18, 0x8c, 0xe0, 0x71, 0xf0,
    0xa8, 0x00, 0x2c, 0xe7, 0x44, 0x24, 0x67, 0x40, 0x00, 0x80, 0x00, 0xa0, 0x00, 0xc0, 0x00, 0xe2,
    0x47, 0xcc, 0x80, 0xd5, 0x99, 0xd1, 0x00, 0x00, 0xe8, 0x20, 0xe6, 0x18, 0x8c, 0xe0, 0x71, 0xf0,
    0xa8, 0x00, 0x2c, 0xe7, 0x44, 0x24, 0x67, 0x40, 0x00, 0x80, 0x00, 0xa0, 0x00, 0xc0, 0x00, 0xea,
    0x47, 0xcc, 0x80, 0xd5, 0x9e, 0xd1, 0x00, 0x84, 0x60, 0x00, 0x1c, 0xa8, 0x00, 0x46, 0xdb, 0x9f,
    0x84, 0x60, 0x00, 0x1c, 0xa8, 0x00, 0x46, 0x70, 0x5f, 0x84, 0x80, 0x00, 0x1c, 0xa8, 0x00, 0x46,
    0x20, 0xbf, 0x00, 0x00, 0x2c, 0x83, 0x70, 0x04, 0xa4, 0x2c, 0x84, 0x00, 0x2c, 0x04, 0x20, 0x2c,
    0x04, 0x10, 0xd8, 0xe0, 0x86, 0x10, 0x2c, 0xe4, 0x30, 0x2c, 0xe3, 0x60, 0xd2, 0x20, 0x77, 0x80,
    0x00, 0xc8, 0x30, 0xa5, 0x08, 0x2c, 0x05, 0x00, 0x2c, 0x05, 0x20, 0x2c, 0x05, 0x10, 0x2c, 0x05,
    0x30, 0x00, 0xd8, 0x2c, 0xe3, 0x60, 0xd3, 0xce, 0x63, 0x7f, 0x00, 0xe8, 0x2c, 0xe3, 0x10, 0x30,
    0xc5, 0x08, 0x2c, 0x85, 0x08, 0x2c, 0x06, 0x20, 0x2c, 0x06, 0x10, 0x38, 0xe0, 0x81, 0x2c, 0xe6,
    0x30, 0x47, 0xd2, 0x48, 0x47, 0xac, 0x80, 0x8c, 0xe0, 0x71, 0xf0, 0xa8, 0x00, 0x24, 0xc7, 0x10,
    0x40, 0x06, 0x24, 0x01, 0x60, 0x01, 0x40, 0x2c, 0x67, 0x60, 0x08, 0x6a, 0x30, 0x63, 0x30, 0x4a,
    0xa7, 0xff, 0x01, 0x78, 0x8c, 0xe0, 0x71, 0xf0, 0xa8, 0x00, 0x31, 0x4a, 0x12, 0x24, 0xc7, 0x10,
    0xd3, 0x4c, 0xbe, 0x7f, 0x47, 0xbc, 0x80, 0x47, 0xac, 0x80, 0x07, 0x83, 0x8f, 0x60, 0x71, 0xf0,
    0xa8, 0x00, 0x27, 0x3b, 0x10, 0x40, 0x19, 0xdc, 0x2f, 0x5b, 0x60, 0x27, 0x03, 0x80, 0x2c, 0xfa,
    0x44, 0x04, 0x7a, 0x00, 0xc0, 0x24, 0xe7, 0x40, 0xd2, 0xb0, 0x7b, 0x60, 0x30, 0x9a, 0x12, 0x02,
    0xe0, 0x38, 0xc0, 0x12, 0x0d, 0xa0, 0x04, 0x64, 0x2c, 0xe4, 0x44, 0x30, 0x84, 0x12, 0x30, 0xa6,
    0x12, 0x24, 0xe7, 0x40, 0xd2, 0xb0, 0x78, 0xa0, 0x04, 0xc5, 0x02, 0xf8, 0xd3, 0x73, 0x75, 0x7f,
    0x01, 0x40, 0x27, 0x3b, 0x28, 0x40, 0x19, 0xdc, 0x2f, 0x5b, 0x48, 0x27, 0x1c, 0x80, 0x2c, 0xfa,
    0x44, 0x06, 0xfa, 0x00, 0x60, 0x24, 0xe7, 0x40, 0xd2, 0xb0, 0x72, 0x88, 0x30, 0xba, 0x12, 0x00,
    0x80, 0x38, 0x60, 0x12, 0x0d, 0xa0, 0x06, 0xe5, 0x2c, 0xe5, 0x44, 0x30, 0xa5, 0x12, 0x30, 0xc3,
    0x12, 0x24, 0xe7, 0x40, 0xd2, 0xb0, 0x71, 0xf0, 0x04, 0x66, 0x00, 0x98, 0xd3, 0x72, 0x45, 0x7f,
    0x00, 0x6f, 0x47, 0xbc, 0x80, 0x05, 0x63, 0x61, 0x5a, 0x34, 0x00, 0x60, 0x40, 0x0b, 0x6d, 0x24,
    0xfc, 0x00, 0x40, 0xc7, 0xc8, 0x00, 0x60, 0x41, 0xe7, 0xd7, 0x28, 0xfc, 0xc0, 0x2c, 0xeb, 0x38,
    0x00, 0x60, 0x47, 0xbc, 0x80, 0xd0, 0x00, 0xa7, 0xd0, 0x2c, 0xea, 0x42, 0xd0, 0x00, 0x7e, 0xd0,
    0x24, 0x8a, 0x62, 0xd0, 0x00, 0x44, 0x10, 0x98, 0x60, 0x84, 0xeb, 0x28, 0x00, 0x49, 0x80, 0xb0,
    0x20, 0x0a, 0x62, 0x98, 0x60, 0x7f, 0xb1, 0x28, 0x00, 0x00, 0x80, 0x00, 0xa0, 0x04, 0xca, 0x4b,
    0xe6, 0x70, 0x45, 0x03, 0xce, 0x30, 0x6b, 0x30, 0x48, 0xe5, 0xff, 0x2c, 0xab, 0x44, 0x24, 0xc5,
    0x70, 0x8c, 0xe0, 0x58, 0x1c, 0xa8, 0x00, 0x40, 0x47, 0x96, 0x30, 0xe6, 0xff, 0x00, 0xc8, 0x60,
    0xc6, 0x3e, 0x8c, 0xe0, 0x61, 0x00, 0x80, 0x03, 0x94, 0xe7, 0xff, 0xff, 0xe0, 0x00, 0x64, 0xe7,
    0x35, 0x00, 0xf8, 0x64, 0xe7, 0x33, 0x6c, 0xe7, 0x08, 0x24, 0x65, 0x40, 0x00, 0x80, 0x2c, 0xab,
    0x58, 0x00, 0xc0, 0x98, 0xe7, 0x60, 0x80, 0x00, 0x00, 0x4b, 0x36, 0x44, 0x8c, 0xe0, 0x40, 0x00,
    0x80, 0x03, 0x38, 0xe7, 0x08, 0x8c, 0xe0, 0x00, 0x00, 0x80, 0x03, 0x00, 0xe2, 0x20, 0xeb, 0x00,
    0x00, 0x60, 0x47, 0xbc, 0x80, 0x98, 0x60, 0x7f, 0xb1, 0x28, 0x00, 0x00, 0xa0, 0x04, 0xca, 0x4b,
    0xd2, 0x70, 0x42, 0x03, 0xc9, 0x98, 0x60, 0x60, 0xeb, 0x28, 0x00, 0x48, 0x7b, 0x30, 0x0f, 0x87,
    0x8c, 0xe0, 0x61, 0x00, 0x80, 0x03, 0x94, 0xe7, 0xff, 0xff, 0xe0, 0x00, 0x6c, 0xe7, 0xc1, 0x00,
    0xf8, 0x0e, 0x97, 0xd0, 0x00, 0x34, 0xef, 0x4a, 0x72, 0xa8, 0x0f, 0x5b, 0x05, 0x77, 0x08, 0x7a,
    0xd0, 0x41, 0x7f, 0x8f, 0x00, 0x6f, 0x0c, 0xc3, 0x47, 0xa4, 0x00, 0x05, 0x43, 0x2c, 0xc3, 0x44,
    0x2c, 0xe3, 0x78, 0x6c, 0xe7, 0x08, 0x24, 0x66, 0x40, 0x00, 0x80, 0x00, 0xa0, 0x00, 0xc0, 0x98,
    0xe7, 0x10, 0x80, 0x00, 0x00, 0x4b, 0xb2, 0x44, 0x00, 0xe8, 0x20, 0xea, 0x00, 0x30, 0x6a, 0x30,
    0x48, 0xae, 0xff, 0x88, 0x00, 0x0e, 0xf0, 0xa8, 0x00, 0x88, 0x00, 0x36, 0xf0, 0xa8, 0x00, 0x88,
    0x00, 0x1e, 0xf0, 0xa8, 0x00, 0x88, 0x00, 0x56, 0xf0, 0xa8, 0x00, 0x88, 0x00, 0x4e, 0xf0, 0xa8,
    0x00, 0x88, 0x00, 0x2e, 0xf0, 0xa8, 0x00, 0x88, 0x00, 0x16, 0xf0, 0xa8, 0x00, 0x88, 0x00, 0x5e,
    0xf0, 0xa8, 0x00, 0x47, 0xb4, 0x00, 0x47, 0xa2, 0x00, 0x05, 0x83, 0x8c, 0xa0, 0x71, 0xf0, 0xa8,
    0x00, 0x24, 0xc5, 0x10, 0x01, 0x60, 0x40, 0x06, 0x04, 0x2c, 0x65, 0x60, 0x30, 0xe3, 0x12, 0x01,
    0x60, 0xd2, 0xc6, 0xcf, 0x00, 0x0d, 0x28, 0x04, 0x67, 0x30, 0xe7, 0x12, 0xd2, 0x86, 0xcd, 0x20,
    0x01, 0x78, 0xd3, 0x4c, 0xba, 0xff, 0x24, 0xc5, 0x28, 0x01, 0x40, 0x40, 0x06, 0x04, 0x2c, 0x65,
    0x48, 0x30, 0xe3, 0x12, 0x01, 0x40, 0xd2, 0xc6, 0xcf, 0x00, 0x0d, 0x10, 0x04, 0x67, 0x30, 0xe7,
    0x12, 0xd2, 0x86, 0xcd, 0x80, 0x01, 0x58, 0xd3, 0x4c, 0xaa, 0xff, 0x24, 0xe5, 0x10, 0xd3, 0x4e,
    0xbd, 0x00, 0x24, 0xa5, 0x28, 0xd3, 0x14, 0x5b, 0x80, 0x47, 0xb2, 0x00, 0x4a, 0x18, 0xa8, 0x8c,
    0xa0, 0x71, 0xf0, 0xa8, 0x00, 0x0d, 0x9f, 0x48, 0x3a, 0xa8, 0x8c, 0xa0, 0x71, 0xf0, 0xa8, 0x00,
    0x0d, 0xb7, 0x98, 0x60, 0x3c, 0xeb, 0x28, 0x00, 0x47, 0xc2, 0x00, 0x46, 0x16, 0x4c, 0x47, 0xa4,
    0x00, 0x05, 0x43, 0x38, 0x60, 0xa2, 0x49, 0x08, 0x78, 0x24, 0xea, 0x00, 0x40, 0x27, 0x10, 0x00,
    0x6f, 0x47, 0xb4, 0x00, 0x04, 0x6a, 0x48, 0x1b, 0xff, 0x04, 0x6a, 0x4a, 0xfd, 0xff, 0x00, 0x6f,
    0x47, 0xb4, 0x00, 0x47, 0xa2, 0x20, 0x05, 0x43, 0x24, 0xe3, 0x00, 0x40, 0x27, 0x60, 0x47, 0xb2,
    0x20, 0x2c, 0xe3, 0x44, 0x24, 0xc7, 0x70, 0x40, 0x86, 0x18, 0x8c, 0xa0, 0x61, 0x00, 0x80, 0x03,
    0x00, 0xdf, 0x00, 0xe8, 0x60, 0xe7, 0x36, 0x00, 0xff, 0x60, 0xe7, 0x28, 0x41, 0x07, 0x47, 0x2c,
    0x8a, 0x58, 0x2c, 0xea, 0x68, 0x30, 0xa7, 0x80, 0x2c, 0xaa, 0x28, 0x2c, 0xca, 0x48, 0x6c, 0xe7,
    0x20, 0x61, 0x64, 0x3c, 0xd3, 0xca, 0x62, 0x50, 0x2c, 0xeb, 0x70, 0x34, 0xe7, 0x80, 0xd0, 0x40,
    0x7d, 0x50, 0x2c, 0xeb, 0x50, 0x6c, 0xe7, 0x39, 0xd0, 0x20, 0x75, 0xc8, 0x2e, 0xea, 0x54, 0x04,
    0x6a, 0x30, 0x81, 0x20, 0x30, 0xa1, 0x30, 0x04, 0xc1, 0x30, 0xe1, 0x10, 0x47, 0xd1, 0xb8, 0x2c,
    0xe1, 0x50, 0xd0, 0x40, 0x7a, 0x90, 0x8c, 0xa0, 0x58, 0x1c, 0xa8, 0x00, 0x2c, 0x8a, 0x44, 0x2c,
    0xe1, 0x60, 0x2c, 0xeb, 0x00, 0x2c, 0x0b, 0x20, 0x2c, 0xc1, 0x70, 0x2c, 0xcb, 0x10, 0xd0, 0x30,
    0x59, 0x70, 0x2c, 0xe1, 0x50, 0x3c, 0x27, 0x00, 0x38, 0xc0, 0x86, 0x38, 0xe0, 0xa6, 0x64, 0xe7,
    0x32, 0x2c, 0xeb, 0x30, 0x2c, 0xea, 0x78, 0x6c, 0xe7, 0x08, 0x24, 0x64, 0x40, 0x00, 0x80, 0x00,
    0xa0, 0x00, 0xc0, 0x38, 0xe7, 0xe0, 0x49, 0xa7, 0x84, 0x84, 0xc0, 0x1d, 0x20, 0xa8, 0x00, 0x30,
    0xa6, 0xff, 0x3e, 0x05, 0x38, 0xd1, 0xd0, 0x79, 0x2f, 0x2c, 0xe1, 0x70, 0x40, 0x07, 0x30, 0x80,
    0xa0, 0x1d, 0x20, 0xa8, 0x00, 0x3e, 0x05, 0x30, 0xd0, 0x40, 0x66, 0xcf, 0x4b, 0xfe, 0x18, 0x38,
    0x60, 0x64, 0x49, 0x8b, 0xb8, 0x47, 0xb2, 0x20, 0x00, 0xe8, 0x2c, 0xea, 0x28, 0x05, 0x64, 0x2c,
    0xeb, 0x70, 0x34, 0xe7, 0x80, 0xd0, 0x00, 0x7b, 0xaf, 0x38, 0x60, 0x62, 0x4a, 0xe7, 0xb8, 0x04,
    0x6a, 0x4a, 0xed, 0xff, 0x47, 0xb2, 0x20, 0x2c, 0xea, 0x68, 0x00, 0xf8, 0x2c, 0xea, 0x28, 0x2c,
    0xca, 0x48, 0x31, 0x8b, 0x08, 0xd3, 0xce, 0x65, 0xc0, 0x2c, 0xec, 0x70, 0x34, 0xe7, 0x80, 0x41,
    0x07, 0x5b, 0x2c, 0xec, 0x50, 0x6c, 0xe7, 0x39, 0xd0, 0x20, 0x78, 0x10, 0x2c, 0xe1, 0x40, 0x2c,
    0xec, 0x00, 0x2c, 0x0c, 0x20, 0x2c, 0xc1, 0x50, 0x2c, 0xcc, 0x10, 0x8c, 0xa0, 0x58, 0x1c, 0xa8,
    0x00, 0x40, 0xc5, 0x18, 0x2c, 0x8a, 0x44, 0x38, 0xe0, 0x86, 0x2c, 0xec, 0x30, 0x0d, 0x33, 0x00,
    0xe8, 0x2c, 0xea, 0x28, 0x2d, 0x8a, 0x58, 0x0d, 0x0f, 0x2c, 0x8a, 0x44, 0x28, 0xe4, 0x88, 0x96,
    0xe7, 0xff, 0xe0, 0x00, 0x00, 0x6c, 0xf7, 0x80, 0xd3, 0x8e, 0x69, 0x20, 0x98, 0xe6, 0x00, 0x00,
    0x00, 0x40, 0x2c, 0xec, 0x10, 0x0d, 0x2f, 0x28, 0xe4, 0x88, 0x94, 0xa7, 0xff, 0xe0, 0x00, 0x00,
    0x6c, 0xe5, 0x80, 0xd3, 0x8e, 0x6e, 0x80, 0x98, 0xe6, 0x00, 0x00, 0x00, 0x40, 0x2c, 0xeb, 0x10,
    0x0d, 0x03, 0x38, 0x60, 0xe2, 0x48, 0x83, 0xb8, 0x0c, 0x8d, 0xd3, 0x8a, 0x61, 0xf7, 0x98, 0xe6,
    0x00, 0x00, 0x00, 0x80, 0x2c, 0xeb, 0x10, 0x0f, 0x5d, 0x38, 0x60, 0xe2, 0x4a, 0xdd, 0xb8, 0x0e,
    0xfb, 0xd3, 0xae, 0x66, 0x9f, 0x98, 0xe6, 0x00, 0x00, 0x00, 0x80, 0x2c, 0xec, 0x10, 0x0e, 0x47,
    0x47, 0xaa, 0x80, 0x8c, 0xe0, 0x71, 0xf0, 0xa8, 0x00, 0x24, 0xc7, 0x10, 0x40, 0x06, 0x96, 0x01,
    0x80, 0x01, 0x60, 0x0c, 0xe0, 0x30, 0xea, 0xff, 0x20, 0xe3, 0xa2, 0x8c, 0xc0, 0x71, 0xf0, 0xa8,
    0x00, 0x01, 0x98, 0x04, 0xe6, 0x31, 0x6b, 0x12, 0x24, 0xc6, 0x10, 0xd3, 0x18, 0x65, 0x20, 0x2c,
    0x67, 0x60, 0x08, 0x6b, 0x4b, 0xc1, 0xff, 0x8c, 0xc0, 0x71, 0xf0, 0xa8, 0x00, 0x2c, 0xe6, 0x60,
    0x60, 0x67, 0x5c, 0x25, 0x43, 0xa2, 0xd1, 0xe0, 0xaf, 0x3f, 0x41, 0x8a, 0xeb, 0x20, 0x03, 0xa2,
    0x25, 0xa3, 0x62, 0x40, 0x4d, 0xa4, 0x98, 0x60, 0xba, 0xeb, 0x28, 0x00, 0x04, 0x8d, 0x4a, 0x90,
    0x30, 0x8c, 0xc0, 0x71, 0xf0, 0xa8, 0x00, 0x01, 0x98, 0x04, 0xe6, 0x31, 0x6b, 0x12, 0x24, 0xc6,
    0x10, 0xd3, 0x4c, 0xc7, 0xdf, 0x47, 0xba, 0x80, 0x4b, 0xfd, 0x28, 0x8c, 0xe0, 0x71, 0xf0, 0xa8,
    0x00, 0x2c, 0xc7, 0x60, 0x98, 0x60, 0x7f, 0xb1, 0x28, 0x00, 0x00, 0x80, 0x00, 0xa0, 0x08, 0xcb,
    0x49, 0xe6, 0xb0, 0x42, 0x03, 0x73, 0x38, 0x60, 0x64, 0x48, 0x09, 0xb8, 0x8c, 0xe0, 0x71, 0xf0,
    0xa8, 0x00, 0x2c, 0xe7, 0x60, 0x08, 0xeb, 0x21, 0xa7, 0x62, 0x21, 0x47, 0xa2, 0x8c, 0xc0, 0x71,
    0xf0, 0xa8, 0x00, 0x0d, 0xdb, 0x47, 0xa4, 0x00, 0x05, 0x43, 0x20, 0x83, 0x80, 0x41, 0x04, 0x30,
    0x24, 0xe3, 0x00, 0x40, 0x27, 0x78, 0x47, 0xb4, 0x00, 0x38, 0x60, 0x3c, 0x4a, 0xc1, 0xb8, 0x2c,
    0xea, 0x44, 0x24, 0xe7, 0x40, 0x30, 0x67, 0x0c, 0x3e, 0x03, 0x19, 0x47, 0xc4, 0x00, 0x46, 0x51,
    0xae, 0x38, 0x60, 0x7c, 0x4a, 0xbe, 0xb8, 0x2c, 0xea, 0x44, 0x24, 0xe7, 0x40, 0x30, 0x67, 0x0c,
    0x3e, 0x03, 0x19, 0x4a, 0xba, 0xb8, 0x04, 0x6a, 0x49, 0xe4, 0xff, 0x04, 0x6a, 0x47, 0xc4, 0x00,
    0x46, 0x1c, 0x3f, 0x00, 0x2c, 0x63, 0x40, 0x38, 0xe0, 0x4c, 0xd3, 0x8e, 0x39, 0x00, 0x00, 0x60,
    0x47, 0xd2, 0x48, 0x6c, 0xe3, 0x40, 0x90, 0xe7, 0x29, 0xdc, 0x28, 0x00, 0x2c, 0xe7, 0x40, 0x47,
    0xd2, 0x38, 0x00, 0x00, 0x00, 0x14, 0x3c, 0x70, 0x00, 0x14, 0x3c, 0x70, 0x00, 0x14, 0x3c, 0x70,
    0x00, 0x14, 0x3c, 0x70, 0x00, 0x14, 0x3c, 0x70, 0x00, 0x14, 0x3c, 0x70, 0x00, 0x14, 0x3c, 0x70,
    0x00, 0x14, 0x3c, 0x65, 0x00, 0x14, 0x3c, 0x70, 0x00, 0x14, 0x3c, 0x70, 0x00, 0x14, 0x3c, 0x60,
    0x00, 0x14, 0x3c, 0x60, 0x00, 0x14, 0x3c, 0x60, 0x00, 0x14, 0x3c, 0x60, 0x00, 0x14, 0x3c, 0x70,
    0x00, 0x14, 0x3c, 0x70, 0x00, 0x14, 0x3c, 0x60, 0x00, 0x14, 0x3c, 0x60, 0x00, 0x14, 0x3b, 0x7e,
    0x00, 0x14, 0x3b, 0x7e, 0x00, 0x14, 0x3b, 0x7e, 0x00, 0x14, 0x3b, 0x7e, 0x00, 0x14, 0x3b, 0x7e,
    0x00, 0x14, 0x3b, 0x7e, 0x00, 0x14, 0x3b, 0x7e, 0x00, 0x14, 0x3b, 0x7e, 0x00, 0x14, 0x3b, 0x7e,
    0x00, 0x14, 0x3b, 0x7e, 0x00, 0x14, 0x3b, 0x7e, 0x00, 0x14, 0x3b, 0x7e, 0x00, 0x14, 0x3b, 0x7e,
    0x00, 0x14, 0x3b, 0x7e, 0x00, 0x14, 0x3c, 0x60, 0x00, 0x14, 0x3c, 0x60, 0x00, 0x14, 0x3c, 0x60,
    0x00, 0x14, 0x3c, 0x65, 0x00, 0x14, 0x3c, 0x60, 0x00, 0x14, 0x3c, 0x70, 0x00, 0x14, 0x3c, 0x70,
    0x00, 0x14, 0x3c, 0x70, 0x00, 0x14, 0x3c, 0x60, 0x00, 0x14, 0x3c, 0x70, 0x00, 0x14, 0x3c, 0x75,
    0x00, 0x14, 0x3c, 0x6a, 0x00, 0x14, 0x3c, 0x65, 0x00, 0x14, 0x3c, 0x70, 0x00, 0x14, 0x3c, 0x70,
    0x00, 0x14, 0x3b, 0x7e, 0x00, 0x14, 0x3b, 0x7e, 0x00, 0x14, 0x3c, 0x60, 0x00, 0x14, 0x3c, 0x60,
    0x00, 0x68, 0x47, 0xd2, 0x48, 0x00, 0x62, 0x47, 0xd2, 0x48, 0x38, 0x60, 0x10, 0x47, 0xd2, 0x48,
    0x00, 0x64, 0x47, 0xd2, 0x48, 0x00, 0x6c, 0x47, 0xd2, 0x48, 0x47, 0xac, 0xc0, 0x05, 0x43, 0x05,
    0x64, 0x2c, 0xe3, 0x40, 0x38, 0xc0, 0x30, 0xd2, 0x8e, 0x60, 0x80, 0x98, 0x60, 0x9e, 0xeb, 0x28,
    0x00, 0x49, 0x19, 0xd0, 0x47, 0xbc, 0xc0, 0x8c, 0x60, 0x61, 0xf0, 0xa8, 0x00, 0x00, 0x86, 0x4a,
    0x5b, 0x98, 0x04, 0xe3, 0x2c, 0x6a, 0x68, 0x41, 0x03, 0xdc, 0x00, 0xa8, 0x38, 0x80, 0x50, 0x40,
    0x8b, 0x10, 0x00, 0xa0, 0x38, 0x80, 0x50, 0x40, 0x07, 0x2b, 0x40, 0x85, 0xac, 0x40, 0x45, 0x4a,
    0x40, 0x05, 0x2b, 0x8c, 0x60, 0x71, 0xf0, 0xa8, 0x00, 0x2c, 0xe3, 0x44, 0x40, 0x07, 0x13, 0x2c,
    0xe3, 0x64, 0x30, 0x63, 0x18, 0x30, 0x81, 0x40, 0x00, 0xa6, 0x00, 0xc8, 0x47, 0xd1, 0x38, 0x47,
    0xbc, 0xc0, 0x41, 0x83, 0x0b, 0x00, 0xa4, 0x38, 0x80, 0x50, 0x40, 0x0b, 0xb3, 0x0e, 0x8f, 0x38,
    0xc0, 0xf0, 0x2c, 0xc7, 0x38, 0x20, 0xa1, 0x40, 0x84, 0xe0, 0x80, 0x1c, 0xa8, 0x00, 0x20, 0xe1,
    0xc0, 0x20, 0x01, 0x20, 0x20, 0x81, 0xa0, 0x20, 0xa1, 0x60, 0x20, 0xc1, 0xe0, 0x0d, 0xb7, 0x00,
    0xac, 0x2c, 0xa7, 0x38, 0x00, 0xc8, 0x20, 0xc1, 0x40, 0x84, 0xe0, 0x80, 0x1c, 0xa8, 0x00, 0x20,
    0xe1, 0xc0, 0x20, 0x01, 0x20, 0x20, 0x81, 0xa0, 0x20, 0xc1, 0x60, 0x20, 0xa1, 0xe0, 0x0e, 0xa7,
    0x47, 0xac, 0x80, 0x05, 0x63, 0x8c, 0x60, 0x61, 0xf0, 0xa8, 0x00, 0x04, 0x8b, 0x4b, 0x4d, 0x98,
    0xd0, 0x00, 0x31, 0x70, 0x84, 0xe0, 0xbf, 0xec, 0xa8, 0x00, 0x38, 0xc0, 0xc1, 0xd2, 0x8e, 0x63,
    0x70, 0xd3, 0x8c, 0x78, 0xc0, 0x38, 0xc0, 0xa1, 0xd2, 0x8e, 0x6a, 0x08, 0x38, 0xc0, 0x21, 0xd3,
    0x8c, 0x73, 0x50, 0x38, 0xc0, 0x61, 0xd2, 0x8e, 0x6d, 0x70, 0x38, 0xc0, 0xe1, 0xd2, 0x8e, 0x61,
    0xb0, 0x00, 0xee, 0x80, 0xe0, 0x08, 0x1c, 0xa8, 0x00, 0x88, 0x00, 0x30, 0x1c, 0xa8, 0x00, 0x47,
    0xbc, 0x80, 0x38, 0xc0, 0x81, 0xd2, 0x8e, 0x62, 0x70, 0xd3, 0x8c, 0x70, 0x80, 0x2c, 0xe3, 0x50,
    0x8c, 0xe0, 0x13, 0xec, 0xa8, 0x00, 0x47, 0xbc, 0x80, 0x41, 0x87, 0x1b, 0x85, 0x40, 0x13, 0xec,
    0xa8, 0x00, 0x88, 0xc0, 0xb0, 0x1c, 0xa8, 0x00, 0xd2, 0x20, 0x6d, 0x40, 0x84, 0xe0, 0x93, 0xec,
    0xa8, 0x00, 0x6c, 0xe7, 0x10, 0x61, 0x4a, 0x39, 0x40, 0x46, 0xd8, 0x84, 0xc0, 0xd3, 0xec, 0xa8,
    0x00, 0x6c, 0xc6, 0x18, 0x84, 0xe0, 0x53, 0xec, 0xa8, 0x00, 0x6c, 0xe7, 0x08, 0x60, 0xc6, 0x39,
    0x61, 0x4a, 0x31, 0x2c, 0xe3, 0x50, 0xd3, 0xce, 0xa8, 0x20, 0x2c, 0xe3, 0x70, 0xd3, 0xd4, 0x75,
    0xc0, 0x24, 0xe3, 0x04, 0xd0, 0x40, 0x78, 0x90, 0x98, 0x60, 0xad, 0xfc, 0x28, 0x00, 0x04, 0x8b,
    0x04, 0xaa, 0x00, 0xc0, 0x49, 0x55, 0x30, 0x42, 0x03, 0x11, 0x00, 0xe8, 0x80, 0xe0, 0x08, 0x1c,
    0xa8, 0x00, 0x88, 0x00, 0x30, 0x1c, 0xa8, 0x00, 0x47, 0xbc, 0x80, 0x2c, 0xe3, 0x58, 0x8c, 0xe0,
    0x13, 0xec, 0xa8, 0x00, 0x47, 0xbc, 0x80, 0x00, 0xe2, 0x80, 0xe0, 0x08, 0x1c, 0xa8, 0x00, 0x88,
    0x00, 0x30, 0x1c, 0xa8, 0x00, 0x47, 0xbc, 0x80, 0x00, 0xe6, 0x80, 0xe0, 0x08, 0x1c, 0xa8, 0x00,
    0x88, 0x00, 0x30, 0x1c, 0xa8, 0x00, 0x47, 0xbc, 0x80, 0x2c, 0xe3, 0x70, 0x8c, 0xe0, 0x13, 0xec,
    0xa8, 0x00, 0x47, 0xbc, 0x80, 0x2c, 0xe3, 0x48, 0x8c, 0xe0, 0x13, 0xec, 0xa8, 0x00, 0x47, 0xbc,
    0x80, 0x2c, 0xe3, 0x78, 0x8c, 0xe0, 0x13, 0xec, 0xa8, 0x00, 0x47, 0xbc, 0x80, 0x24, 0xe3, 0x20,
    0x8c, 0xe0, 0x13, 0xec, 0xa8, 0x00, 0x47, 0xbc, 0x80, 0x2c, 0xe3, 0x68, 0x8c, 0xe0, 0x13, 0xec,
    0xa8, 0x00, 0x47, 0xbc, 0x80, 0x04, 0x8a, 0x4b, 0x01, 0xff, 0x0d, 0xdb, 0x47, 0xa8, 0x80, 0x84,
    0xe0, 0xff, 0xec, 0xa8, 0x00, 0x38, 0xc0, 0x48, 0xd3, 0x8c, 0x7f, 0x00, 0x00, 0xe6, 0x80, 0xe0,
    0x08, 0x1c, 0xa8, 0x00, 0x47, 0xb8, 0x80, 0x6c, 0xe7, 0x40, 0x90, 0xe7, 0x15, 0x7c, 0x28, 0x00,
    0x2c, 0xe7, 0x40, 0x47, 0xd2, 0x38, 0x00, 0x00, 0x00, 0x14, 0x3e, 0x8c, 0x00, 0x14, 0x3e, 0xf4,
    0x00, 0x14, 0x3e, 0xfc, 0x00, 0x14, 0x3f, 0x03, 0x00, 0x14, 0x3f, 0x0a, 0x00, 0x14, 0x3f, 0x12,
    0x00, 0x14, 0x3f, 0x1a, 0x00, 0x14, 0x3f, 0x21, 0x00, 0x14, 0x3f, 0x28, 0x00, 0x14, 0x3f, 0x2f,
    0x00, 0x14, 0x3f, 0x37, 0x00, 0x14, 0x3f, 0x54, 0x00, 0x14, 0x3f, 0x5d, 0x00, 0x14, 0x3f, 0x65,
    0x00, 0x14, 0x3f, 0x6e, 0x00, 0x14, 0x3f, 0x77, 0x00, 0x14, 0x3f, 0x80, 0x00, 0x14, 0x3f, 0x89,
    0x00, 0x14, 0x3f, 0x92, 0x38, 0x60, 0x10, 0x47, 0xc8, 0x80, 0x0d, 0xb1, 0x00, 0x60, 0x47, 0xc8,
    0x80, 0x0f, 0xd1, 0x00, 0x68, 0x47, 0xc8, 0x80, 0x0c, 0x51, 0x38, 0x60, 0x90, 0x47, 0xc8, 0x80,
    0x0c, 0x11, 0x38, 0x60, 0x50, 0x47, 0xc8, 0x80, 0x0c, 0x61, 0x00, 0x64, 0x47, 0xc8, 0x80, 0x0e,
    0x21, 0x00, 0x6c, 0x47, 0xc8, 0x80, 0x0d, 0x41, 0x00, 0x62, 0x47, 0xc8, 0x80, 0x0f, 0x01, 0x00,
    0x6a, 0x47, 0xc8, 0x80, 0x46, 0x3f, 0xbf, 0x8c, 0x60, 0x61, 0xf0, 0xa8, 0x00, 0x38, 0x80, 0x30,
    0x48, 0x4c, 0x98, 0x40, 0x03, 0x90, 0x2c, 0xe3, 0x68, 0x40, 0x87, 0x4a, 0x00, 0x66, 0x47, 0xc8,
    0x80, 0x46, 0xfb, 0xbf, 0x38, 0x60, 0x30, 0x47, 0xc8, 0x80, 0x46, 0x6b, 0xbf, 0x00, 0x6e, 0x47,
    0xc8, 0x80, 0x46, 0x73, 0xbf, 0x38, 0x60, 0xb0, 0x47, 0xc8, 0x80, 0x46, 0xa3, 0xbf, 0x38, 0x60,
    0x70, 0x47, 0xc8, 0x80, 0x46, 0x3d, 0xbf, 0x38, 0x60, 0xf0, 0x47, 0xc8, 0x80, 0x46, 0xcd, 0xbf,
    0x38, 0x60, 0xd0, 0x47, 0xc8, 0x80, 0x46, 0x55, 0xbf, 0x38, 0x60, 0x08, 0x47, 0xc8, 0x80, 0x46,
    0x85, 0xbf, 0x38, 0x60, 0x88, 0x47, 0xc8, 0x80, 0x46, 0x19, 0xbf, 0x84, 0xe0, 0xbf, 0xec, 0xa8,
    0x00, 0x41, 0x87, 0xd5, 0x00, 0xee, 0x80, 0xe0, 0x08, 0x1c, 0xa8, 0x00, 0x88, 0x00, 0x30, 0x1c,
    0xa8, 0x00, 0x47, 0xb8, 0x80, 0x47, 0xac, 0x80, 0x05, 0x43, 0x05, 0x64, 0x8c, 0x60, 0x61, 0xf0,
    0xa8, 0x00, 0x04, 0x8a, 0x04, 0xab, 0x4a, 0x62, 0x98, 0x8c, 0x60, 0x51, 0xf0, 0xa8, 0x00, 0x40,
    0x03, 0x50, 0x04, 0x8a, 0x04, 0xab, 0x4a, 0x42, 0x98, 0x47, 0xcc, 0x80, 0x46, 0x77, 0xa6, 0x00,
    0x00, 0x84, 0xe0, 0xbf, 0xec, 0xa8, 0x00, 0x38, 0xc0, 0x21, 0xd2, 0x8e, 0x69, 0x40, 0xd3, 0x8c,
    0x7a, 0x80, 0x38, 0xc0, 0x61, 0xd2, 0x8e, 0x69, 0x40, 0x38, 0xc0, 0xe1, 0xd2, 0x8e, 0x67, 0x00,
    0x47, 0xd2, 0x48, 0x38, 0xc0, 0x41, 0xd2, 0xce, 0x65, 0xff, 0x8c, 0x00, 0x13, 0xec, 0xa8, 0x00,
    0x47, 0xd2, 0x48, 0x00, 0xe8, 0x8c, 0xe0, 0x13, 0xec, 0xa8, 0x00, 0x47, 0xd2, 0x48, 0x00, 0xec,
    0x8c, 0xe0, 0x13, 0xec, 0xa8, 0x00, 0x47, 0xd2, 0x48, 0x47, 0xa8, 0x80, 0x84, 0xe0, 0xbf, 0xec,
    0xa8, 0x00, 0x38, 0xa0, 0x81, 0xd2, 0x8e, 0x5b, 0x20, 0xd3, 0x8a, 0x77, 0x80, 0x38, 0xc0, 0xc1,
    0xd2, 0x8e, 0x6f, 0x80, 0x38, 0xa0, 0xa1, 0xd2, 0xce, 0x5c, 0x80, 0x38, 0xe0, 0x04, 0x8c, 0xe0,
    0x13, 0xec, 0xa8, 0x00, 0x47, 0xb8, 0x80, 0x40, 0x87, 0xb2, 0x47, 0xc8, 0x80, 0x0c, 0x87, 0x98,
    0xe0, 0x13, 0xec, 0xa8, 0x00, 0x00, 0xcf, 0x20, 0xc7, 0x00, 0x00, 0xf8, 0x98, 0xa0, 0x17, 0xec,
    0xa8, 0x00, 0xd2, 0xce, 0x5a, 0xff, 0x38, 0xe0, 0x04, 0x80, 0xe0, 0x89, 0x20, 0xa8, 0x00, 0x47,
    0xb8, 0x80, 0x84, 0xc0, 0x21, 0x20, 0xa8, 0x00, 0x38, 0xe0, 0x8e, 0xd2, 0xcc, 0x79, 0x3f, 0x98,
    0x60, 0x13, 0xec, 0xa8, 0x00, 0x98, 0x80, 0x49, 0x20, 0xa8, 0x00, 0x38, 0xa0, 0x04, 0x47, 0xc8,
    0x80, 0x46, 0x3e, 0xb4, 0x84, 0xc0, 0x13, 0xec, 0xa8, 0x00, 0x80, 0xc0, 0x21, 0x20, 0xa8, 0x00,
    0x84, 0xe0, 0x93, 0xec, 0xa8, 0x00, 0x80, 0xe0, 0xa1, 0x20, 0xa8, 0x00, 0x84, 0xe0, 0x53, 0xec,
    0xa8, 0x00, 0x80, 0xe0, 0x61, 0x20, 0xa8, 0x00, 0x38, 0xe0, 0x0e, 0xd2, 0x8c, 0x7a, 0x40, 0x38,
    0xa0, 0x8e, 0xd2, 0xcc, 0x54, 0x1f, 0x98, 0x60, 0x49, 0x20, 0xa8, 0x00, 0x98, 0x80, 0x13, 0xec,
    0xa8, 0x00, 0x38, 0xa0, 0x04, 0x48, 0x72, 0xd0, 0x98, 0x60, 0x65, 0x22, 0x28, 0x00, 0x0d, 0x60,
    0x98, 0x60, 0x49, 0x20, 0xa8, 0x00, 0x98, 0x80, 0x13, 0xec, 0xa8, 0x00, 0x38, 0xa0, 0x04, 0x49,
    0xe2, 0xd0, 0x98, 0x60, 0xc4, 0xa2, 0x28, 0x00, 0x00, 0x80, 0x00, 0xa0, 0x98, 0xc0, 0x49, 0x20,
    0xa8, 0x00, 0x47, 0xc8, 0x80, 0x46, 0x91, 0xf4, 0x47, 0xa8, 0x80, 0x84, 0xe0, 0xbf, 0xec, 0xa8,
    0x00, 0x38, 0x80, 0x81, 0xd2, 0x8e, 0x4b, 0x20, 0xd3, 0x88, 0x77, 0x80, 0x38, 0xa0, 0xc1, 0xd2,
    0x8e, 0x5f, 0x80, 0x38, 0xc0, 0xa1, 0xd2, 0xce, 0x6c, 0x80, 0x38, 0xe0, 0x04, 0x8c, 0xe0, 0x13,
    0xec, 0xa8, 0x00, 0x47, 0xb8, 0x80, 0x40, 0x87, 0x4a, 0x47, 0xc8, 0x80, 0x0e, 0xa5, 0x98, 0xe0,
    0x13, 0xec, 0xa8, 0x00, 0x00, 0xcf, 0x20, 0xc7, 0x00, 0x00, 0xf8, 0x98, 0xa0, 0x17, 0xec, 0xa8,
    0x00, 0xd2, 0xce, 0x5a, 0xff, 0x38, 0xe0, 0x04, 0x80, 0xe0, 0x89, 0x20, 0xa8, 0x00, 0x47, 0xb8,
    0x80, 0x84, 0xe0, 0x21, 0x20, 0xa8, 0x00, 0x40, 0x87, 0x60, 0x41, 0x27, 0x93, 0x80, 0x00, 0xd3,
    0xec, 0xa8, 0x00, 0x8c, 0xe0, 0x51, 0x20, 0xa8, 0x00, 0x80, 0xe0, 0x53, 0xec, 0xa8, 0x00, 0x80,
    0x00, 0x93, 0xec, 0xa8, 0x00, 0x47, 0xb8, 0x80, 0x84, 0xe0, 0x13, 0xec, 0xa8, 0x00, 0x80, 0xe0,
    0x21, 0x20, 0xa8, 0x00, 0x84, 0xa0, 0x93, 0xec, 0xa8, 0x00, 0x80, 0xa0, 0xa1, 0x20, 0xa8, 0x00,
    0x84, 0xc0, 0x53, 0xec, 0xa8, 0x00, 0x80, 0xc0, 0x61, 0x20, 0xa8, 0x00, 0x40, 0x47, 0x5e, 0xd1,
    0xd0, 0x7f, 0xc0, 0x41, 0x87, 0x01, 0x84, 0x80, 0xd3, 0xec, 0xa8, 0x00, 0x6c, 0x84, 0x08, 0x84,
    0xe0, 0x33, 0xec, 0xa8, 0x00, 0x6c, 0xe7, 0x18, 0x60, 0x84, 0x39, 0x6c, 0xe6, 0x10, 0x60, 0xe7,
    0x29, 0x60, 0x84, 0x39, 0x8c, 0x80, 0x31, 0x20, 0xa8, 0x00, 0x98, 0x60, 0xb0, 0xa2, 0x28, 0x00,
    0x00, 0xa0, 0x98, 0xc0, 0x11, 0x20, 0xa8, 0x00, 0x47, 0xc8, 0x80, 0x46, 0xc5, 0x74, 0x40, 0x27,
    0x6e, 0x38, 0x80, 0x10, 0xd2, 0xce, 0x4f, 0xcf, 0x6c, 0xe6, 0x10, 0x60, 0xe7, 0x29, 0x8c, 0xe0,
    0x31, 0x20, 0xa8, 0x00, 0x84, 0xe0, 0xd3, 0xec, 0xa8, 0x00, 0x8c, 0xe0, 0x11, 0x20, 0xa8, 0x00,
    0x98, 0x60, 0x7e, 0xa2, 0x28, 0x00, 0x00, 0x80, 0x00, 0xa0, 0x98, 0xc0, 0x13, 0xec, 0xa8, 0x00,
    0x47, 0xc8, 0x80, 0x46, 0xd6, 0x74, 0x84, 0x80, 0xd3, 0xec, 0xa8, 0x00, 0x6c, 0x84, 0x08, 0x84,
    0xe0, 0x33, 0xec, 0xa8, 0x00, 0x6c, 0xe7, 0x18, 0x60, 0x84, 0x39, 0x6c, 0xe6, 0x10, 0x60, 0xe7,
    0x29, 0x60, 0x84, 0x39, 0x8c, 0x80, 0x31, 0x20, 0xa8, 0x00, 0x84, 0xa0, 0xb3, 0xec, 0xa8, 0x00,
    0x8c, 0xa0, 0x11, 0x20, 0xa8, 0x00, 0x98, 0x60, 0x0f, 0x22, 0x28, 0x00, 0x00, 0xc0, 0x47, 0xc8,
    0x80, 0x46, 0xb4, 0x74, 0x6c, 0x86, 0x10, 0x60, 0x84, 0x29, 0x8c, 0x80, 0x31, 0x20, 0xa8, 0x00,
    0x84, 0x60, 0xd3, 0xec, 0xa8, 0x00, 0x84, 0xa0, 0xb3, 0xec, 0xa8, 0x00, 0x84, 0xc0, 0x33, 0xec,
    0xa8, 0x00, 0x4b, 0xd5, 0xe8, 0x8c, 0x60, 0x11, 0x20, 0xa8, 0x00, 0x98, 0x60, 0x61, 0x22, 0x28,
    0x00, 0x0e, 0x87, 0x47, 0xa8, 0x80, 0x84, 0xe0, 0xbf, 0xec, 0xa8, 0x00, 0x38, 0xa0, 0x81, 0xd2,
    0x8e, 0x59, 0xc0, 0xd3, 0x8a, 0x7b, 0x80, 0x38, 0xc0, 0xc1, 0xd2, 0x8e, 0x6f, 0x80, 0x38, 0xa0,
    0xa1, 0xd2, 0xce, 0x54, 0x80, 0x00, 0xec, 0x8c, 0xe0, 0x13, 0xec, 0xa8, 0x00, 0x47, 0xb8, 0x80,
    0x40, 0x87, 0x42, 0x47, 0xc8, 0x80, 0x46, 0xd0, 0xbf, 0x98, 0xe0, 0xff, 0xff, 0xff, 0x00, 0x8c,
    0xe0, 0x13, 0xec, 0xa8, 0x00, 0x47, 0xb8, 0x80, 0x84, 0xe0, 0x21, 0x20, 0xa8, 0x00, 0x34, 0xe7,
    0xf0, 0x40, 0x87, 0x60, 0x41, 0x27, 0x9b, 0x80, 0x00, 0xd3, 0xec, 0xa8, 0x00, 0x8c, 0xe0, 0x51,
    0x20, 0xa8, 0x00, 0x80, 0xe0, 0x53, 0xec, 0xa8, 0x00, 0x80, 0x00, 0x93, 0xec, 0xa8, 0x00, 0x47,
    0xb8, 0x80, 0x87, 0x00, 0x13, 0xec, 0xa8, 0x00, 0x83, 0x00, 0x21, 0x20, 0xa8, 0x00, 0x84, 0x60,
    0x93, 0xec, 0xa8, 0x00, 0x80, 0x60, 0xa1, 0x20, 0xa8, 0x00, 0x84, 0xc0, 0x53, 0xec, 0xa8, 0x00,
    0x80, 0xc0, 0x61, 0x20, 0xa8, 0x00, 0x36, 0xf8, 0xf0, 0x40, 0x57, 0xfa, 0x43, 0x57, 0x04, 0x41,
    0x97, 0x71, 0x34, 0xf8, 0x0f, 0x38, 0xa0, 0x02, 0xd2, 0x8e, 0x53, 0xb0, 0x38, 0xa0, 0x01, 0xd2,
    0x8e, 0x50, 0xe0, 0x80, 0x00, 0x09, 0x20, 0xa8, 0x00, 0x47, 0xb8, 0x80, 0xd0, 0x09, 0x72, 0x90,
    0x38, 0xe0, 0x10, 0xd2, 0xee, 0x75, 0x6f, 0x34, 0xf8, 0x0f, 0x38, 0xa0, 0x08, 0xd2, 0x8e, 0x51,
    0x50, 0x38, 0xa0, 0x04, 0xd2, 0xce, 0x59, 0xaf, 0x8c, 0xc0, 0x11, 0x20, 0xa8, 0x00, 0x98, 0x60,
    0x3d, 0xa2, 0x28, 0x00, 0x8c, 0x80, 0x71, 0x20, 0xa8, 0x00, 0x04, 0xa6, 0x98, 0xc0, 0x93, 0xec,
    0xa8, 0x00, 0x47, 0xc8, 0x80, 0x46, 0x90, 0xb4, 0x36, 0xf8, 0x0f, 0x38, 0xe0, 0x02, 0xd2, 0xae,
    0x7e, 0xe0, 0x38, 0xa0, 0x01, 0xd2, 0xae, 0x5c, 0x90, 0x38, 0xe0, 0x08, 0xd2, 0xee, 0x78, 0x4f,
    0x6c, 0xe6, 0x10, 0x60, 0xe7, 0x19, 0x8c, 0xe0, 0x11, 0x20, 0xa8, 0x00, 0x47, 0xb8, 0x80, 0x6c,
    0x83, 0x08, 0x6c, 0xe6, 0x18, 0x60, 0x84, 0x39, 0x8c, 0xe0, 0x71, 0x20, 0xa8, 0x00, 0x60, 0x84,
    0x39, 0x8c, 0x80, 0x31, 0x20, 0xa8, 0x00, 0x98, 0x60, 0xb0, 0xa2, 0x28, 0x00, 0x00, 0xa0, 0x98,
    0xc0, 0x11, 0x20, 0xa8, 0x00, 0x4a, 0x74, 0xd0, 0x80, 0x00, 0x09, 0x20, 0xa8, 0x00, 0x0f, 0x5b,
    0x34, 0xf8, 0x0f, 0x38, 0xa0, 0x08, 0xd2, 0x8e, 0x5f, 0x80, 0x38, 0xa0, 0x04, 0xd2, 0xce, 0x50,
    0xb7, 0x88, 0x80, 0xf1, 0x20, 0xa8, 0x00, 0x00, 0xa8, 0x48, 0x72, 0xe8, 0x8c, 0x60, 0x11, 0x20,
    0xa8, 0x00, 0x47, 0xb8, 0x80, 0x6c, 0xe6, 0x10, 0x60, 0xe7, 0x19, 0x8c, 0xe0, 0x31, 0x20, 0xa8,
    0x00, 0x47, 0xb8, 0x80, 0x6c, 0xe6, 0x10, 0x60, 0xe7, 0x19, 0x8c, 0xe0, 0x31, 0x20, 0xa8, 0x00,
    0x80, 0x00, 0x09, 0x20, 0xa8, 0x00, 0x0f, 0x13, 0x6c, 0x83, 0x08, 0x6c, 0xe6, 0x18, 0x60, 0x84,
    0x39, 0x8c, 0xe0, 0x71, 0x20, 0xa8, 0x00, 0x60, 0x84, 0x39, 0x8c, 0x80, 0x31, 0x20, 0xa8, 0x00,
    0x98, 0x60, 0x0f, 0x22, 0x28, 0x00, 0x8c, 0xa0, 0x51, 0x20, 0xa8, 0x00, 0x00, 0xc0, 0x47, 0xc8,
    0x80, 0x46, 0xbc, 0x34, 0x84, 0xe0, 0xff, 0xec, 0xa8, 0x00, 0x40, 0x47, 0x98, 0x40, 0xc7, 0xc8,
    0x40, 0x87, 0x70, 0x00, 0xe6, 0x80, 0xe0, 0x08, 0x1c, 0xa8, 0x00, 0x47, 0xd2, 0x48, 0x0e, 0x91,
    0x46, 0x95, 0xdf, 0x46, 0xa9, 0x3f, 0x06, 0xe5, 0x98, 0x60, 0x21, 0xeb, 0x28, 0x00, 0x24, 0x85,
    0xc0, 0x8c, 0xa0, 0x71, 0x20, 0xa8, 0x00, 0x8c, 0xc0, 0x51, 0x20, 0xa8, 0x00, 0x24, 0xf7, 0x20,
    0x25, 0x17, 0xa0, 0x46, 0x0a, 0x64, 0x47, 0xa6, 0x00, 0x25, 0x85, 0xc0, 0x24, 0xe5, 0x40, 0x6c,
    0xe7, 0x10, 0x24, 0xc5, 0x80, 0x61, 0xc7, 0x31, 0x40, 0x0c, 0xa4, 0x3e, 0x0e, 0x6a, 0x05, 0x65,
    0x01, 0x40, 0x60, 0x8d, 0x54, 0x38, 0x60, 0x35, 0x3e, 0x04, 0x22, 0x00, 0xa8, 0x00, 0xc8, 0x49,
    0x38, 0xe8, 0x20, 0x6b, 0x20, 0x01, 0x58, 0x01, 0x78, 0xd3, 0x58, 0xa9, 0x7f, 0x98, 0x60, 0x5d,
    0xeb, 0x28, 0x00, 0x38, 0x80, 0x35, 0x04, 0xae, 0x04, 0xcc, 0x47, 0xc6, 0x00, 0x46, 0x60, 0x64,
    0x47, 0xac, 0x80, 0x05, 0x63, 0x05, 0x44, 0x98, 0x60, 0xdb, 0xeb, 0x28, 0x00, 0x04, 0x8b, 0x04,
    0xaa, 0x49, 0x3e, 0x90, 0x3e, 0x0a, 0x50, 0x21, 0x4b, 0x00, 0x47, 0xbc, 0x80, 0x04, 0x83, 0x24,
    0xe3, 0x00, 0x3e, 0x07, 0x38, 0x2c, 0xe5, 0x00, 0x98, 0x60, 0xaf, 0xeb, 0x28, 0x00, 0x04, 0xa7,
    0x46, 0xcb, 0xa4, 0x47, 0xa6, 0x00, 0x25, 0xa5, 0xc0, 0x24, 0xe5, 0x40, 0x6c, 0xe7, 0x10, 0x24,
    0xc5, 0x80, 0x61, 0xc7, 0x31, 0x40, 0x0d, 0x6c, 0x05, 0x65, 0x05, 0x4e, 0x01, 0x80, 0x38, 0x60,
    0x35, 0x3e, 0x0a, 0x22, 0x24, 0xab, 0x20, 0x00, 0xc8, 0x00, 0xe8, 0x4b, 0xa9, 0x68, 0x98, 0x60,
    0x70, 0x1b, 0x28, 0x00, 0x38, 0x80, 0x35, 0x04, 0xaa, 0x24, 0xcb, 0x20, 0x04, 0xed, 0x4a, 0xa6,
    0x90, 0x01, 0x98, 0x01, 0x78, 0x01, 0x58, 0xd3, 0x5a, 0xce, 0xbf, 0x98, 0x60, 0x5c, 0x1b, 0x28,
    0x00, 0x38, 0x80, 0x35, 0x04, 0xae, 0x04, 0xcd, 0x47, 0xc6, 0x00, 0x46, 0x1e, 0xa4, 0x47, 0xa4,
    0x00, 0x05, 0x45, 0x24, 0x65, 0x20, 0x88, 0x80, 0xf1, 0x20, 0xa8, 0x00, 0x84, 0xa0, 0xd1, 0x20,
    0xa8, 0x00, 0x24, 0xca, 0x60, 0x24, 0xea, 0xa0, 0x49, 0x41, 0x68, 0x98, 0x60, 0xba, 0x1b, 0x28,
    0x00, 0x24, 0x8a, 0x20, 0x8c, 0xa0, 0x71, 0x20, 0xa8, 0x00, 0x8c, 0xc0, 0x51, 0x20, 0xa8, 0x00,
    0x24, 0xea, 0xa0, 0x25, 0x0a, 0x60, 0x47, 0xc4, 0x00, 0x46, 0x5c, 0xa4, 0x47, 0xa2, 0x00, 0x05,
    0x43, 0x05, 0x84, 0x05, 0x65, 0x24, 0x65, 0x00, 0x3e, 0x0a, 0x22, 0x3e, 0x0c, 0x28, 0x00, 0xc8,
    0x00, 0xe8, 0x48, 0x2e, 0x68, 0x98, 0x60, 0xa9, 0x1b, 0x28, 0x00, 0x24, 0x8b, 0x00, 0x04, 0xaa,
    0x04, 0xcc, 0x47, 0xc2, 0x00, 0x46, 0x70, 0xa4, 0x00, 0x00, 0x47, 0xac, 0xc0, 0x05, 0x43, 0x05,
    0x64, 0x2c, 0xe3, 0x40, 0x38, 0xc0, 0x84, 0xd2, 0x8e, 0x60, 0x80, 0x98, 0x60, 0x9e, 0xeb, 0x28,
    0x00, 0x49, 0x3c, 0x90, 0x47, 0xbc, 0xc0, 0x8c, 0x60, 0x61, 0xf0, 0xa8, 0x00, 0x38, 0x80, 0xc4,
    0x48, 0x7e, 0xe8, 0x2c, 0xca, 0x68, 0x34, 0xe6, 0xa0, 0x41, 0x07, 0x7c, 0x34, 0xe6, 0x50, 0x40,
    0x07, 0x22, 0x34, 0xeb, 0xa0, 0x00, 0xa4, 0x02, 0xe2, 0x40, 0x07, 0x5c, 0x40, 0x03, 0xf3, 0x40,
    0x85, 0x5c, 0x40, 0x45, 0xea, 0x40, 0x05, 0xf3, 0x8c, 0x60, 0x71, 0xf0, 0xa8, 0x00, 0x2c, 0xe3,
    0x44, 0x40, 0x07, 0xc3, 0x2c, 0xe3, 0x64, 0x30, 0x63, 0x18, 0x30, 0x81, 0x40, 0x00, 0xa6, 0x00,
    0xc8, 0x47, 0xd1, 0x38, 0x47, 0xbc, 0xc0, 0x34, 0xeb, 0x50, 0x00, 0xa8, 0x02, 0xe2, 0x41, 0x07,
    0x73, 0x0f, 0x77, 0x00, 0xa0, 0x02, 0xe2, 0x0e, 0x8f, 0x38, 0xc0, 0xf0, 0x2c, 0xc3, 0x38, 0x20,
    0xa1, 0x40, 0x84, 0xe0, 0x80, 0x1c, 0xa8, 0x00, 0x20, 0xe1, 0xc0, 0x20, 0x01, 0x20, 0x22, 0xe1,
    0xa0, 0x20, 0xa1, 0x60, 0x20, 0xc1, 0xe0, 0x0e, 0x37, 0x00, 0xac, 0x2c, 0xa3, 0x38, 0x00, 0xc8,
    0x20, 0xc1, 0x40, 0x84, 0xe0, 0x80, 0x1c, 0xa8, 0x00, 0x20, 0xe1, 0xc0, 0x20, 0x01, 0x20, 0x22,
    0xe1, 0xa0, 0x20, 0xc1, 0x60, 0x20, 0xa1, 0xe0, 0x0c, 0x27, 0x47, 0xac, 0x80, 0x05, 0x43, 0x8c,
    0x60, 0x61, 0xf0, 0xa8, 0x00, 0x04, 0x8a, 0x4a, 0x2a, 0xe8, 0xd0, 0x00, 0x38, 0x70, 0x84, 0xe0,
    0xbf, 0xec, 0xa8, 0x00, 0x38, 0xc0, 0xc1, 0xd2, 0x8e, 0x6a, 0x70, 0xd3, 0x8c, 0x78, 0xc0, 0x38,
    0xc0, 0xa1, 0xd2, 0x8e, 0x67, 0xf0, 0x38, 0xc0, 0x21, 0xd3, 0x8c, 0x7a, 0x50, 0x38, 0xc0, 0x61,
    0xd2, 0x8e, 0x62, 0x70, 0x38, 0xc0, 0xe1, 0xd2, 0x8e, 0x68, 0xb0, 0x00, 0xee, 0x80, 0xe0, 0x08,
    0x1c, 0xa8, 0x00, 0x88, 0x00, 0x30, 0x1c, 0xa8, 0x00, 0x47, 0xbc, 0x80, 0x38, 0xc0, 0x81, 0xd2,
    0x8e, 0x6b, 0xb0, 0xd3, 0x8c, 0x70, 0x80, 0x2c, 0xe3, 0x50, 0x8c, 0xe0, 0x13, 0xec, 0xa8, 0x00,
    0x47, 0xbc, 0x80, 0x41, 0x87, 0x1b, 0x85, 0x60, 0x13, 0xec, 0xa8, 0x00, 0x88, 0xc0, 0xb0, 0x1c,
    0xa8, 0x00, 0xd2, 0x20, 0x6d, 0x40, 0x84, 0xe0, 0x93, 0xec, 0xa8, 0x00, 0x6c, 0xe7, 0x10, 0x61,
    0x6b, 0x39, 0x40, 0x46, 0xd8, 0x84, 0xc0, 0xd3, 0xec, 0xa8, 0x00, 0x6c, 0xc6, 0x18, 0x84, 0xe0,
    0x53, 0xec, 0xa8, 0x00, 0x6c, 0xe7, 0x08, 0x60, 0xc6, 0x39, 0x61, 0x6b, 0x31, 0x2c, 0xe3, 0x40,
    0x38, 0xc0, 0x84, 0xd2, 0x8e, 0x6a, 0x90, 0x2c, 0xe3, 0x50, 0xd3, 0xce, 0xb0, 0xc0, 0x2c, 0xe3,
    0x70, 0xd3, 0xd6, 0x79, 0x40, 0x24, 0xc3, 0x04, 0xd0, 0x40, 0x6b, 0x90, 0x98, 0x60, 0xad, 0xfc,
    0x28, 0x00, 0x04, 0x8a, 0x04, 0xab, 0x00, 0xc0, 0x47, 0xcc, 0x80, 0x46, 0xc4, 0x94, 0x2c, 0xe3,
    0x58, 0x8c, 0xe0, 0x13, 0xec, 0xa8, 0x00, 0x47, 0xbc, 0x80, 0x00, 0xe2, 0x80, 0xe0, 0x08, 0x1c,
    0xa8, 0x00, 0x88, 0x00, 0x30, 0x1c, 0xa8, 0x00, 0x47, 0xbc, 0x80, 0x00, 0xe6, 0x80, 0xe0, 0x08,
    0x1c, 0xa8, 0x00, 0x88, 0x00, 0x30, 0x1c, 0xa8, 0x00, 0x47, 0xbc, 0x80, 0x2c, 0xe3, 0x70, 0x8c,
    0xe0, 0x13, 0xec, 0xa8, 0x00, 0x47, 0xbc, 0x80, 0x2c, 0xe3, 0x48, 0x8c, 0xe0, 0x13, 0xec, 0xa8,
    0x00, 0x47, 0xbc, 0x80, 0x2c, 0xe3, 0x78, 0x8c, 0xe0, 0x13, 0xec, 0xa8, 0x00, 0x47, 0xbc, 0x80,
    0x24, 0xe3, 0x20, 0x8c, 0xe0, 0x13, 0xec, 0xa8, 0x00, 0x47, 0xbc, 0x80, 0x2c, 0xe3, 0x68, 0x8c,
    0xe0, 0x13, 0xec, 0xa8, 0x00, 0x47, 0xbc, 0x80, 0x35, 0x6b, 0xf0, 0x2c, 0xe3, 0x58, 0x60, 0xeb,
    0x38, 0x40, 0x07, 0x99, 0x30, 0xeb, 0xff, 0xd2, 0x20, 0x77, 0x00, 0x40, 0x2b, 0x50, 0x38, 0xe0,
    0x10, 0xd2, 0xd6, 0x79, 0x1f, 0x04, 0x8b, 0x4b, 0x1e, 0xff, 0x0d, 0x1b, 0x47, 0xa8, 0x80, 0x84,
    0xe0, 0xff, 0xec, 0xa8, 0x00, 0x38, 0xc0, 0x88, 0xd3, 0x8c, 0x7f, 0x00, 0x00, 0xe6, 0x80, 0xe0,
    0x08, 0x1c, 0xa8, 0x00, 0x47, 0xb8, 0x80, 0x6c, 0xe7, 0x40, 0x90, 0xe7, 0x1c, 0x12, 0x28, 0x00,
    0x2c, 0xe7, 0x40, 0x47, 0xd2, 0x38, 0x00, 0x00, 0x00, 0x14, 0x48, 0x1c, 0x00, 0x14, 0x48, 0x80,
    0x00, 0x14, 0x48, 0x88, 0x00, 0x14, 0x48, 0x90, 0x00, 0x14, 0x48, 0x98, 0x00, 0x14, 0x48, 0xc3,
    0x00, 0x14, 0x48, 0xcc, 0x00, 0x14, 0x48, 0xd5, 0x00, 0x14, 0x48, 0xde, 0x00, 0x14, 0x48, 0xe7,
    0x00, 0x14, 0x48, 0xf0, 0x00, 0x14, 0x48, 0xf9, 0x00, 0x14, 0x49, 0x02, 0x00, 0x14, 0x49, 0x0b,
    0x00, 0x14, 0x49, 0x14, 0x00, 0x14, 0x49, 0x1d, 0x00, 0x14, 0x49, 0x26, 0x00, 0x14, 0x49, 0x2f,
    0x38, 0x60, 0x04, 0x47, 0xc8, 0x80, 0x0c, 0x91, 0x38, 0x60, 0x84, 0x47, 0xc8, 0x80, 0x0c, 0xe1,
    0x38, 0x60, 0x44, 0x47, 0xc8, 0x80, 0x0c, 0xa1, 0x8c, 0x60, 0x61, 0xf0, 0xa8, 0x00, 0x38, 0x80,
    0x84, 0x4b, 0x9b, 0x68, 0x40, 0x03, 0x68, 0x2c, 0xe3, 0x68, 0x34, 0xe7, 0x50, 0x40, 0x07, 0xb0,
    0x84, 0xe0, 0xbf, 0xec, 0xa8, 0x00, 0xd0, 0x20, 0x74, 0x10, 0x38, 0x60, 0xc4, 0x47, 0xc8, 0x80,
    0x46, 0x57, 0xbf, 0x38, 0x60, 0x24, 0x47, 0xc8, 0x80, 0x46, 0x87, 0xbf, 0x38, 0x60, 0xa4, 0x47,
    0xc8, 0x80, 0x46, 0x1b, 0xbf, 0x38, 0x60, 0x64, 0x47, 0xc8, 0x80, 0x46, 0xf3, 0xbf, 0x38, 0x60,
    0x8c, 0x47, 0xc8, 0x80, 0x46, 0x63, 0xbf, 0x38, 0x60, 0xe4, 0x47, 0xc8, 0x80, 0x46, 0xbd, 0xbf,
    0x38, 0x60, 0x14, 0x47, 0xc8, 0x80, 0x46, 0x2d, 0xbf, 0x38, 0x60, 0x94, 0x47, 0xc8, 0x80, 0x46,
    0xd5, 0xbf, 0x38, 0x60, 0x54, 0x47, 0xc8, 0x80, 0x46, 0x45, 0xbf, 0x38, 0x60, 0xd4, 0x47, 0xc8,
    0x80, 0x46, 0x99, 0xbf, 0x38, 0x60, 0x34, 0x47, 0xc8, 0x80, 0x46, 0x09, 0xbf, 0x38, 0x60, 0xb4,
    0x47, 0xc8, 0x80, 0x46, 0xe1, 0xbf, 0x38, 0x60, 0x74, 0x47, 0xc8, 0x80, 0x46, 0x7e, 0xbf, 0x38,
    0x60, 0x4c, 0x47, 0xc8, 0x80, 0x46, 0xae, 0xbf, 0x00, 0xee, 0x80, 0xe0, 0x08, 0x1c, 0xa8, 0x00,
    0x88, 0x00, 0x30, 0x1c, 0xa8, 0x00, 0x47, 0xb8, 0x80, 0x00, 0x00, 0x00, 0x84, 0xe0, 0xbf, 0xec,
    0xa8, 0x00, 0x40, 0x87, 0xd8, 0x3b, 0x00, 0x61, 0xd2, 0x8f, 0x8e, 0x20, 0x00, 0xee, 0x80, 0xe0,
    0x08, 0x1c, 0xa8, 0x00, 0x88, 0x00, 0x30, 0x1c, 0xa8, 0x00, 0x47, 0xd2, 0x48, 0x86, 0xe0, 0x33,
    0xec, 0xa8, 0x00, 0x84, 0xc0, 0xb3, 0xec, 0xa8, 0x00, 0x84, 0xa0, 0x73, 0xec, 0xa8, 0x00, 0x84,
    0x80, 0xf3, 0xec, 0xa8, 0x00, 0x84, 0xe0, 0xd3, 0xec, 0xa8, 0x00, 0x00, 0xff, 0x27, 0x03, 0x2c,
    0xd2, 0x8f, 0x8a, 0x40, 0x00, 0xe2, 0x80, 0xe0, 0x08, 0x1c, 0xa8, 0x00, 0x47, 0xd2, 0x48, 0x00,
    0xe4, 0x8c, 0xc0, 0x60, 0x1c, 0xa8, 0x00, 0x20, 0xe6, 0x00, 0x00, 0xe8, 0x88, 0xe0, 0x30, 0x1c,
    0xa8, 0x00, 0x47, 0xd2, 0x48, 0x6c, 0xc6, 0x10, 0x6c, 0xe5, 0x08, 0x60, 0xc6, 0x39, 0x60, 0xc6,
    0xb9, 0x6c, 0xe4, 0x18, 0x60, 0xc6, 0x39, 0x98, 0xe0, 0x01, 0x69, 0x19, 0x00, 0x64, 0xe7, 0x35,
    0x3e, 0x07, 0x38, 0x24, 0xc3, 0xac, 0xd2, 0xce, 0x67, 0xdf, 0x20, 0x03, 0x22, 0x47, 0xd2, 0x48,
    0x00, 0xee, 0x80, 0xe0, 0x08, 0x1c, 0xa8, 0x00, 0x47, 0xd2, 0x48, 0x00, 0xee, 0x80, 0xe0, 0x08,
    0x1c, 0xa8, 0x00, 0x47, 0xd2, 0x48, 0x00, 0xee, 0x80, 0xe0, 0x08, 0x1c, 0xa8, 0x00, 0x47, 0xd2,
    0x48, 0x2c, 0xa3, 0x44, 0x24, 0xc5, 0xf0, 0x00, 0xd8, 0x24, 0xe5, 0xc0, 0x00, 0xf8, 0x64, 0xc6,
    0x3b, 0x28, 0xe5, 0x88, 0x94, 0xe7, 0xff, 0xe0, 0x00, 0x00, 0x64, 0xc6, 0x3b, 0x3e, 0x06, 0xba,
    0x84, 0xe0, 0xbf, 0xec, 0xa8, 0x00, 0x38, 0xc0, 0xc1, 0xd3, 0xce, 0x6f, 0x30, 0x38, 0xc0, 0x81,
    0xd3, 0x8c, 0x7e, 0x70, 0x2c, 0xe3, 0x74, 0x2c, 0xe7, 0x40, 0x3e, 0x07, 0x22, 0x6c, 0x84, 0x80,
    0x6c, 0xe7, 0x09, 0x64, 0x84, 0x3b, 0x00, 0xc8, 0x8c, 0xe0, 0x60, 0x1c, 0xa8, 0x00, 0x20, 0xc7,
    0x00, 0x8c, 0xe0, 0x60, 0x1c, 0xa8, 0x00, 0x20, 0x07, 0x80, 0x8c, 0xe0, 0x60, 0x1c, 0xa8, 0x00,
    0x20, 0xc7, 0x40, 0x8c, 0xe0, 0x60, 0x1c, 0xa8, 0x00, 0x20, 0xc7, 0xc0, 0x2c, 0xc3, 0x74, 0x38,
    0xe0, 0x24, 0x24, 0x63, 0x2c, 0x64, 0xe7, 0x1b, 0x08, 0xc7, 0x2c, 0xe6, 0x60, 0x24, 0xc7, 0x00,
    0x98, 0xe0, 0x01, 0x69, 0x19, 0x00, 0x64, 0xe7, 0x34, 0x8c, 0xc0, 0x60, 0x1c, 0xa8, 0x00, 0x20,
    0xe6, 0x20, 0x6c, 0xa7, 0x11, 0x8c, 0xc0, 0x60, 0x1c, 0xa8, 0x00, 0x20, 0xa6, 0xa0, 0x6c, 0xe7,
    0x09, 0x8c, 0xc0, 0x60, 0x1c, 0xa8, 0x00, 0x20, 0xe6, 0x60, 0x8c, 0xe0, 0x60, 0x1c, 0xa8, 0x00,
    0x20, 0x07, 0xe0, 0x8c, 0xe0, 0x60, 0x1c, 0xa8, 0x00, 0x20, 0x87, 0x48, 0x6c, 0xc4, 0x11, 0x8c,
    0xe0, 0x60, 0x1c, 0xa8, 0x00, 0x20, 0xc7, 0xc8, 0x6c, 0xc4, 0x09, 0x8c, 0xe0, 0x60, 0x1c, 0xa8,
    0x00, 0x20, 0xc7, 0x28, 0x6c, 0x84, 0x19, 0x8c, 0xe0, 0x60, 0x1c, 0xa8, 0x00, 0x20, 0x87, 0xa8,
    0x8c, 0xe0, 0x60, 0x1c, 0xa8, 0x00, 0x22, 0xe7, 0x68, 0x6c, 0xd7, 0x11, 0x8c, 0xe0, 0x60, 0x1c,
    0xa8, 0x00, 0x20, 0xc7, 0xe8, 0x47, 0xd2, 0x48, 0x38, 0xc0, 0x61, 0xd2, 0x8e, 0x6f, 0x08, 0x38,
    0xc0, 0xe1, 0xd2, 0x8e, 0x64, 0xcf, 0x00, 0xee, 0x80, 0xe0, 0x08, 0x1c, 0xa8, 0x00, 0x88, 0x00,
    0x30, 0x1c, 0xa8, 0x00, 0x47, 0xd2, 0x48, 0xd0, 0x20, 0x79, 0x08, 0xd2, 0xce, 0x6d, 0x7f, 0x38,
    0xe0, 0x24, 0x24, 0xc3, 0x2c, 0x64, 0xe7, 0x33, 0x2c, 0xc3, 0x74, 0x60, 0xa6, 0x3c, 0x2c, 0xc5,
    0x40, 0x3e, 0x06, 0x3a, 0x6c, 0xe7, 0x80, 0x6c, 0xc6, 0x09, 0x64, 0x87, 0x33, 0x24, 0xe3, 0xac,
    0x41, 0x07, 0x30, 0x2c, 0xe5, 0x60, 0x24, 0xe7, 0x00, 0x20, 0xe3, 0xac, 0x98, 0xc0, 0x01, 0x69,
    0x19, 0x00, 0x64, 0xc6, 0x3c, 0x00, 0xa8, 0x8c, 0xe0, 0x60, 0x1c, 0xa8, 0x00, 0x20, 0xa7, 0x00,
    0x8c, 0xe0, 0x60, 0x1c, 0xa8, 0x00, 0x20, 0x07, 0x80, 0x84, 0xa0, 0x53, 0xec, 0xa8, 0x00, 0x8c,
    0xe0, 0x60, 0x1c, 0xa8, 0x00, 0x20, 0xa7, 0x40, 0x24, 0xa3, 0x2c, 0x00, 0xb8, 0x8c, 0xe0, 0x60,
    0x1c, 0xa8, 0x00, 0x20, 0xa7, 0xc0, 0x8c, 0xe0, 0x60, 0x1c, 0xa8, 0x00, 0x20, 0xc7, 0x20, 0x6c,
    0xa6, 0x11, 0x8c, 0xe0, 0x60, 0x1c, 0xa8, 0x00, 0x20, 0xa7, 0xa0, 0x6c, 0xc6, 0x09, 0x8c, 0xe0,
    0x60, 0x1c, 0xa8, 0x00, 0x20, 0xc7, 0x60, 0x8c, 0xe0, 0x60, 0x1c, 0xa8, 0x00, 0x20, 0x07, 0xe0,
    0x8c, 0xe0, 0x60, 0x1c, 0xa8, 0x00, 0x20, 0x87, 0x48, 0x6c, 0xc4, 0x11, 0x8c, 0xe0, 0x60, 0x1c,
    0xa8, 0x00, 0x20, 0xc7, 0xc8, 0x6c, 0xc4, 0x09, 0x8c, 0xe0, 0x60, 0x1c, 0xa8, 0x00, 0x20, 0xc7,
    0x28, 0x6c, 0xc4, 0x19, 0x8c, 0xe0, 0x60, 0x1c, 0xa8, 0x00, 0x20, 0xc7, 0xa8, 0x8c, 0xe0, 0x60,
    0x1c, 0xa8, 0x00, 0x22, 0xe7, 0x68, 0x6c, 0xd7, 0x11, 0x8c, 0xe0, 0x60, 0x1c, 0xa8, 0x00, 0x20,
    0xc7, 0xe8, 0x88, 0xc0, 0xb0, 0x1c, 0xa8, 0x00, 0xd0, 0x00, 0x6b, 0xf7, 0x00, 0xe0, 0x00, 0xf8,
    0x3e, 0x07, 0x38, 0xd3, 0xcc, 0x7d, 0xff, 0x47, 0xd2, 0x48, 0x00, 0xec, 0x8c, 0xc0, 0x60, 0x1c,
    0xa8, 0x00, 0x20, 0xe6, 0x00, 0x00, 0xe8, 0x88, 0xe0, 0x30, 0x1c, 0xa8, 0x00, 0x47, 0xd2, 0x48,
    0x84, 0xa0, 0xd3, 0xec, 0xa8, 0x00, 0x24, 0xe3, 0xec, 0x40, 0x27, 0x28, 0x00, 0xe2, 0x80, 0xe0,
    0x08, 0x1c, 0xa8, 0x00, 0x98, 0x60, 0xb5, 0x1b, 0x28, 0x00, 0x46, 0x9d, 0x78, 0x40, 0x05, 0xf7,
    0x24, 0xc3, 0x6c, 0xd3, 0xca, 0x69, 0x7f, 0x84, 0xc0, 0xb3, 0xec, 0xa8, 0x00, 0x6c, 0xc6, 0x10,
    0x84, 0xe0, 0x73, 0xec, 0xa8, 0x00, 0x6c, 0xe7, 0x08, 0x60, 0xc6, 0x39, 0x84, 0xe0, 0x33, 0xec,
    0xa8, 0x00, 0x60, 0xc6, 0x39, 0x84, 0xe0, 0xf3, 0xec, 0xa8, 0x00, 0x6c, 0xe7, 0x18, 0x60, 0xc6,
    0x39, 0x98, 0xe0, 0x01, 0x69, 0x19, 0x00, 0x64, 0xe7, 0x35, 0x30, 0xc5, 0xff, 0x20, 0xc3, 0x2c,
    0x20, 0xe3, 0xac, 0x88, 0xc0, 0xb0, 0x1c, 0xa8, 0x00, 0xd0, 0x00, 0x63, 0x67, 0x00, 0xe0, 0x00,
    0xf8, 0x3e, 0x07, 0x38, 0xd3, 0xcc, 0x7d, 0xff, 0x47, 0xd2, 0x48, 0x00, 0x06, 0xe3, 0x8c, 0xe0,
    0x71, 0xf0, 0xa8, 0x00, 0x24, 0x87, 0x10, 0x40, 0x04, 0x54, 0x2c, 0x67, 0x60, 0x30, 0xc3, 0x12,
    0x00, 0xa0, 0x24, 0xe3, 0x0c, 0xd2, 0xee, 0x74, 0x80, 0x0e, 0xe0, 0x04, 0x66, 0x24, 0xe6, 0x0c,
    0x30, 0xc6, 0x12, 0xd2, 0x8f, 0x7c, 0x80, 0x30, 0xe5, 0x80, 0x3e, 0x07, 0x28, 0xd3, 0xc8, 0x57,
    0x7f, 0x00, 0x60, 0x47, 0xd2, 0x48, 0x24, 0x63, 0x80, 0x47, 0xd2, 0x48, 0x00, 0xe8, 0x88, 0xe0,
    0x30, 0x1c, 0xa8, 0x00, 0x84, 0xe0, 0xbf, 0xec, 0xa8, 0x00, 0x38, 0xc0, 0x81, 0xd2, 0x8e, 0x69,
    0xc0, 0x38, 0xc0, 0x61, 0xd2, 0x8e, 0x6e, 0x40, 0x40, 0x87, 0x28, 0x00, 0xee, 0x80, 0xe0, 0x08,
    0x1c, 0xa8, 0x00, 0x88, 0x00, 0x30, 0x1c, 0xa8, 0x00, 0x47, 0xd2, 0x48, 0x84, 0xe0, 0x13, 0xec,
    0xa8, 0x00, 0x80, 0xe0, 0x2d, 0x20, 0xa8, 0x00, 0x47, 0xd2, 0x48, 0x00, 0xec, 0x8c, 0xe0, 0x13,
    0xec, 0xa8, 0x00, 0x47, 0xd2, 0x48, 0x84, 0xe0, 0x2d, 0x20, 0xa8, 0x00, 0x8c, 0xe0, 0x13, 0xec,
    0xa8, 0x00, 0x47, 0xd2, 0x48, 0x00, 0xe8, 0x88, 0xe0, 0x30, 0x1c, 0xa8, 0x00, 0x84, 0xe0, 0xbf,
    0xec, 0xa8, 0x00, 0x38, 0xc0, 0x81, 0xd2, 0x8e, 0x63, 0x80, 0x38, 0xc0, 0x61, 0xd2, 0x8e, 0x65,
    0x40, 0x00, 0xee, 0x80, 0xe0, 0x08, 0x1c, 0xa8, 0x00, 0x88, 0x00, 0x30, 0x1c, 0xa8, 0x00, 0x47,
    0xd2, 0x48, 0x84, 0xe0, 0x08, 0x1c, 0xa8, 0x00, 0x8c, 0xe0, 0x13, 0xec, 0xa8, 0x00, 0x80, 0x00,
    0x08, 0x1c, 0xa8, 0x00, 0x47, 0xd2, 0x48, 0x00, 0xe8, 0x8c, 0xe0, 0x13, 0xec, 0xa8, 0x00, 0x47,
    0xd2, 0x48, 0x84, 0xe0, 0xff, 0xec, 0xa8, 0x00, 0xd2, 0x28, 0x7f, 0x00, 0x00, 0xe6, 0x80, 0xe0,
    0x08, 0x1c, 0xa8, 0x00, 0x47, 0xd2, 0x48, 0x6c, 0xe7, 0x40, 0x90, 0xe7, 0x15, 0xb2, 0x28, 0x00,
    0x2c, 0xe7, 0x40, 0x47, 0xd2, 0x38, 0x00, 0x00, 0x00, 0x14, 0x4d, 0x8c, 0x00, 0x14, 0x4d, 0xc3,
    0x00, 0x14, 0x4d, 0xc6, 0x00, 0x14, 0x4d, 0xc9, 0x00, 0x14, 0x4d, 0xcc, 0x00, 0x14, 0x4d, 0xc0,
    0x46, 0x6c, 0x3f, 0x46, 0x7c, 0x3f, 0x46, 0x61, 0xdf, 0x46, 0xe8, 0x3f, 0x46, 0xf8, 0x3f, 0x84,
    0xc0, 0x80, 0x1c, 0xa8, 0x00, 0x41, 0x06, 0x58, 0x84, 0xe0, 0xff, 0xec, 0xa8, 0x00, 0x40, 0x87,
    0x82, 0x40, 0x47, 0xc2, 0x00, 0xe6, 0x80, 0xe0, 0x08, 0x1c, 0xa8, 0x00, 0x47, 0xd2, 0x48, 0x8c,
    0xe0, 0x71, 0xf0, 0xa8, 0x00, 0x2c, 0xe7, 0x40, 0x24, 0xa7, 0x40, 0xd2, 0x8c, 0x56, 0x40, 0x24,
    0xa7, 0xc0, 0xd2, 0x8c, 0x55, 0xa0, 0x24, 0xa7, 0xa0, 0xd2, 0x8c, 0x56, 0xe0, 0x24, 0xe7, 0x60,
    0xd2, 0x8c, 0x78, 0x20, 0x00, 0xea, 0x80, 0xe0, 0x08, 0x1c, 0xa8, 0x00, 0x47, 0xd2, 0x48, 0x0e,
    0xf5, 0x46, 0xda, 0x0f, 0x00, 0xe8, 0x88, 0xe0, 0x30, 0x1c, 0xa8, 0x00, 0x84, 0xe0, 0xbf, 0xec,
    0xa8, 0x00, 0x38, 0xa0, 0x81, 0xd2, 0x8e, 0x5a, 0xc0, 0x38, 0xc0, 0x61, 0xd2, 0x8e, 0x6c, 0x40,
    0x00, 0xee, 0x80, 0xe0, 0x08, 0x1c, 0xa8, 0x00, 0x88, 0x00, 0x30, 0x1c, 0xa8, 0x00, 0x47, 0xd2,
    0x48, 0x00, 0xe4, 0x80, 0xe0, 0x08, 0x1c, 0xa8, 0x00, 0x47, 0xd2, 0x48, 0x46, 0x10, 0x6f, 0x00,
    0xe8, 0x8c, 0xe0, 0x13, 0xec, 0xa8, 0x00, 0x47, 0xd2, 0x48, 0x84, 0xe0, 0x08, 0x1c, 0xa8, 0x00,
    0x8c, 0xe0, 0x13, 0xec, 0xa8, 0x00, 0x80, 0x00, 0x08, 0x1c, 0xa8, 0x00, 0x47, 0xd2, 0x48, 0x46,
    0xb1, 0x9f, 0x47, 0xa2, 0x00, 0x84, 0xe0, 0x04, 0x1c, 0xa8, 0x00, 0x40, 0x47, 0x74, 0xd0, 0x20,
    0x7c, 0x50, 0x41, 0x07, 0x24, 0x84, 0xe0, 0x3f, 0xec, 0xa8, 0x00, 0x3e, 0x07, 0x39, 0xd1, 0x40,
    0x71, 0x50, 0x98, 0xe0, 0x00, 0x08, 0x40, 0x03, 0x8c, 0xe0, 0x20, 0x1c, 0xa8, 0x00, 0x00, 0xe4,
    0x80, 0xe0, 0x04, 0x1c, 0xa8, 0x00, 0x47, 0xb2, 0x00, 0x80, 0x00, 0x08, 0x1c, 0xa8, 0x00, 0x8c,
    0xe0, 0x78, 0x1c, 0xa8, 0x00, 0xd0, 0x20, 0x75, 0x08, 0x8e, 0xe0, 0x71, 0xf0, 0xa8, 0x00, 0x2c,
    0xd7, 0x40, 0x40, 0x06, 0x08, 0x84, 0xe0, 0x00, 0x1c, 0xa8, 0x00, 0x24, 0xc6, 0x00, 0xd2, 0x8e,
    0x66, 0x68, 0x24, 0x97, 0x10, 0x40, 0x04, 0xea, 0x2c, 0x77, 0x60, 0x84, 0xa0, 0x00, 0x1c, 0xa8,
    0x00, 0x24, 0xe3, 0x0c, 0xd2, 0x8a, 0x7e, 0x30, 0x30, 0xc3, 0x12, 0x01, 0x40, 0x24, 0xe3, 0x8c,
    0xd2, 0xca, 0x79, 0x80, 0x0f, 0xb4, 0x04, 0x66, 0x24, 0xe6, 0x0c, 0xd2, 0x8a, 0x74, 0xd0, 0x24,
    0xe6, 0x8c, 0x30, 0xc6, 0x12, 0xd2, 0x8a, 0x71, 0x50, 0x01, 0x58, 0xd3, 0xc8, 0xad, 0x7f, 0x26,
    0xf7, 0x10, 0xd2, 0x95, 0x75, 0x80, 0x00, 0xea, 0x80, 0xe0, 0x04, 0x1c, 0xa8, 0x00, 0x47, 0xb2,
    0x00, 0x00, 0xec, 0x80, 0xe0, 0x04, 0x1c, 0xa8, 0x00, 0x47, 0xb2, 0x00, 0x00, 0xea, 0x80, 0xe0,
    0x08, 0x1c, 0xa8, 0x00, 0x0d, 0x1f, 0x98, 0xe0, 0x13, 0xec, 0xa8, 0x00, 0x8c, 0xe0, 0x20, 0x1c,
    0xa8, 0x00, 0x8e, 0xe0, 0x71, 0xf0, 0xa8, 0x00, 0x2c, 0xd7, 0x40, 0x40, 0x06, 0x08, 0x84, 0xe0,
    0x00, 0x1c, 0xa8, 0x00, 0x24, 0xc6, 0x00, 0xd2, 0x8e, 0x64, 0x70, 0x24, 0x97, 0x10, 0xd0, 0x00,
    0x48, 0x90, 0x2c, 0x77, 0x60, 0x84, 0xa0, 0x00, 0x1c, 0xa8, 0x00, 0x24, 0xe3, 0x0c, 0xd2, 0x8a,
    0x7d, 0x10, 0x30, 0xc3, 0x12, 0x01, 0x40, 0x24, 0xe3, 0x8c, 0xd2, 0xca, 0x79, 0x80, 0x0f, 0x78,
    0x04, 0x66, 0x24, 0xe6, 0x0c, 0xd2, 0x8a, 0x76, 0xe0, 0x24, 0xe6, 0x8c, 0x30, 0xc6, 0x12, 0xd2,
    0x8e, 0x53, 0x60, 0x01, 0x58, 0xd3, 0xc8, 0xad, 0x7f, 0x26, 0xf7, 0x10, 0xd2, 0x95, 0x7c, 0xa0,
    0x00, 0xe8, 0x80, 0xe0, 0x04, 0x1c, 0xa8, 0x00, 0x47, 0xb2, 0x00, 0x01, 0x40, 0x4a, 0x8e, 0xff,
    0x8e, 0xe0, 0x71, 0xf0, 0xa8, 0x00, 0x26, 0xf7, 0x10, 0xd2, 0xd5, 0x7b, 0xaf, 0x0f, 0xdb, 0x88,
    0xe0, 0xf0, 0x1c, 0xa8, 0x00, 0x00, 0xfc, 0x95, 0x87, 0x3f, 0xff, 0xff, 0xff, 0xd0, 0x00, 0xc3,
    0x77, 0x01, 0x60, 0x91, 0x4b, 0x13, 0xec, 0xa8, 0x00, 0x8c, 0x60, 0x60, 0x1c, 0xa8, 0x00, 0x08,
    0x6b, 0x4b, 0x5f, 0xe0, 0x2c, 0x6a, 0x00, 0x01, 0x72, 0xd3, 0xd8, 0xb5, 0x7f, 0x0c, 0xcd, 0x00,
    0xea, 0x80, 0xe0, 0x08, 0x1c, 0xa8, 0x00, 0x0e, 0x57, 0x01, 0x40, 0x80, 0x00, 0x08, 0x1c, 0xa8,
    0x00, 0x4a, 0x3a, 0xff, 0x8c, 0xe0, 0x78, 0x1c, 0xa8, 0x00, 0x40, 0x87, 0xd0, 0x8e, 0xe0, 0x71,
    0xf0, 0xa8, 0x00, 0x0d, 0x87, 0x88, 0x80, 0xb0, 0x1c, 0xa8, 0x00, 0x00, 0x9c, 0x8c, 0x60, 0x60,
    0x1c, 0xa8, 0x00, 0x94, 0x84, 0x3f, 0xff, 0x80, 0x00, 0x48, 0x8f, 0xe0, 0x8e, 0xe0, 0x71, 0xf0,
    0xa8, 0x00, 0x0f, 0x9b, 0x4b, 0x46, 0xff, 0x0f, 0xed, 0x49, 0x86, 0xff, 0x0c, 0x9b, 0x07, 0x03,
    0x8c, 0x60, 0x71, 0xf0, 0xa8, 0x00, 0x26, 0xe3, 0x10, 0x40, 0x17, 0x54, 0x2c, 0x63, 0x60, 0x30,
    0xc3, 0x12, 0x00, 0xa0, 0x24, 0xe3, 0x0c, 0xd2, 0xf0, 0x74, 0x80, 0x0f, 0x60, 0x04, 0x66, 0x24,
    0xe6, 0x0c, 0x30, 0xc6, 0x12, 0xd2, 0x8f, 0x88, 0x80, 0x30, 0xe5, 0x80, 0x3e, 0x07, 0x28, 0xd3,
    0xee, 0x57, 0x7f, 0x47, 0xd2, 0x48, 0x46, 0xf9, 0x57, 0x34, 0xe3, 0x01, 0x41, 0x07, 0x54, 0x8c,
    0xe0, 0x61, 0xf0, 0xa8, 0x00, 0xcc, 0xc7, 0x72, 0x80, 0x34, 0x63, 0xfe, 0x41, 0x03, 0x54, 0x34,
    0xe4, 0x80, 0x41, 0x07, 0xaa, 0x20, 0x06, 0x98, 0x34, 0xe4, 0x40, 0x40, 0x07, 0xea, 0x00, 0xe8,
    0x20, 0xe6, 0x18, 0x47, 0xd2, 0x48, 0x8c, 0xe0, 0x51, 0xf0, 0xa8, 0x00, 0xcc, 0xc7, 0x72, 0x80,
    0x34, 0x63, 0xfe, 0x40, 0x03, 0x3b, 0x40, 0x83, 0x42, 0x40, 0x43, 0xc6, 0x40, 0xc3, 0xd2, 0xd0,
    0x08, 0x35, 0x90, 0xd0, 0x28, 0x33, 0x90, 0xd0, 0x18, 0x37, 0x90, 0x38, 0xe0, 0x0e, 0xd2, 0x86,
    0x73, 0xe0, 0x38, 0xe0, 0x8e, 0xd2, 0xc6, 0x77, 0x3f, 0xc4, 0xe6, 0xa7, 0xc8, 0x41, 0x07, 0x63,
    0xc0, 0x86, 0xa7, 0xc8, 0x47, 0xd2, 0x48, 0x00, 0xe8, 0x20, 0xe6, 0x98, 0x34, 0xe4, 0x40, 0x41,
    0x07, 0xf5, 0x20, 0x06, 0x18, 0x47, 0xd2, 0x48, 0x34, 0x84, 0xc0, 0x40, 0x84, 0x82, 0x40, 0x44,
    0x7c, 0x28, 0x06, 0x26, 0x47, 0xd2, 0x48, 0x2c, 0xe6, 0x40, 0x24, 0xc7, 0x20, 0x34, 0xa4, 0xc0,
    0x34, 0xc6, 0x3f, 0x60, 0xa5, 0x31, 0x20, 0xa7, 0x20, 0x47, 0xd2, 0x48, 0x2c, 0x86, 0x01, 0x38,
    0xe0, 0x77, 0xd3, 0x8e, 0x40, 0x40, 0x38, 0xe0, 0xff, 0x2c, 0xe6, 0x11, 0x38, 0xe0, 0x08, 0xd3,
    0x8e, 0x4e, 0x00, 0x30, 0xe4, 0x0f, 0x2c, 0xe6, 0x21, 0x47, 0xd2, 0x48, 0x28, 0x86, 0x26, 0x47,
    0xd2, 0x48, 0x30, 0xe4, 0x08, 0x2c, 0xe6, 0x11, 0x0c, 0x9f, 0xc4, 0xe6, 0xa7, 0xc8, 0xd0, 0x40,
    0x7a, 0xaf, 0xc0, 0x86, 0x27, 0xc8, 0x47, 0xd2, 0x48, 0x20, 0x86, 0x89, 0x47, 0xd2, 0x48, 0x20,
    0x86, 0x09, 0x47, 0xd2, 0x48, 0x6c, 0xe4, 0x20, 0x2c, 0xe6, 0x2e, 0x47, 0xd2, 0x48, 0x34, 0xe3,
    0x01, 0x41, 0x07, 0xea, 0x8c, 0xe0, 0x61, 0xf0, 0xa8, 0x00, 0xcc, 0xc7, 0x72, 0x80, 0x34, 0x63,
    0xfe, 0x41, 0x03, 0x04, 0x24, 0xe6, 0x98, 0x3c, 0x07, 0x00, 0x00, 0xe8, 0x64, 0xe0, 0x3a, 0x34,
    0x67, 0xbf, 0x24, 0xc6, 0x18, 0x40, 0x06, 0x90, 0x38, 0xe7, 0x40, 0x3e, 0x07, 0x18, 0x47, 0xd2,
    0x48, 0x40, 0x83, 0xcc, 0x40, 0x43, 0xf2, 0x40, 0xc3, 0x02, 0x40, 0x23, 0x9a, 0x40, 0xa3, 0xfa,
    0x40, 0x63, 0xa6, 0x38, 0xe0, 0x0e, 0xd2, 0x86, 0x76, 0x20, 0x38, 0xe0, 0x8e, 0xd2, 0xc6, 0x7a,
    0x40, 0xc4, 0x66, 0xa7, 0xc8, 0x47, 0xd2, 0x48, 0x8c, 0xe0, 0x51, 0xf0, 0xa8, 0x00, 0xcc, 0xc7,
    0x72, 0x80, 0x0c, 0xd7, 0x28, 0xe6, 0xa6, 0x40, 0x87, 0xe3, 0x28, 0xe6, 0xa6, 0x00, 0x64, 0x40,
    0x47, 0xfd, 0x00, 0x60, 0x47, 0xd2, 0x48, 0x2c, 0xe6, 0x40, 0x24, 0xe7, 0x20, 0x34, 0x67, 0xc0,
    0x47, 0xd2, 0x48, 0x2c, 0xe6, 0x41, 0x3e, 0x07, 0x18, 0x47, 0xd2, 0x48, 0xc4, 0x66, 0x27, 0xc8,
    0x47, 0xd2, 0x48, 0x24, 0xe6, 0x89, 0x3e, 0x07, 0x18, 0x47, 0xd2, 0x48, 0x24, 0xe6, 0x09, 0x3e,
    0x07, 0x18, 0x47, 0xd2, 0x48, 0x2c, 0xe6, 0x6e, 0x6c, 0xe7, 0x21, 0x3e, 0x07, 0x18, 0x47, 0xd2,
    0x48, 0x07, 0x06, 0x06, 0xe7, 0xd8, 0xc0, 0x01, 0xe0, 0xd2, 0x86, 0x6f, 0x80, 0xd8, 0xc0, 0x00,
    0xa0, 0xd2, 0x86, 0x6d, 0xa0, 0xd8, 0xc0, 0x01, 0x40, 0xd2, 0x86, 0x6a, 0x90, 0xd8, 0xc0, 0x02,
    0x80, 0xd2, 0x86, 0x68, 0xb0, 0x47, 0xd2, 0x48, 0xd8, 0xe0, 0x1c, 0x20, 0xd2, 0xc8, 0x79, 0xff,
    0x00, 0xe0, 0x84, 0x80, 0x76, 0x20, 0xa8, 0x00, 0xd2, 0x8a, 0x43, 0x80, 0x00, 0xe8, 0x84, 0xc0,
    0x6e, 0x20, 0xa8, 0x00, 0xd2, 0x8a, 0x60, 0x80, 0x84, 0xe0, 0x7e, 0x20, 0xa8, 0x00, 0xd2, 0xca,
    0x7e, 0xbf, 0x00, 0xe4, 0x6c, 0xe7, 0xc0, 0x90, 0xe7, 0x16, 0x20, 0xa8, 0x00, 0x2c, 0xc7, 0x40,
    0x28, 0xd7, 0x00, 0x28, 0xe7, 0xa0, 0x2c, 0xf8, 0x00, 0x47, 0xd2, 0x48, 0xd8, 0xe0, 0x04, 0xc0,
    0xd2, 0xc8, 0x7a, 0xdf, 0x98, 0xc0, 0x41, 0xe7, 0x28, 0x00, 0x00, 0xe0, 0x24, 0x86, 0x00, 0xd2,
    0x8a, 0x4e, 0x80, 0x00, 0xf8, 0x30, 0xc6, 0x10, 0x38, 0x80, 0x08, 0xd2, 0x8e, 0x45, 0x9f, 0x24,
    0x86, 0x00, 0xd2, 0xca, 0x48, 0xff, 0x6c, 0xe7, 0xc0, 0x90, 0xe7, 0x3e, 0xe7, 0x28, 0x00, 0x2c,
    0xc7, 0x40, 0x28, 0xd7, 0x00, 0x28, 0xe7, 0xa0, 0x2c, 0xf8, 0x00, 0x47, 0xd2, 0x48, 0xd8, 0xe0,
    0x09, 0x80, 0xd2, 0xc8, 0x7c, 0xef, 0x00, 0xe0, 0x84, 0x80, 0x40, 0x17, 0x28, 0x00, 0xd2, 0x8a,
    0x43, 0x80, 0x00, 0xe8, 0x84, 0xc0, 0x50, 0x17, 0x28, 0x00, 0xd2, 0x8a, 0x60, 0x80, 0x84, 0xe0,
    0x48, 0x17, 0x28, 0x00, 0xd2, 0xca, 0x78, 0xaf, 0x00, 0xe4, 0x6c, 0xe7, 0xc0, 0x90, 0xe7, 0x3f,
    0xe7, 0x28, 0x00, 0x2c, 0xc7, 0x40, 0x28, 0xd7, 0x00, 0x28, 0xe7, 0xa0, 0x2c, 0xf8, 0x00, 0x47,
    0xd2, 0x48, 0x38, 0xe0, 0x03, 0xd2, 0xc8, 0x70, 0xcf, 0x00, 0xe0, 0x84, 0x80, 0x58, 0x17, 0x28,
    0x00, 0xd2, 0x8a, 0x43, 0x80, 0x00, 0xe8, 0x84, 0xc0, 0x44, 0x17, 0x28, 0x00, 0xd2, 0x8a, 0x60,
    0x80, 0x84, 0xe0, 0x54, 0x17, 0x28, 0x00, 0xd2, 0xca, 0x77, 0x0f, 0x00, 0xe4, 0x6c, 0xe7, 0xc0,
    0x90, 0xe7, 0x28, 0x17, 0x28, 0x00, 0x2c, 0xc7, 0x40, 0x28, 0xd7, 0x00, 0x28, 0xe7, 0xa0, 0x2c,
    0xf8, 0x00, 0x47, 0xd2, 0x48, 0x47, 0xac, 0x80, 0x84, 0xa0, 0xbf, 0xec, 0xa8, 0x00, 0x30, 0xe5,
    0x3a, 0x3e, 0x07, 0x38, 0x38, 0xc0, 0xb0, 0xd3, 0x8c, 0x7a, 0x80, 0x00, 0xee, 0x80, 0xe0, 0x08,
    0x1c, 0xa8, 0x00, 0x88, 0x00, 0x30, 0x1c, 0xa8, 0x00, 0x47, 0xbc, 0x80, 0x6c, 0xe7, 0x40, 0x90,
    0xe7, 0x39, 0xca, 0x28, 0x00, 0x2c, 0xe7, 0x40, 0x47, 0xd2, 0x38, 0x00, 0x00, 0x14, 0x53, 0xe9,
    0x00, 0x14, 0x55, 0xb3, 0x00, 0x14, 0x54, 0xf1, 0x00, 0x14, 0x55, 0x40, 0x00, 0x14, 0x56, 0x2a,
    0x00, 0x14, 0x56, 0x52, 0x00, 0x14, 0x56, 0x70, 0x00, 0x14, 0x56, 0xe7, 0x00, 0x14, 0x57, 0x3f,
    0x00, 0x14, 0x57, 0x64, 0x00, 0x14, 0x57, 0xd8, 0x00, 0x14, 0x58, 0x4b, 0x00, 0x14, 0x53, 0x7b,
    0x00, 0x14, 0x53, 0xd4, 0x84, 0xe0, 0x1d, 0x20, 0xa8, 0x00, 0xd0, 0x00, 0x78, 0x32, 0x00, 0xe8,
    0x80, 0xe0, 0x08, 0x1c, 0xa8, 0x00, 0x47, 0xbc, 0x80, 0x8d, 0x60, 0x60, 0x1c, 0xa8, 0x00, 0x24,
    0xeb, 0xc0, 0x3e, 0x07, 0xb8, 0x34, 0xf7, 0x80, 0x39, 0x40, 0x10, 0xd0, 0x00, 0x7e, 0x50, 0x38,
    0xa0, 0x10, 0x8c, 0xe0, 0x7d, 0x20, 0xa8, 0x00, 0x42, 0x07, 0x02, 0x0f, 0x2f, 0x60, 0xeb, 0x2c,
    0x2c, 0x87, 0x40, 0x94, 0xe4, 0x00, 0x00, 0x00, 0xff, 0x40, 0x07, 0x9c, 0x8c, 0xc0, 0x7d, 0x20,
    0xa8, 0x00, 0x38, 0xe0, 0xff, 0xd3, 0x4c, 0x7b, 0x40, 0x6c, 0xe6, 0x40, 0x90, 0xe7, 0x17, 0x60,
    0xa8, 0x00, 0x2c, 0x87, 0x00, 0x30, 0xe6, 0x80, 0x8c, 0xe0, 0x3d, 0x20, 0xa8, 0x00, 0x00, 0xb2,
    0xd8, 0xc0, 0x00, 0x40, 0xd2, 0x8a, 0x67, 0x00, 0x88, 0xe0, 0xb0, 0x1c, 0xa8, 0x00, 0xd3, 0x4e,
    0x5f, 0xdf, 0x34, 0xf7, 0x40, 0xd0, 0x00, 0x72, 0xcf, 0x8e, 0xe0, 0x03, 0x20, 0xa8, 0x00, 0x98,
    0x60, 0xd9, 0x5a, 0x28, 0x00, 0x8c, 0x80, 0x7d, 0x20, 0xa8, 0x00, 0x00, 0xa0, 0x98, 0xc0, 0x17,
    0x60, 0xa8, 0x00, 0x4b, 0x50, 0xe0, 0x00, 0xef, 0x8c, 0xe0, 0x3d, 0x20, 0xa8, 0x00, 0x47, 0xbc,
    0x80, 0xd0, 0x10, 0x70, 0xfc, 0x94, 0xe4, 0x00, 0xff, 0x00, 0x00, 0x98, 0xc0, 0x00, 0xff, 0x00,
    0x00, 0xd2, 0x8e, 0x6e, 0x42, 0x20, 0xa4, 0x00, 0x01, 0x52, 0xd8, 0xe0, 0x00, 0x40, 0xd2, 0x94,
    0x7d, 0x77, 0x88, 0xa0, 0xb0, 0x1c, 0xa8, 0x00, 0xd3, 0x14, 0x58, 0x77, 0x60, 0xeb, 0x54, 0x2c,
    0xc7, 0x40, 0x94, 0xe6, 0x00, 0x00, 0x00, 0xff, 0xd0, 0x00, 0x78, 0xb7, 0x94, 0xe6, 0xff, 0xff,
    0x00, 0x00, 0x98, 0x87, 0x00, 0x00, 0x18, 0x01, 0x6c, 0xe6, 0x09, 0x3e, 0x07, 0x28, 0x6c, 0xe6,
    0x19, 0x41, 0x87, 0x0d, 0x8c, 0xe0, 0x61, 0xf0, 0xa8, 0x00, 0x40, 0x07, 0x7d, 0x24, 0x67, 0x80,
    0x40, 0x03, 0x1d, 0x3e, 0x04, 0x22, 0x24, 0xc7, 0x60, 0x24, 0xe7, 0x00, 0x49, 0xb5, 0x48, 0x0e,
    0x57, 0x8f, 0x00, 0x60, 0x1c, 0xa8, 0x00, 0x8c, 0xe0, 0x63, 0x20, 0xa8, 0x00, 0xd0, 0xc0, 0x78,
    0x77, 0x8e, 0xe0, 0x73, 0x20, 0xa8, 0x00, 0xd0, 0x01, 0x74, 0x17, 0x38, 0xe0, 0x10, 0x44, 0x17,
    0x24, 0x98, 0x80, 0x17, 0x20, 0xa8, 0x00, 0x30, 0xb8, 0x10, 0x00, 0xc0, 0x2c, 0xe4, 0x40, 0x2c,
    0xe5, 0x00, 0x00, 0xd8, 0x00, 0x92, 0x00, 0xb2, 0xd3, 0x6e, 0x62, 0xff, 0x30, 0xe6, 0x40, 0x6c,
    0xe7, 0x40, 0x08, 0xf8, 0x2c, 0x07, 0x00, 0x8c, 0x00, 0x33, 0x20, 0xa8, 0x00, 0x47, 0xbc, 0x80,
    0x8d, 0x40, 0x60, 0x1c, 0xa8, 0x00, 0x24, 0xea, 0xc0, 0x3e, 0x07, 0x30, 0x8c, 0xe0, 0x71, 0xf0,
    0xa8, 0x00, 0x2d, 0x67, 0x60, 0x84, 0xe0, 0x0b, 0x20, 0xa8, 0x00, 0xd0, 0x40, 0x7f, 0x4c, 0x34,
    0xe6, 0x80, 0xd0, 0x00, 0x75, 0xec, 0x24, 0x8a, 0xd0, 0x26, 0xea, 0xf0, 0x3e, 0x17, 0xb8, 0x24,
    0xca, 0x70, 0x3e, 0x06, 0x30, 0x24, 0xea, 0xb0, 0x3e, 0x07, 0x38, 0x24, 0xaa, 0x30, 0x00, 0x9f,
    0x20, 0x8b, 0x2c, 0x6c, 0xc6, 0x10, 0x6c, 0xe7, 0x08, 0x60, 0xc6, 0x39, 0x60, 0xc6, 0xb9, 0x6c,
    0xa5, 0x18, 0x60, 0xc6, 0x29, 0x98, 0xe0, 0x01, 0x69, 0x19, 0x00, 0x64, 0xe7, 0x35, 0x20, 0xeb,
    0xac, 0x20, 0x0b, 0x22, 0x24, 0xab, 0x62, 0xd0, 0x00, 0x56, 0xec, 0x00, 0xe4, 0x20, 0xeb, 0x62,
    0x47, 0xbc, 0x80, 0x8e, 0xe0, 0x60, 0x1c, 0xa8, 0x00, 0x8c, 0x80, 0x63, 0x20, 0xa8, 0x00, 0x38,
    0xc0, 0x10, 0x40, 0x04, 0x4c, 0x0e, 0x61, 0x60, 0xf7, 0x34, 0x2c, 0xa7, 0x40, 0x94, 0xe5, 0x00,
    0x00, 0x00, 0xff, 0x40, 0x07, 0xd4, 0x6c, 0xe4, 0x40, 0x90, 0xe7, 0x17, 0x20, 0xa8, 0x00, 0x2c,
    0xa7, 0x00, 0x00, 0x98, 0x8c, 0x80, 0x23, 0x20, 0xa8, 0x00, 0x00, 0xd2, 0xd8, 0xe0, 0x00, 0x40,
    0xd2, 0x8c, 0x77, 0x00, 0x88, 0xa0, 0xb0, 0x1c, 0xa8, 0x00, 0xd3, 0x4a, 0x6b, 0x3f, 0x24, 0xf7,
    0xc0, 0x3e, 0x07, 0x38, 0x8c, 0xe0, 0x13, 0x20, 0xa8, 0x00, 0x98, 0x60, 0xc2, 0xc6, 0x28, 0x00,
    0x00, 0xa0, 0x98, 0xc0, 0x17, 0x20, 0xa8, 0x00, 0x49, 0x85, 0x60, 0x8c, 0xe0, 0x63, 0x20, 0xa8,
    0x00, 0x8c, 0xe0, 0x33, 0x20, 0xa8, 0x00, 0x47, 0xbc, 0x80, 0x84, 0xc0, 0x8b, 0x20, 0xa8, 0x00,
    0xd0, 0x40, 0x67, 0x5b, 0x98, 0x60, 0x52, 0x3a, 0x28, 0x00, 0x00, 0x80, 0x00, 0xa0, 0x00, 0xc0,
    0x49, 0xe9, 0x60, 0xd0, 0x40, 0x3f, 0xe4, 0x00, 0xe8, 0x80, 0xe0, 0x8b, 0x20, 0xa8, 0x00, 0x47,
    0xbc, 0x80, 0x84, 0xc0, 0x7f, 0xec, 0xa8, 0x00, 0x30, 0xe6, 0xff, 0x3e, 0x07, 0x38, 0x38, 0xa0,
    0xf4, 0xd3, 0x8a, 0x7b, 0x84, 0x00, 0xe2, 0x80, 0xe0, 0x08, 0x1c, 0xa8, 0x00, 0x47, 0xbc, 0x80,
    0x8d, 0x40, 0x60, 0x1c, 0xa8, 0x00, 0x8c, 0xe0, 0x6b, 0x20, 0xa8, 0x00, 0xd0, 0x40, 0x74, 0x6b,
    0x84, 0xe0, 0x7f, 0xec, 0xa8, 0x00, 0x3e, 0x07, 0x39, 0x45, 0x07, 0x3b, 0x84, 0xe0, 0x00, 0x1c,
    0xa8, 0x00, 0x38, 0xc0, 0x01, 0xd3, 0xce, 0x60, 0xbf, 0x98, 0x60, 0x16, 0xd0, 0xa8, 0x00, 0x00,
    0x80, 0x38, 0xa0, 0x01, 0x49, 0x48, 0x60, 0x00, 0xa0, 0x90, 0xe5, 0x16, 0xd0, 0xa8, 0x00, 0x60,
    0xca, 0x2c, 0x24, 0xc6, 0x00, 0x20, 0xc7, 0x00, 0x00, 0xb8, 0x38, 0xe0, 0x01, 0xd2, 0xca, 0x73,
    0x7f, 0x98, 0x60, 0x1e, 0x5a, 0x28, 0x00, 0x84, 0x80, 0x7f, 0xec, 0xa8, 0x00, 0x84, 0xa0, 0x00,
    0x1c, 0xa8, 0x00, 0x98, 0xc0, 0x16, 0xd0, 0xa8, 0x00, 0x4a, 0x8e, 0x60, 0x00, 0xe8, 0x8c, 0xe0,
    0x2b, 0x20, 0xa8, 0x00, 0x47, 0xbc, 0x80, 0x8c, 0xe0, 0x5b, 0x20, 0xa8, 0x00, 0xd0, 0x40, 0x78,
    0xf3, 0x84, 0xe0, 0x7f, 0xec, 0xa8, 0x00, 0x3e, 0x07, 0x39, 0xd1, 0x40, 0x7d, 0x6f, 0x84, 0xe0,
    0x00, 0x1c, 0xa8, 0x00, 0x38, 0xa0, 0x01, 0xd3, 0xce, 0x57, 0xaf, 0x98, 0x60, 0x17, 0x50, 0xa8,
    0x00, 0x00, 0x80, 0x38, 0xa0, 0x01, 0x48, 0x6f, 0xa0, 0x98, 0x60, 0xea, 0x5a, 0x28, 0x00, 0x84,
    0x80, 0x7f, 0xec, 0xa8, 0x00, 0x84, 0xa0, 0x00, 0x1c, 0xa8, 0x00, 0x98, 0xc0, 0x17, 0x50, 0xa8,
    0x00, 0x4a, 0xda, 0x60, 0x00, 0xe8, 0x8c, 0xe0, 0x1b, 0x20, 0xa8, 0x00, 0x47, 0xbc, 0x80, 0x8c,
    0x60, 0x60, 0x1c, 0xa8, 0x00, 0x8c, 0xe0, 0x7b, 0x20, 0xa8, 0x00, 0xd0, 0x00, 0x7c, 0x93, 0x98,
    0x80, 0x17, 0x50, 0xa8, 0x00, 0x38, 0xa0, 0x01, 0x4a, 0x8d, 0xa0, 0x8c, 0x00, 0x3b, 0x20, 0xa8,
    0x00, 0x47, 0xbc, 0x80, 0x8d, 0x40, 0x60, 0x1c, 0xa8, 0x00, 0x8c, 0xe0, 0x7d, 0x20, 0xa8, 0x00,
    0xd1, 0x40, 0x77, 0x63, 0x24, 0xea, 0x60, 0x6c, 0xe7, 0x10, 0x24, 0xca, 0xe0, 0x60, 0xe7, 0x31,
    0xd8, 0xc0, 0x1f, 0x80, 0xd3, 0xce, 0x68, 0x77, 0x98, 0x60, 0x17, 0x60, 0xa8, 0x00, 0x8c, 0x60,
    0x37, 0xd0, 0xa8, 0x00, 0x00, 0x80, 0xd8, 0xa0, 0x00, 0x40, 0x48, 0xab, 0xa0, 0x00, 0xa0, 0x8c,
    0xe0, 0x77, 0xd0, 0xa8, 0x00, 0x08, 0xe5, 0x60, 0xca, 0x2c, 0x24, 0xc6, 0x00, 0x20, 0xc7, 0x00,
    0x00, 0xb8, 0xd8, 0xe0, 0x00, 0x40, 0xd2, 0xca, 0x79, 0x7f, 0x98, 0x60, 0xf8, 0x5a, 0x28, 0x00,
    0x00, 0x80, 0x00, 0xa0, 0x8c, 0xc0, 0x77, 0xd0, 0xa8, 0x00, 0x48, 0xac, 0x60, 0x00, 0xef, 0x8c,
    0xe0, 0x3d, 0x20, 0xa8, 0x00, 0x47, 0xbc, 0x80, 0x8d, 0x40, 0x60, 0x1c, 0xa8, 0x00, 0x8c, 0xe0,
    0x63, 0x20, 0xa8, 0x00, 0xd0, 0x40, 0x75, 0xfd, 0x24, 0xea, 0x60, 0x6c, 0xe7, 0x10, 0x24, 0xca,
    0xe0, 0x60, 0xe7, 0x31, 0xd8, 0xa0, 0x1f, 0x80, 0xd3, 0xce, 0x5b, 0x67, 0x98, 0x60, 0x17, 0x20,
    0xa8, 0x00, 0x8c, 0x60, 0x17, 0xd0, 0xa8, 0x00, 0x00, 0x80, 0xd8, 0xa0, 0x00, 0x40, 0x48, 0x1d,
    0xa0, 0x00, 0xa0, 0x8c, 0xe0, 0x57, 0xd0, 0xa8, 0x00, 0x08, 0xe5, 0x60, 0xca, 0x2c, 0x24, 0xc6,
    0x00, 0x20, 0xc7, 0x00, 0x00, 0xb8, 0x38, 0xc0, 0x10, 0xd2, 0xca, 0x65, 0x7f, 0x98, 0x60, 0xeb,
    0x9a, 0x28, 0x00, 0x00, 0x80, 0x00, 0xa0, 0x8c, 0xc0, 0x57, 0xd0, 0xa8, 0x00, 0x4a, 0x18, 0x60,
    0x00, 0xe8, 0x8c, 0xe0, 0x23, 0x20, 0xa8, 0x00, 0x47, 0xbc, 0x80, 0x8c, 0x60, 0x60, 0x1c, 0xa8,
    0x00, 0x8c, 0xe0, 0x47, 0x20, 0xa8, 0x00, 0xd0, 0x00, 0x7e, 0x1d, 0x8c, 0x80, 0x57, 0xd0, 0xa8,
    0x00, 0xd8, 0xa0, 0x00, 0x40, 0x48, 0x76, 0xa0, 0x8c, 0x00, 0x07, 0x20, 0xa8, 0x00, 0x47, 0xbc,
    0x80, 0x8c, 0xe0, 0x51, 0xf0, 0xa8, 0x00, 0xd0, 0x40, 0x76, 0x63, 0x46, 0xb8, 0x3f, 0x6c, 0xe6,
    0x50, 0x88, 0xe0, 0x3c, 0xff, 0x28, 0x00, 0x47, 0xbc, 0x80, 0x38, 0x60, 0x46, 0x48, 0xf4, 0x68,
    0x00, 0xe8, 0x80, 0xe0, 0x08, 0x1c, 0xa8, 0x00, 0x47, 0xbc, 0x80, 0x98, 0x60, 0x03, 0x9a, 0x28,
    0x00, 0x00, 0x80, 0x00, 0xa0, 0x00, 0xc0, 0x4b, 0xbf, 0xa0, 0x41, 0x03, 0x94, 0x00, 0xe2, 0x80,
    0xe0, 0x1d, 0x20, 0xa8, 0x00, 0x47, 0xbc, 0x80, 0x04, 0x64, 0x04, 0x85, 0x4a, 0xcf, 0xbf, 0x46,
    0x9b, 0xdf, 0x80, 0x00, 0x8b, 0x20, 0xa8, 0x00, 0x00, 0xe8, 0x80, 0xe0, 0x08, 0x1c, 0xa8, 0x00,
    0x47, 0xbc, 0x80, 0x80, 0x00, 0x1d, 0x20, 0xa8, 0x00, 0x46, 0xa0, 0xdf, 0x98, 0x60, 0x0f, 0xd0,
    0xa8, 0x00, 0x00, 0x80, 0x38, 0xa0, 0x28, 0x4b, 0x81, 0xa0, 0x98, 0x60, 0x0f, 0xd0, 0xa8, 0x00,
    0x30, 0x8a, 0x10, 0x38, 0xa0, 0x28, 0x4b, 0x92, 0xa0, 0x01, 0x48, 0x21, 0x4b, 0x22, 0x98, 0x60,
    0x30, 0xba, 0x28, 0x00, 0x04, 0x8b, 0x00, 0xa0, 0x98, 0xc0, 0x0f, 0xd0, 0xa8, 0x00, 0x48, 0x27,
    0xa0, 0x41, 0x03, 0x84, 0x81, 0x40, 0x0b, 0x20, 0xa8, 0x00, 0x47, 0xbc, 0x80, 0x00, 0xec, 0x20,
    0xeb, 0x62, 0x98, 0x60, 0x7f, 0xb1, 0x28, 0x00, 0x00, 0x80, 0x04, 0xcb, 0x47, 0xcc, 0x80, 0x46,
    0xf6, 0xe8, 0x38, 0x60, 0xa6, 0x48, 0xa0, 0x68, 0x80, 0x00, 0x0b, 0x20, 0xa8, 0x00, 0x81, 0x40,
    0x08, 0x1c, 0xa8, 0x00, 0x47, 0xbc, 0x80, 0x47, 0xa8, 0x80, 0x80, 0x00, 0x08, 0x1c, 0xa8, 0x00,
    0x84, 0xe0, 0x04, 0x1c, 0xa8, 0x00, 0x40, 0x47, 0x02, 0x40, 0x87, 0x4c, 0x41, 0x07, 0x34, 0x88,
    0xe0, 0xb0, 0x1c, 0xa8, 0x00, 0x40, 0x07, 0xfc, 0x84, 0xe0, 0x3f, 0xec, 0xa8, 0x00, 0x3e, 0x07,
    0x39, 0x45, 0x07, 0x82, 0x98, 0xe0, 0x00, 0x08, 0x40, 0x03, 0x8c, 0xe0, 0x20, 0x1c, 0xa8, 0x00,
    0x00, 0xe4, 0x80, 0xe0, 0x04, 0x1c, 0xa8, 0x00, 0x47, 0xb8, 0x80, 0x00, 0xec, 0x80, 0xe0, 0x04,
    0x1c, 0xa8, 0x00, 0x47, 0xb8, 0x80, 0x4b, 0xce, 0x7f, 0x00, 0xea, 0x80, 0xe0, 0x04, 0x1c, 0xa8,
    0x00, 0x47, 0xb8, 0x80, 0x4a, 0x0e, 0x7f, 0x00, 0xe2, 0x80, 0xe0, 0x04, 0x1c, 0xa8, 0x00, 0x47,
    0xb8, 0x80, 0x4b, 0x36, 0x7f, 0x00, 0xe8, 0x80, 0xe0, 0x04, 0x1c, 0xa8, 0x00, 0x47, 0xb8, 0x80,
    0x47, 0xa8, 0x80, 0x4a, 0xda, 0x08, 0x38, 0x60, 0xc4, 0x4b, 0xc3, 0xa8, 0x00, 0xec, 0x80, 0xe0,
    0x1d, 0x20, 0xa8, 0x00, 0x47, 0xb8, 0x80, 0x47, 0xac, 0x80, 0x05, 0x45, 0x04, 0x65, 0x38, 0x80,
    0x10, 0x48, 0xe1, 0xa0, 0x25, 0x6a, 0xa0, 0x6d, 0x6b, 0x10, 0x24, 0xea, 0x20, 0x61, 0x6b, 0x39,
    0x24, 0xaa, 0xc0, 0x6c, 0xa5, 0x10, 0x24, 0xea, 0x40, 0x24, 0x6a, 0x00, 0x30, 0x8a, 0x10, 0x60,
    0xa5, 0x39, 0x04, 0xcb, 0x48, 0xf7, 0x08, 0x04, 0x6a, 0xd8, 0x80, 0x00, 0x40, 0x48, 0x3e, 0xa0,
    0x8c, 0x00, 0x23, 0x20, 0xa8, 0x00, 0x8d, 0x60, 0x07, 0x20, 0xa8, 0x00, 0x47, 0xbc, 0x80, 0x47,
    0xa4, 0x00, 0x05, 0x45, 0x04, 0x65, 0xd8, 0x80, 0x00, 0x40, 0x4b, 0x2e, 0xa0, 0x24, 0xaa, 0xc0,
    0x6c, 0xa5, 0x10, 0x26, 0xea, 0x40, 0x24, 0xca, 0xa0, 0x6c, 0xc6, 0x10, 0x24, 0xea, 0x20, 0x24,
    0x6a, 0x00, 0x30, 0x8a, 0x10, 0x60, 0xa5, 0xb9, 0x60, 0xc6, 0x39, 0x4a, 0x5d, 0x08, 0x8c, 0x00,
    0x3d, 0x20, 0xa8, 0x00, 0x47, 0xb4, 0x00, 0x47, 0xac, 0x80, 0x05, 0x64, 0x05, 0x45, 0x4b, 0x07,
    0x40, 0x04, 0x6a, 0x38, 0x80, 0x01, 0x4b, 0xa6, 0xa0, 0x8c, 0x00, 0x1b, 0x20, 0xa8, 0x00, 0x8d,
    0x60, 0x3b, 0x20, 0xa8, 0x00, 0x47, 0xbc, 0x80, 0x47, 0xa2, 0x00, 0x05, 0x43, 0x05, 0x84, 0x05,
    0x65, 0x04, 0x65, 0x38, 0x80, 0x01, 0x4b, 0xba, 0xa0, 0x04, 0x6a, 0x04, 0x8c, 0x04, 0xab, 0x4b,
    0xd8, 0xc0, 0x8c, 0x00, 0x2b, 0x20, 0xa8, 0x00, 0x47, 0xb2, 0x00, 0x47, 0xa5, 0x00, 0x05, 0xc3,
    0x05, 0xe5, 0xd0, 0x00, 0x35, 0x08, 0x01, 0xa0, 0x00, 0xe0, 0x02, 0x48, 0x02, 0x04, 0x02, 0x28,
    0x0f, 0x10, 0x34, 0xe6, 0x20, 0x3c, 0x27, 0x00, 0x6c, 0xe6, 0x21, 0x04, 0x6a, 0x3e, 0x0b, 0x22,
    0x04, 0xac, 0x64, 0xd0, 0x8a, 0x34, 0xe7, 0x80, 0x49, 0x6c, 0x88, 0x01, 0xb8, 0x04, 0xed, 0xd3,
    0x9a, 0xeb, 0xb0, 0x6c, 0xe7, 0x40, 0x08, 0xef, 0x2c, 0xc7, 0x40, 0x94, 0xe6, 0xff, 0xff, 0x00,
    0x00, 0x99, 0x67, 0x00, 0x00, 0x18, 0x01, 0x6c, 0xe6, 0x09, 0x3e, 0x07, 0x60, 0x6d, 0x46, 0x19,
    0x8c, 0xc0, 0x43, 0x20, 0xa8, 0x00, 0x34, 0xe6, 0x10, 0x41, 0x07, 0x9d, 0x40, 0x8a, 0xda, 0x40,
    0xca, 0x1a, 0x30, 0xea, 0x7f, 0x3e, 0x07, 0x38, 0xd2, 0x20, 0x76, 0xe0, 0x38, 0xc0, 0xff, 0xd2,
    0xd4, 0x63, 0xdf, 0x84, 0xe0, 0x9d, 0x20, 0xa8, 0x00, 0xd0, 0x00, 0x73, 0x90, 0x98, 0xc0, 0xc4,
    0x2c, 0x18, 0x01, 0xd2, 0x96, 0x66, 0xd0, 0x98, 0xc0, 0x24, 0x2c, 0x18, 0x01, 0xd2, 0x96, 0x63,
    0xf0, 0x98, 0xe0, 0xa4, 0x2c, 0x18, 0x01, 0xd2, 0x96, 0x7d, 0x08, 0x98, 0xc0, 0x64, 0x2c, 0x18,
    0x01, 0xd2, 0x96, 0x60, 0xf0, 0x98, 0xe0, 0xe4, 0x2c, 0x18, 0x01, 0xd2, 0xd6, 0x75, 0x60, 0x81,
    0x80, 0x88, 0x30, 0xa8, 0x00, 0x0d, 0xbb, 0x8c, 0xe0, 0x61, 0xf0, 0xa8, 0x00, 0x40, 0x07, 0xa5,
    0x24, 0x67, 0x80, 0x40, 0x03, 0x5c, 0x3e, 0x0b, 0x22, 0x04, 0xac, 0x24, 0xc7, 0x60, 0x24, 0xe7,
    0x00, 0x4a, 0x30, 0x88, 0x30, 0xea, 0x7f, 0x3e, 0x07, 0x38, 0xd1, 0xe0, 0x74, 0x9f, 0x8c, 0xe0,
    0x51, 0xf0, 0xa8, 0x00, 0x40, 0x07, 0x11, 0x24, 0x67, 0x80, 0x40, 0x03, 0x02, 0x3e, 0x0b, 0x22,
    0x04, 0xac, 0x24, 0xc7, 0x60, 0x24, 0xe7, 0x00, 0x49, 0x40, 0x88, 0x0e, 0x3b, 0x98, 0x60, 0xab,
    0x1b, 0x28, 0x00, 0x04, 0x8b, 0x04, 0xac, 0x48, 0xcb, 0xc0, 0x0c, 0x6b, 0x8c, 0x00, 0x3d, 0x20,
    0xa8, 0x00, 0x47, 0xb5, 0x00, 0x94, 0xeb, 0x00, 0xff, 0x00, 0x00, 0x98, 0xc0, 0x00, 0xff, 0x00,
    0x00, 0xd2, 0x8e, 0x61, 0xe0, 0x21, 0x8b, 0x00, 0x0f, 0x03, 0x98, 0x60, 0xa7, 0x1b, 0x28, 0x00,
    0x04, 0x8b, 0x04, 0xac, 0x4b, 0xe3, 0xc0, 0x0e, 0xb3, 0x34, 0xec, 0x40, 0xd0, 0x00, 0x7f, 0x77,
    0x84, 0xe0, 0x27, 0x20, 0xa8, 0x00, 0xd0, 0x40, 0x7a, 0x77, 0x82, 0x40, 0x27, 0x20, 0xa8, 0x00,
    0x84, 0xc0, 0x70, 0x30, 0xa8, 0x00, 0x6c, 0xc6, 0x18, 0x84, 0xe0, 0xf0, 0x30, 0xa8, 0x00, 0x6c,
    0xe7, 0x08, 0x60, 0xc6, 0x39, 0x84, 0xe0, 0x88, 0x30, 0xa8, 0x00, 0x60, 0xc6, 0x39, 0x84, 0x80,
    0x08, 0x30, 0xa8, 0x00, 0x6c, 0x84, 0x10, 0x98, 0x60, 0x9a, 0x26, 0x28, 0x00, 0x60, 0x86, 0x21,
    0x00, 0xa0, 0x00, 0xc0, 0x49, 0x78, 0xa0, 0x0c, 0x95, 0x81, 0x80, 0x70, 0x30, 0xa8, 0x00, 0x0c,
    0xe5, 0x81, 0x80, 0x08, 0x30, 0xa8, 0x00, 0x0c, 0xa5, 0x04, 0x6b, 0x04, 0x8c, 0x48, 0xc8, 0xbf,
    0x0f, 0x45, 0x81, 0x80, 0xf0, 0x30, 0xa8, 0x00, 0x0f, 0x05, 0x47, 0xac, 0x80, 0x98, 0x60, 0xaf,
    0x1b, 0x28, 0x00, 0x48, 0x15, 0xc0, 0xa8, 0xe0, 0x00, 0x12, 0x00, 0x00, 0x94, 0xe7, 0xff, 0xff,
    0xef, 0xff, 0xa8, 0xe0, 0x00, 0x12, 0x00, 0x01, 0xa8, 0xe0, 0x00, 0x12, 0x00, 0x00, 0x94, 0xe7,
    0xff, 0xff, 0xfb, 0xff, 0xa8, 0xe0, 0x00, 0x12, 0x00, 0x01, 0x4b, 0x8b, 0xd0, 0x4a, 0x49, 0xf0,
    0x00, 0xcf, 0x80, 0xc0, 0xb0, 0x44, 0x18, 0x01, 0x38, 0xe0, 0xf8, 0x80, 0xe0, 0x70, 0x44, 0x18,
    0x01, 0x80, 0xc0, 0xf0, 0x44, 0x18, 0x01, 0x38, 0xe0, 0x96, 0x80, 0xe0, 0x08, 0x44, 0x18, 0x01,
    0x80, 0x00, 0x40, 0x0e, 0x18, 0x01, 0x84, 0xe0, 0x70, 0x44, 0x18, 0x01, 0x3e, 0x07, 0x38, 0x38,
    0xe7, 0x04, 0x80, 0xe0, 0x70, 0x44, 0x18, 0x01, 0x84, 0xe0, 0x08, 0x44, 0x18, 0x01, 0x3e, 0x07,
    0x38, 0x38, 0xe7, 0x20, 0x80, 0xe0, 0x08, 0x44, 0x18, 0x01, 0x8c, 0xe0, 0x71, 0xf0, 0xa8, 0x00,
    0x24, 0xc7, 0x10, 0x40, 0x06, 0x24, 0x01, 0x60, 0x01, 0x40, 0x2c, 0x67, 0x60, 0x08, 0x6a, 0x20,
    0x03, 0x62, 0x49, 0x8d, 0x6f, 0x01, 0x78, 0x8c, 0xe0, 0x71, 0xf0, 0xa8, 0x00, 0x31, 0x4a, 0x12,
    0x24, 0xc7, 0x10, 0xd3, 0x4c, 0xbe, 0x7f, 0x49, 0xc3, 0x37, 0x4a, 0x84, 0x30, 0x4b, 0xbc, 0x6f,
    0x4b, 0xf0, 0xa0, 0x80, 0x00, 0x8b, 0x20, 0xa8, 0x00, 0x47, 0xbc, 0x80, 0x47, 0xad, 0x90, 0x05,
    0x83, 0x05, 0x45, 0x2c, 0xe3, 0x5c, 0x2d, 0x67, 0x60, 0x04, 0x6b, 0x00, 0x80, 0x38, 0xa0, 0x0c,
    0x49, 0xce, 0x20, 0x2c, 0x6c, 0x5c, 0x00, 0x80, 0x38, 0xa0, 0x24, 0x4b, 0x0e, 0x20, 0x2c, 0xec,
    0x5c, 0x2d, 0x67, 0x20, 0x24, 0xca, 0x40, 0x3e, 0x06, 0x30, 0x24, 0xea, 0xc0, 0x3e, 0x07, 0x38,
    0x6c, 0xc6, 0x10, 0x61, 0xa6, 0x39, 0x24, 0xca, 0x00, 0x3e, 0x06, 0x30, 0x24, 0xea, 0x80, 0x3e,
    0x07, 0x38, 0x6c, 0xc6, 0x10, 0x62, 0x26, 0x39, 0x24, 0xca, 0x60, 0x3e, 0x06, 0x30, 0x24, 0xea,
    0xe0, 0x3e, 0x07, 0x38, 0x6c, 0xc6, 0x10, 0x62, 0x06, 0x39, 0x24, 0xca, 0x20, 0x3e, 0x06, 0x30,
    0x24, 0xea, 0xa0, 0x3e, 0x07, 0x38, 0x6c, 0xc6, 0x10, 0x62, 0x66, 0x39, 0x24, 0xea, 0xc8, 0x3e,
    0x07, 0x20, 0x24, 0xca, 0x50, 0x3e, 0x06, 0x30, 0x24, 0xea, 0xd0, 0x3e, 0x07, 0x38, 0x6c, 0xc6,
    0x10, 0x61, 0x66, 0x39, 0x24, 0xca, 0x10, 0x3e, 0x06, 0x30, 0x24, 0xea, 0x90, 0x3e, 0x07, 0x38,
    0x6c, 0xc6, 0x10, 0x61, 0xe6, 0x39, 0x24, 0xca, 0x70, 0x3e, 0x06, 0x30, 0x24, 0xea, 0xf0, 0x3e,
    0x07, 0x38, 0x6c, 0xc6, 0x10, 0x61, 0xc6, 0x39, 0x24, 0xca, 0x30, 0x3e, 0x06, 0x30, 0x24, 0xea,
    0xb0, 0x3e, 0x07, 0x38, 0x6c, 0xc6, 0x10, 0x62, 0x46, 0x39, 0x24, 0xea, 0x88, 0x3e, 0x07, 0x28,
    0x88, 0xc0, 0x8e, 0xf0, 0xa8, 0x00, 0xd2, 0x9a, 0x6d, 0x8c, 0x20, 0x0c, 0x2c, 0x2c, 0xec, 0x5c,
    0x29, 0xa7, 0x50, 0x30, 0xd1, 0x20, 0x28, 0xc7, 0x30, 0x29, 0xa7, 0x48, 0x2a, 0x27, 0x28, 0x22,
    0x67, 0x78, 0x2c, 0xec, 0x5c, 0x20, 0x87, 0x04, 0x2c, 0xec, 0x5c, 0x00, 0xcc, 0x20, 0xc7, 0x58,
    0xd0, 0x01, 0x3d, 0x88, 0x2c, 0xec, 0x5c, 0x20, 0xc7, 0x38, 0x2c, 0xec, 0x5c, 0x29, 0x67, 0x70,
    0x30, 0xcf, 0x20, 0x28, 0xc7, 0x08, 0x29, 0x67, 0x68, 0x29, 0xe7, 0x18, 0x22, 0x47, 0xf8, 0x2c,
    0xec, 0x5c, 0x20, 0xa7, 0x84, 0x2c, 0xec, 0x5c, 0x00, 0xcc, 0x20, 0xc7, 0xd8, 0xd0, 0x41, 0x20,
    0x88, 0x2c, 0xec, 0x5c, 0x20, 0x07, 0xb8, 0xd0, 0x00, 0xb3, 0x70, 0xd0, 0x00, 0xf1, 0x70, 0x2c,
    0xec, 0x5c, 0x00, 0xc8, 0x20, 0xc7, 0x44, 0x2c, 0xec, 0x5c, 0x20, 0xc7, 0x90, 0xd0, 0x00, 0xe6,
    0x70, 0xd3, 0xa0, 0xe9, 0x0c, 0x3e, 0x0e, 0x28, 0x20, 0xac, 0xac, 0x3e, 0x10, 0x30, 0x2c, 0xec,
    0x5c, 0x2c, 0xe7, 0x60, 0x20, 0xc7, 0x80, 0x2c, 0xec, 0x5c, 0x2c, 0xe7, 0x60, 0x20, 0xa7, 0x40,
    0x2c, 0xec, 0x5c, 0x2c, 0xc7, 0x60, 0x3d, 0xf0, 0x70, 0x64, 0xf0, 0x72, 0x20, 0xe6, 0x00, 0x2c,
    0xec, 0x5c, 0x2c, 0xc7, 0x60, 0x00, 0xe8, 0x20, 0xe6, 0xe8, 0x04, 0x6d, 0x04, 0x91, 0x04, 0xb0,
    0x04, 0xcb, 0x04, 0xef, 0x05, 0x0e, 0x49, 0xbd, 0x20, 0x2c, 0xec, 0x5c, 0x2e, 0xe7, 0x60, 0x38,
    0xe0, 0x26, 0x24, 0xd7, 0x00, 0x64, 0xa7, 0x33, 0xd8, 0xe0, 0x1d, 0xd0, 0xd2, 0x8a, 0x78, 0x30,
    0xd3, 0xca, 0x7a, 0x90, 0xd8, 0xc0, 0x0d, 0x20, 0xd2, 0x8a, 0x60, 0x40, 0xd3, 0xca, 0x67, 0x2c,
    0xd8, 0xe0, 0x3d, 0x40, 0xd2, 0x8a, 0x74, 0x6c, 0xd8, 0xc0, 0x04, 0xc0, 0xd2, 0x8a, 0x68, 0x50,
    0xd8, 0xe0, 0x1a, 0x40, 0xd2, 0xca, 0x7f, 0x50, 0xd8, 0x80, 0x00, 0xd2, 0x98, 0xc0, 0x6c, 0xf6,
    0x18, 0x00, 0xd8, 0xe0, 0x04, 0xc0, 0xd2, 0xca, 0x7a, 0x50, 0xd8, 0xa0, 0x77, 0x40, 0x64, 0xe4,
    0x2d, 0x64, 0xe7, 0x33, 0x2c, 0xf7, 0x38, 0xd0, 0x40, 0x36, 0xd0, 0x04, 0x6d, 0x04, 0x91, 0x04,
    0xb0, 0x30, 0xc1, 0x18, 0x30, 0xe1, 0x78, 0x49, 0x53, 0x3f, 0x04, 0x6b, 0x04, 0x8f, 0x04, 0xae,
    0x30, 0xc1, 0x28, 0x30, 0xe1, 0x38, 0x4b, 0x63, 0x3f, 0x0c, 0xb4, 0x2c, 0xec, 0x5c, 0x20, 0x07,
    0x38, 0x0e, 0x5d, 0x2c, 0xec, 0x5c, 0x20, 0x07, 0x44, 0x2c, 0xec, 0x5c, 0x20, 0x07, 0x90, 0xd0,
    0x40, 0xe4, 0x4f, 0x3e, 0x10, 0x30, 0x20, 0xcc, 0xac, 0x00, 0xa0, 0x0f, 0x13, 0x2c, 0xec, 0x5c,
    0x20, 0xc7, 0xb8, 0x0c, 0xbd, 0xd8, 0xc0, 0x08, 0xe4, 0xd2, 0x8a, 0x6b, 0xb4, 0xd3, 0x8c, 0x5b,
    0x74, 0xd8, 0xe0, 0x00, 0xd2, 0xd2, 0x8a, 0x7c, 0x1f, 0xd3, 0x8e, 0x5c, 0x4c, 0xd8, 0xe0, 0x04,
    0x72, 0xd2, 0x8a, 0x7a, 0x34, 0xd8, 0xc0, 0x03, 0xba, 0xd2, 0xca, 0x65, 0x80, 0xd8, 0x80, 0x03,
    0xba, 0x3c, 0x23, 0x00, 0x98, 0xc0, 0x80, 0xc1, 0xc8, 0x00, 0x98, 0xe0, 0xa9, 0xa1, 0xc8, 0x00,
    0x64, 0xc7, 0x32, 0xd8, 0xe0, 0x04, 0xc0, 0xd2, 0x8a, 0x7c, 0x6f, 0xd8, 0xe0, 0x3d, 0x40, 0xd2,
    0x8a, 0x72, 0x54, 0x9d, 0xc5, 0x28, 0xa0, 0x00, 0x00, 0xd8, 0xe0, 0x47, 0x20, 0x64, 0xa5, 0x3a,
    0x64, 0xe4, 0x2d, 0x64, 0xe7, 0x33, 0x2c, 0xf7, 0x38, 0xd0, 0x00, 0x34, 0xaf, 0x04, 0x6d, 0x04,
    0x91, 0x30, 0xb0, 0x80, 0x30, 0xc1, 0x18, 0x30, 0xe1, 0x78, 0x4b, 0xb9, 0x3f, 0x04, 0x6b, 0x04,
    0x8f, 0x30, 0xae, 0x80, 0x30, 0xc1, 0x28, 0x30, 0xe1, 0x38, 0x4b, 0x99, 0x3f, 0x2d, 0xe1, 0x00,
    0x2d, 0xc1, 0x20, 0x2e, 0x41, 0x10, 0x2c, 0xec, 0x5c, 0x2c, 0xe7, 0x60, 0x2c, 0xe7, 0x78, 0x2c,
    0xe1, 0x30, 0x98, 0x60, 0xa0, 0x9b, 0x28, 0x00, 0x04, 0x8d, 0x04, 0xb1, 0x04, 0xd0, 0x04, 0xf3,
    0x05, 0x0b, 0x4a, 0x03, 0x40, 0x2b, 0x01, 0xb8, 0x2e, 0xec, 0x5c, 0x2c, 0xb7, 0x60, 0x28, 0xe1,
    0xf8, 0x3d, 0xb8, 0x38, 0x64, 0xe7, 0xc2, 0x3e, 0x07, 0x3a, 0x2c, 0xe5, 0x20, 0x3d, 0xee, 0x80,
    0x64, 0xcd, 0x5a, 0x60, 0xe7, 0x35, 0x28, 0xe5, 0x10, 0x28, 0x05, 0x50, 0x28, 0x05, 0x30, 0x28,
    0x05, 0x70, 0x28, 0x05, 0x08, 0xd3, 0x96, 0xdd, 0x58, 0x60, 0xed, 0x5d, 0x3e, 0x07, 0x3a, 0x28,
    0xe5, 0x70, 0x28, 0xe5, 0x08, 0x2c, 0xf7, 0x60, 0x20, 0x07, 0x48, 0x2c, 0xec, 0x5c, 0x2c, 0xe7,
    0x60, 0x20, 0x07, 0xc8, 0x2c, 0xec, 0x5c, 0x2c, 0xe7, 0x60, 0x20, 0x07, 0x28, 0x2c, 0xec, 0x5c,
    0x2c, 0xe7, 0x60, 0x20, 0x07, 0xa8, 0x28, 0xe1, 0xf8, 0xd3, 0xb0, 0x78, 0x28, 0x64, 0x87, 0xc5,
    0x30, 0xa4, 0xff, 0x68, 0xc7, 0xc5, 0x6c, 0xf8, 0x81, 0x3d, 0xe7, 0x30, 0x64, 0xa5, 0x22, 0x2c,
    0xec, 0x5c, 0x2c, 0xc7, 0x60, 0x00, 0xe8, 0x20, 0xe6, 0x68, 0x3e, 0x05, 0x28, 0x2c, 0xec, 0x5c,
    0x2c, 0xe7, 0x60, 0x20, 0xa7, 0x48, 0x2c, 0xec, 0x5c, 0x2c, 0xe7, 0x60, 0x20, 0xa7, 0xc8, 0xd0,
    0x01, 0x30, 0x08, 0x2e, 0xec, 0x5c, 0x2c, 0xd7, 0x60, 0x00, 0xec, 0x2c, 0xe6, 0x14, 0xd0, 0x01,
    0x21, 0x30, 0x2c, 0xd7, 0x60, 0x00, 0xec, 0x2c, 0xe6, 0x34, 0x49, 0xaf, 0xc0, 0x05, 0x63, 0x24,
    0xcc, 0x00, 0xd0, 0x20, 0x66, 0x30, 0x25, 0x4c, 0x62, 0xd0, 0x00, 0xa9, 0x48, 0xd0, 0x08, 0xa3,
    0x98, 0x20, 0x0c, 0x62, 0x04, 0x6c, 0x4a, 0x12, 0xd0, 0x04, 0x6b, 0x49, 0x4f, 0xc0, 0x98, 0x60,
    0x82, 0x9b, 0x28, 0x00, 0x04, 0x8a, 0x4a, 0xe1, 0x40, 0x98, 0x60, 0x7f, 0xb1, 0x28, 0x00, 0x00,
    0x80, 0x00, 0xa0, 0x04, 0xcc, 0x4a, 0x77, 0xc0, 0x80, 0x00, 0x0b, 0x20, 0xa8, 0x00, 0x47, 0xbd,
    0x90, 0x88, 0xe0, 0xb6, 0xf0, 0xa8, 0x00, 0xd2, 0xe2, 0x7c, 0x73, 0x88, 0xc0, 0x9e, 0xf0, 0xa8,
    0x00, 0xd2, 0xe0, 0x69, 0xb3, 0x88, 0xe0, 0xce, 0xf0, 0xa8, 0x00, 0xd2, 0xd6, 0x7f, 0x33, 0x88,
    0xc0, 0xae, 0xf0, 0xa8, 0x00, 0xd2, 0xde, 0x6a, 0x33, 0x88, 0xe0, 0x96, 0xf0, 0xa8, 0x00, 0xd2,
    0xdc, 0x7d, 0xd3, 0x88, 0xc0, 0xd6, 0xf0, 0xa8, 0x00, 0xd2, 0xa6, 0x69, 0x68, 0x8a, 0x60, 0x20,
    0x30, 0xa8, 0x00, 0x8a, 0x40, 0x60, 0x30, 0xa8, 0x00, 0x80, 0x80, 0x10, 0x30, 0xa8, 0x00, 0x80,
    0xa0, 0x90, 0x30, 0xa8, 0x00, 0x98, 0xe0, 0xcd, 0x46, 0x28, 0x00, 0x8c, 0xe0, 0x01, 0xf0, 0xa8,
    0x00, 0x80, 0x00, 0x0b, 0x20, 0xa8, 0x00, 0x47, 0xbd, 0x90, 0x3e, 0x10, 0x30, 0x20, 0xcc, 0xac,
    0x3e, 0x0e, 0x28, 0x46, 0xdf, 0x3f, 0x2c, 0xf7, 0x60, 0x2c, 0x07, 0x34, 0x48, 0xa3, 0xc0, 0x05,
    0x63, 0x24, 0xcc, 0x00, 0xd0, 0x60, 0x64, 0x2f, 0x20, 0x0c, 0x62, 0x49, 0x63, 0xc0, 0x98, 0x60,
    0x64, 0x9b, 0x28, 0x00, 0x4b, 0xda, 0x40, 0x80, 0x00, 0x0b, 0x20, 0xa8, 0x00, 0x0e, 0x1b, 0x2e,
    0xec, 0x5c, 0x2c, 0xf7, 0x60, 0x2c, 0x07, 0x14, 0x0d, 0x83, 0xd3, 0x8f, 0x83, 0xa0, 0x64, 0x98,
    0x3d, 0x30, 0xc4, 0xff, 0x68, 0xb8, 0x3d, 0x6c, 0xe7, 0x81, 0x3d, 0xe7, 0x28, 0x64, 0xc6, 0x22,
    0x2c, 0xec, 0x5c, 0x2c, 0xe7, 0x60, 0x20, 0x07, 0x68, 0x3e, 0x06, 0x30, 0x2c, 0xec, 0x5c, 0x2c,
    0xe7, 0x60, 0x20, 0xc7, 0x28, 0x2c, 0xec, 0x5c, 0x2c, 0xe7, 0x60, 0x20, 0xc7, 0xa8, 0x0e, 0x0d,
    0xd3, 0x9a, 0xba, 0x67, 0x60, 0xeb, 0x6d, 0x3e, 0x07, 0x3a, 0x28, 0xe5, 0x50, 0x28, 0xe5, 0x30,
    0x0e, 0xa9, 0x4b, 0x35, 0xc0, 0x98, 0x60, 0x74, 0x9b, 0x28, 0x00, 0x48, 0x42, 0x40, 0x80, 0x00,
    0x0b, 0x20, 0xa8, 0x00, 0x0d, 0x7d, 0x2c, 0xec, 0x5c, 0x2c, 0xc7, 0x60, 0x20, 0x06, 0x68, 0xd3,
    0xe0, 0xe0, 0x97, 0x00, 0xe8, 0x20, 0xe6, 0x68, 0x0f, 0x85, 0xd8, 0xc0, 0x3b, 0xa0, 0xd2, 0x8a,
    0x6f, 0xab, 0xd3, 0x8c, 0x50, 0x60, 0xd8, 0xc0, 0x06, 0x90, 0xd2, 0x8a, 0x67, 0xd3, 0xd8, 0xe0,
    0x23, 0x90, 0xd2, 0xca, 0x78, 0x6b, 0xd8, 0x80, 0x04, 0x72, 0x98, 0xc0, 0x00, 0x0e, 0xe8, 0x00,
    0x46, 0xca, 0xbf, 0xd8, 0xa0, 0x8e, 0x40, 0x46, 0x96, 0xbf, 0xd8, 0xe0, 0x11, 0xc8, 0xd2, 0x8a,
    0x71, 0x7f, 0xd3, 0x8e, 0x5a, 0x20, 0xd8, 0xe0, 0x0e, 0xe8, 0xd2, 0x8a, 0x7c, 0x4b, 0xd8, 0xc0,
    0x01, 0xa4, 0xd2, 0xca, 0x68, 0xcb, 0x46, 0x41, 0x3f, 0x00, 0xe4, 0x20, 0xec, 0x62, 0x4b, 0xb1,
    0xc0, 0x98, 0x60, 0x6c, 0x9b, 0x28, 0x00, 0x48, 0xc4, 0x40, 0x80, 0x00, 0x0b, 0x20, 0xa8, 0x00,
    0x0d, 0xf9, 0xd8, 0xe0, 0x28, 0xa0, 0xd2, 0xca, 0x7b, 0x0b, 0x0c, 0xd7, 0xd8, 0xc0, 0x07, 0x74,
    0xd2, 0xca, 0x6c, 0x0b, 0x46, 0x97, 0x3f, 0xd8, 0xc0, 0x03, 0x48, 0xd2, 0xca, 0x61, 0xf3, 0x46,
    0x92, 0x3f, 0x88, 0xe0, 0xde, 0xf0, 0xa8, 0x00, 0xd2, 0xe4, 0x7a, 0x97, 0x84, 0xc0, 0x76, 0xf0,
    0xa8, 0x00, 0xd2, 0xc8, 0x6d, 0x17, 0x84, 0xe0, 0x6e, 0xf0, 0xa8, 0x00, 0xd2, 0xca, 0x78, 0x17,
    0x46, 0x54, 0xdf, 0x47, 0xaa, 0x80, 0x89, 0x80, 0xa0, 0x30, 0xa8, 0x00, 0x89, 0xa0, 0xe0, 0x30,
    0xa8, 0x00, 0x01, 0x40, 0x00, 0xec, 0x3c, 0x0c, 0x00, 0x65, 0x6a, 0x3a, 0x3c, 0x0d, 0x00, 0x65,
    0x4a, 0x3a, 0x00, 0x6c, 0x04, 0x8b, 0x98, 0xa0, 0x00, 0x08, 0x18, 0x01, 0x48, 0xcc, 0xe0, 0x00,
    0x6c, 0x04, 0x8a, 0x98, 0xa0, 0x00, 0x18, 0x18, 0x01, 0x4b, 0xf4, 0xe0, 0x04, 0x6b, 0x04, 0x8a,
    0x4b, 0x2b, 0x20, 0x04, 0x6b, 0x04, 0x8a, 0x04, 0xac, 0x04, 0xcd, 0x84, 0xe0, 0x10, 0x30, 0xa8,
    0x00, 0x85, 0x00, 0x90, 0x30, 0xa8, 0x00, 0x49, 0xe1, 0x90, 0x88, 0xe0, 0xa0, 0x30, 0xa8, 0x00,
    0x88, 0xe0, 0x56, 0xf0, 0xa8, 0x00, 0x88, 0xe0, 0xe0, 0x30, 0xa8, 0x00, 0x88, 0xe0, 0x5e, 0xf0,
    0xa8, 0x00, 0x84, 0xe0, 0x10, 0x30, 0xa8, 0x00, 0x80, 0xe0, 0x76, 0xf0, 0xa8, 0x00, 0x84, 0xe0,
    0x90, 0x30, 0xa8, 0x00, 0x80, 0xe0, 0x6e, 0xf0, 0xa8, 0x00, 0x38, 0x60, 0x1a, 0x47, 0xca, 0x80,
    0x46, 0x19, 0xb2, 0x47, 0xa9, 0x80, 0x05, 0xc3, 0x05, 0xe5, 0xd0, 0x00, 0x3a, 0x10, 0x01, 0xa0,
    0x00, 0xe0, 0x02, 0x04, 0x02, 0x28, 0x0c, 0x50, 0x34, 0xe6, 0x20, 0x3c, 0x27, 0x00, 0x6c, 0xc6,
    0x21, 0x3e, 0x0b, 0x22, 0x64, 0xb0, 0x8a, 0x34, 0xc6, 0x80, 0x4b, 0xae, 0xf0, 0x6c, 0x63, 0x08,
    0x60, 0x63, 0x51, 0x2c, 0x6c, 0x00, 0x01, 0xb8, 0x04, 0xed, 0xd3, 0x9a, 0xea, 0xa0, 0x6c, 0xe7,
    0x40, 0x61, 0x8f, 0x3c, 0x2d, 0x4c, 0x40, 0x94, 0xea, 0xff, 0xff, 0x00, 0x00, 0x99, 0x67, 0x00,
    0x00, 0x18, 0x01, 0x6c, 0x6a, 0x19, 0x8c, 0xc0, 0x53, 0x20, 0xa8, 0x00, 0x34, 0xe6, 0x10, 0x41,
    0x07, 0x9d, 0x40, 0x83, 0x6c, 0x40, 0x43, 0x7a, 0x94, 0xeb, 0x00, 0xff, 0x00, 0x00, 0x98, 0xc0,
    0x00, 0xff, 0x00, 0x00, 0xd2, 0x8e, 0x6a, 0x90, 0x24, 0xeb, 0x00, 0x3e, 0x07, 0x38, 0x6c, 0xe7,
    0x08, 0x60, 0xe7, 0x51, 0x2c, 0xec, 0x00, 0x01, 0xb8, 0x04, 0xed, 0xd3, 0xdc, 0xdc, 0xdf, 0x8c,
    0x00, 0x23, 0x20, 0xa8, 0x00, 0x47, 0xb9, 0x80, 0x8c, 0xe0, 0x61, 0xf0, 0xa8, 0x00, 0x40, 0x07,
    0x19, 0x24, 0x67, 0x80, 0x41, 0x03, 0xf4, 0x98, 0x60, 0x52, 0x9b, 0x28, 0x00, 0x04, 0x8b, 0x48,
    0x83, 0x80, 0x34, 0xcb, 0xff, 0x6c, 0xc6, 0x08, 0x2c, 0xec, 0x40, 0x60, 0xe7, 0x31, 0x2c, 0xec,
    0x00, 0x0e, 0xbb, 0x8c, 0xe0, 0x51, 0xf0, 0xa8, 0x00, 0xd0, 0x00, 0x7b, 0x6f, 0x24, 0x67, 0x80,
    0x40, 0x03, 0x58, 0x3e, 0x0b, 0x22, 0x24, 0xa7, 0x60, 0x24, 0xc7, 0x00, 0x4a, 0x92, 0xf0, 0x6c,
    0x63, 0x08, 0x60, 0x63, 0x51, 0x2c, 0x6c, 0x00, 0x0d, 0xcb, 0x98, 0x60, 0xea, 0x9b, 0x28, 0x00,
    0x04, 0x8b, 0x4a, 0x0d, 0x80, 0x6c, 0xcb, 0x10, 0x94, 0xc6, 0x00, 0x00, 0xff, 0x00, 0x2c, 0xec,
    0x40, 0x60, 0xe7, 0x31, 0x2c, 0xec, 0x00, 0x0f, 0xd3, 0x04, 0x6b, 0x4b, 0x32, 0xdf, 0x6c, 0x63,
    0x08, 0x60, 0x63, 0x51, 0x2c, 0x6c, 0x00, 0x0f, 0xe3, 0x47, 0xac, 0x80, 0x6c, 0xe3, 0x19, 0x80,
    0xe0, 0x50, 0x30, 0xa8, 0x00, 0x6c, 0xe3, 0x09, 0x80, 0xe0, 0xd0, 0x30, 0xa8, 0x00, 0x6c, 0xe3,
    0x11, 0x80, 0xe0, 0x30, 0x30, 0xa8, 0x00, 0x80, 0x60, 0xb0, 0x30, 0xa8, 0x00, 0x4a, 0x5c, 0xc0,
    0x00, 0xa0, 0x00, 0x88, 0x01, 0x60, 0xa9, 0x40, 0x88, 0x00, 0x00, 0x00, 0x94, 0xea, 0x9f, 0xff,
    0xff, 0xff, 0xa8, 0xe0, 0x88, 0x00, 0x00, 0x01, 0x84, 0xe0, 0xa2, 0x44, 0x18, 0x01, 0x34, 0xc7,
    0x40, 0x40, 0x06, 0xac, 0xa8, 0xe0, 0x80, 0x0a, 0x00, 0x00, 0x94, 0x87, 0xff, 0xff, 0xff, 0xf0,
    0xa9, 0x40, 0x88, 0x00, 0x00, 0x01, 0x04, 0xa6, 0xa9, 0x40, 0x88, 0x00, 0x00, 0x00, 0x94, 0xea,
    0x9f, 0xff, 0xff, 0xff, 0xa8, 0xe0, 0x88, 0x00, 0x00, 0x01, 0x84, 0xe0, 0xa2, 0x44, 0x18, 0x01,
    0x34, 0xc7, 0x40, 0x41, 0x06, 0x8b, 0xa8, 0xe0, 0x80, 0x0a, 0x00, 0x00, 0x94, 0xc7, 0xff, 0xff,
    0xff, 0xf0, 0x40, 0x05, 0x68, 0x60, 0xe6, 0x25, 0x38, 0xa0, 0xc6, 0xd3, 0x8a, 0x79, 0x80, 0x01,
    0x78, 0x38, 0xe0, 0x50, 0xd3, 0x56, 0x78, 0x10, 0xa9, 0x40, 0x88, 0x00, 0x00, 0x01, 0x04, 0x86,
    0x00, 0xa0, 0x0c, 0x87, 0x84, 0xe0, 0xc4, 0x2c, 0x18, 0x01, 0x34, 0xe7, 0xbf, 0x80, 0xe0, 0xc4,
    0x2c, 0x18, 0x01, 0x84, 0xe0, 0x50, 0x30, 0xa8, 0x00, 0x80, 0xe0, 0x24, 0x2c, 0x18, 0x01, 0x84,
    0xe0, 0xd0, 0x30, 0xa8, 0x00, 0x80, 0xe0, 0xa4, 0x2c, 0x18, 0x01, 0x84, 0xe0, 0x30, 0x30, 0xa8,
    0x00, 0x80, 0xe0, 0x64, 0x2c, 0x18, 0x01, 0x84, 0xe0, 0xb0, 0x30, 0xa8, 0x00, 0x80, 0xe0, 0xe4,
    0x2c, 0x18, 0x01, 0x84, 0xe0, 0xc4, 0x2c, 0x18, 0x01, 0x3e, 0x07, 0x38, 0x38, 0xe7, 0x40, 0x80,
    0xe0, 0xc4, 0x2c, 0x18, 0x01, 0x38, 0x60, 0xd2, 0x48, 0x07, 0x48, 0xa9, 0x40, 0x88, 0x00, 0x00,
    0x01, 0x98, 0x60, 0x26, 0x9b, 0x28, 0x00, 0x04, 0x8b, 0x49, 0x46, 0x80, 0x80, 0x00, 0x27, 0x20,
    0xa8, 0x00, 0x47, 0xbc, 0x80, 0xa9, 0x40, 0x88, 0x00, 0x00, 0x01, 0x98, 0x60, 0x96, 0x9b, 0x28,
    0x00, 0x49, 0x3a, 0x80, 0x80, 0x00, 0x27, 0x20, 0xa8, 0x00, 0x47, 0xbc, 0x80, 0x00, 0x00, 0x00,
    0x84, 0xe0, 0xbf, 0xec, 0xa8, 0x00, 0x38, 0xc0, 0xe1, 0xd3, 0xce, 0x66, 0x40, 0x38, 0xc0, 0x01,
    0xd3, 0x8c, 0x78, 0xc0, 0x8c, 0xe0, 0x71, 0xf0, 0xa8, 0x00, 0x24, 0xc7, 0x10, 0x24, 0xe7, 0x90,
    0x08, 0xc7, 0x84, 0xe0, 0x00, 0x1c, 0xa8, 0x00, 0xd3, 0x0c, 0x76, 0x40, 0x47, 0xd2, 0x48, 0x38,
    0xc0, 0xbf, 0xd3, 0xce, 0x65, 0xff, 0x00, 0xee, 0x80, 0xe0, 0x08, 0x1c, 0xa8, 0x00, 0x47, 0xd2,
    0x48, 0x40, 0x87, 0xcb, 0x00, 0xee, 0x80, 0xe0, 0x08, 0x1c, 0xa8, 0x00, 0x0d, 0x3f, 0x46, 0x25,
    0x17, 0x47, 0xa2, 0x40, 0x07, 0x63, 0x05, 0x64, 0x05, 0x85, 0x38, 0x80, 0xfe, 0xd3, 0x46, 0x41,
    0x30, 0x38, 0xe0, 0x01, 0xd3, 0x56, 0x78, 0x30, 0xd0, 0x00, 0xbe, 0xf0, 0x30, 0xe3, 0xf0, 0x3d,
    0x03, 0x00, 0x64, 0xe7, 0x1a, 0x6f, 0x47, 0x22, 0x6c, 0xc3, 0xfa, 0x6c, 0xc6, 0x39, 0x60, 0xe3,
    0x34, 0x34, 0xe7, 0xf0, 0x60, 0xc7, 0x35, 0x07, 0x0b, 0x03, 0x20, 0x3b, 0xc0, 0x08, 0x03, 0x84,
    0x03, 0xa8, 0x60, 0xf8, 0x34, 0x62, 0xfe, 0x35, 0x3c, 0x87, 0xf0, 0x66, 0xf7, 0xc2, 0x60, 0xac,
    0xcc, 0x98, 0xfa, 0x03, 0xff, 0xff, 0xff, 0x3e, 0x07, 0x38, 0x80, 0xe0, 0x21, 0x46, 0x18, 0x01,
    0x83, 0x80, 0xc1, 0x46, 0x18, 0x01, 0x3e, 0x06, 0x38, 0x80, 0xe0, 0xa1, 0x46, 0x18, 0x01, 0x00,
    0xff, 0x08, 0xf7, 0x3e, 0x07, 0x38, 0x80, 0xe0, 0x61, 0x46, 0x18, 0x01, 0x83, 0xa0, 0x81, 0x46,
    0x18, 0x01, 0x2c, 0x01, 0x20, 0x2c, 0xe1, 0x60, 0x38, 0x80, 0xc8, 0xd3, 0x4e, 0x46, 0x80, 0x2c,
    0xe1, 0x60, 0x00, 0xf8, 0x2c, 0xe1, 0x20, 0x2c, 0xe1, 0x60, 0x38, 0x80, 0xc8, 0xd3, 0x08, 0x74,
    0xff, 0x84, 0xe0, 0x81, 0x46, 0x18, 0x01, 0x3e, 0x07, 0x39, 0x45, 0x07, 0xef, 0x44, 0x17, 0x58,
    0x90, 0xc6, 0x00, 0x46, 0x18, 0x01, 0x60, 0x97, 0x34, 0x24, 0xe6, 0x00, 0x20, 0xe5, 0x00, 0x00,
    0xd8, 0x00, 0xb8, 0xd2, 0xcc, 0x46, 0xff, 0x63, 0x18, 0xbd, 0x40, 0x18, 0x08, 0x03, 0x58, 0x0b,
    0x37, 0x00, 0xc0, 0x0f, 0xdb, 0x00, 0x6f, 0x47, 0xb2, 0x40, 0x98, 0x60, 0x1e, 0x9b, 0x28, 0x00,
    0x04, 0x9b, 0x04, 0xab, 0x4b, 0xd0, 0x80, 0x44, 0x0b, 0x58, 0x01, 0x40, 0x60, 0xec, 0x54, 0x98,
    0x60, 0x49, 0x9b, 0x28, 0x00, 0x24, 0x87, 0x00, 0x4b, 0x60, 0x80, 0x01, 0x58, 0xd3, 0x56, 0xaf,
    0x7f, 0x98, 0x60, 0x8d, 0xbb, 0x28, 0x00, 0x48, 0xc0, 0x80, 0x00, 0x60, 0x47, 0xb2, 0x40, 0x98,
    0x60, 0x1e, 0x9b, 0x28, 0x00, 0x04, 0x9b, 0x00, 0xa0, 0x49, 0x7f, 0x00, 0x0e, 0x9f, 0x47, 0xaa,
    0xc0, 0x05, 0x83, 0x05, 0x64, 0x05, 0xa5, 0x98, 0x60, 0xe9, 0x9b, 0x28, 0x00, 0x04, 0x8c, 0x04,
    0xab, 0x49, 0x1f, 0x00, 0x44, 0x0b, 0x58, 0x01, 0x40, 0x60, 0xed, 0x54, 0x98, 0x60, 0x49, 0x9b,
    0x28, 0x00, 0x24, 0x87, 0x00, 0x49, 0xcf, 0x00, 0x01, 0x58, 0xd3, 0x56, 0xaf, 0x7f, 0x98, 0x60,
    0x8d, 0xbb, 0x28, 0x00, 0x4b, 0xf7, 0x00, 0x38, 0xc0, 0xfe, 0xd3, 0x58, 0x6d, 0xb0, 0x38, 0xe0,
    0x01, 0xd3, 0x56, 0x72, 0xb0, 0x38, 0xe0, 0x28, 0x80, 0xe0, 0xe8, 0x44, 0x18, 0x01, 0xd0, 0x00,
    0xb5, 0xd0, 0x30, 0xec, 0xf0, 0x3d, 0x0c, 0x00, 0x64, 0xe7, 0x62, 0x6f, 0x07, 0x22, 0x6c, 0xcc,
    0xfa, 0x6c, 0xc6, 0x39, 0x60, 0xec, 0x34, 0x34, 0xe7, 0xf0, 0x60, 0x67, 0x35, 0x00, 0x80, 0x3b,
    0x60, 0x08, 0x03, 0x22, 0x03, 0x48, 0x60, 0xe3, 0x5c, 0x62, 0xfb, 0x1d, 0x3c, 0x87, 0xf0, 0x66,
    0xf7, 0x5a, 0x60, 0xcd, 0x24, 0x38, 0xf8, 0x02, 0x3e, 0x07, 0x38, 0x80, 0xe0, 0x21, 0x46, 0x18,
    0x01, 0x83, 0x20, 0x41, 0x46, 0x18, 0x01, 0x3e, 0x03, 0x38, 0x80, 0xe0, 0xa1, 0x46, 0x18, 0x01,
    0x00, 0xff, 0x08, 0xf7, 0x3e, 0x07, 0x38, 0x80, 0xe0, 0x61, 0x46, 0x18, 0x01, 0x44, 0x17, 0x38,
    0x04, 0xa6, 0x90, 0x63, 0x00, 0x46, 0x18, 0x01, 0x60, 0xd7, 0x1c, 0x24, 0xe5, 0x00, 0x20, 0xe3,
    0x00, 0x00, 0xb8, 0x00, 0x78, 0xd2, 0xc6, 0x66, 0xff, 0x83, 0x40, 0x01, 0x46, 0x18, 0x01, 0x2c,
    0x01, 0x20, 0x2c, 0xe1, 0x60, 0x38, 0xc0, 0xc8, 0xd3, 0x4e, 0x66, 0x80, 0x2c, 0xe1, 0x60, 0x00,
    0xf8, 0x2c, 0xe1, 0x20, 0x2c, 0xe1, 0x60, 0x38, 0xc0, 0xc8, 0xd3, 0x0c, 0x74, 0xff, 0x84, 0xe0,
    0x01, 0x46, 0x18, 0x01, 0x3e, 0x07, 0x39, 0x45, 0x07, 0xef, 0x61, 0x6b, 0xbd, 0x40, 0x0b, 0xd0,
    0x03, 0x18, 0x08, 0x97, 0x00, 0x60, 0x0c, 0x3b, 0x00, 0xe8, 0x80, 0xe0, 0xe8, 0x44, 0x18, 0x01,
    0x00, 0x60, 0x47, 0xba, 0xc0, 0x00, 0x6f, 0x47, 0xba, 0xc0, 0x00, 0x60, 0x47, 0xd2, 0x48, 0x47,
    0xa8, 0x80, 0x04, 0xe3, 0x8c, 0x80, 0x71, 0xf0, 0xa8, 0x00, 0x2c, 0xa4, 0x44, 0x00, 0x6f, 0x40,
    0x05, 0xec, 0x24, 0xc5, 0x40, 0xd2, 0xce, 0x62, 0xc0, 0x2c, 0xe4, 0x78, 0x2c, 0x07, 0x00, 0x2c,
    0x07, 0x20, 0x2c, 0x07, 0x10, 0x2c, 0x07, 0x30, 0x00, 0xc0, 0x0e, 0x80, 0x2c, 0xa4, 0x44, 0x2c,
    0xe5, 0x60, 0x08, 0xe6, 0x20, 0x07, 0x00, 0x00, 0xd8, 0xd8, 0xe0, 0x00, 0x40, 0xd2, 0xcc, 0x7f,
    0x7f, 0x20, 0x04, 0x18, 0x00, 0x60, 0x47, 0xb8, 0x80, 0x38, 0x60, 0xa6, 0x4a, 0xec, 0x48, 0x00,
    0x6f, 0x47, 0xb8, 0x80, 0x47, 0xa4, 0x00, 0x8d, 0x40, 0x71, 0xf0, 0xa8, 0x00, 0x2c, 0x8a, 0x44,
    0x40, 0x04, 0x90, 0x24, 0xaa, 0x18, 0x40, 0x85, 0x60, 0x47, 0xb4, 0x00, 0x41, 0x03, 0x38, 0x24,
    0xe4, 0x70, 0x40, 0x87, 0x68, 0x8c, 0xc0, 0x61, 0x00, 0x80, 0x03, 0x00, 0xff, 0x60, 0xe5, 0x3e,
    0x00, 0xff, 0x60, 0xe7, 0x30, 0x41, 0x07, 0x27, 0x2c, 0xaa, 0x78, 0x2c, 0xe5, 0x70, 0x34, 0xe7,
    0x80, 0x41, 0x07, 0xb4, 0x2c, 0xe4, 0x60, 0x2c, 0xe5, 0x00, 0x2c, 0x05, 0x20, 0x28, 0xea, 0xd8,
    0x2c, 0xe5, 0x10, 0xd8, 0xe0, 0xc8, 0x10, 0x2c, 0xe5, 0x30, 0x24, 0x64, 0x40, 0x00, 0x80, 0x00,
    0xc0, 0x00, 0xe6, 0x4a, 0x50, 0x68, 0x00, 0xec, 0x20, 0xea, 0x18, 0x47, 0xb4, 0x00, 0x38, 0x60,
    0x12, 0x47, 0xc4, 0x00, 0x46, 0xa6, 0x12, 0x47, 0xa8, 0x80, 0x07, 0x06, 0x2c, 0xc3, 0x50, 0x00,
    0xef, 0x40, 0x06, 0x42, 0x24, 0xe6, 0x40, 0x3a, 0xe0, 0x10, 0xd2, 0xcf, 0x77, 0xc0, 0x00, 0xe8,
    0x20, 0xe3, 0x00, 0x28, 0xa3, 0x40, 0x40, 0x05, 0x84, 0x02, 0xe0, 0x0e, 0x80, 0x2c, 0xc3, 0x50,
    0x2c, 0xe6, 0x60, 0x08, 0xf7, 0x60, 0xc4, 0xbc, 0x24, 0xc6, 0x00, 0x20, 0xc7, 0x00, 0x02, 0xf8,
    0x3e, 0x17, 0x3a, 0xd3, 0xca, 0x75, 0x7f, 0x00, 0xe0, 0x40, 0x18, 0x50, 0x00, 0x68, 0x49, 0x8b,
    0xff, 0x00, 0xe0, 0x04, 0x67, 0x47, 0xb8, 0x80, 0x38, 0x60, 0x0e, 0x49, 0xc0, 0x48, 0x00, 0xef,
    0x0f, 0x3f, 0x38, 0xe0, 0xd6, 0x8c, 0xe0, 0x28, 0x30, 0xa8, 0x00, 0x47, 0xd2, 0x48, 0x47, 0xa8,
    0x80, 0x40, 0x83, 0x10, 0x00, 0x6f, 0x47, 0xb8, 0x80, 0xd8, 0xe0, 0x03, 0xba, 0xd2, 0x88, 0x72,
    0xa0, 0xd3, 0xc8, 0x72, 0x40, 0xd8, 0xe0, 0x44, 0x6a, 0xd2, 0xc8, 0x7d, 0x7f, 0x38, 0x60, 0x24,
    0x00, 0x8a, 0x38, 0xa0, 0xe8, 0x84, 0xc0, 0x0c, 0xff, 0x28, 0x00, 0x00, 0xe0, 0x4a, 0x91, 0xb0,
    0x00, 0x60, 0x47, 0xb8, 0x80, 0x98, 0xe0, 0x22, 0x35, 0x00, 0x00, 0xd2, 0x88, 0x77, 0xc0, 0x98,
    0xe0, 0x01, 0xdd, 0x00, 0x00, 0xd2, 0xc8, 0x7f, 0xdf, 0x38, 0x60, 0x24, 0x00, 0x8a, 0x38, 0xa0,
    0xd8, 0x84, 0xc0, 0x0c, 0xff, 0x28, 0x00, 0x00, 0xe0, 0x4a, 0x7e, 0xb0, 0x00, 0x60, 0x47, 0xb8,
    0x80, 0x38, 0x60, 0x24, 0x00, 0x8a, 0x38, 0xa0, 0xc8, 0x84, 0xc0, 0x0c, 0xff, 0x28, 0x00, 0x00,
    0xe0, 0x4a, 0x1e, 0xb0, 0x00, 0x60, 0x47, 0xb8, 0x80, 0x38, 0x60, 0x24, 0x00, 0x8a, 0x38, 0xa0,
    0xf8, 0x84, 0xc0, 0x0c, 0xff, 0x28, 0x00, 0x00, 0xe0, 0x4a, 0x4e, 0xb0, 0x00, 0x60, 0x47, 0xb8,
    0x80, 0x47, 0xa8, 0x80, 0x84, 0x60, 0x0c, 0xff, 0x28, 0x00, 0x98, 0x80, 0x14, 0xff, 0x28, 0x00,
    0x49, 0x7e, 0xb0, 0x00, 0x60, 0x47, 0xb8, 0x80, 0x00, 0x00, 0x29, 0x00, 0x00, 0x00, 0x00, 0x00,
    0x00, 0x00, 0x00, 0x00, 0x09, 0x00, 0xa8, 0xc0, 0xa0, 0x00, 0x00, 0x00, 0x94, 0xe6, 0x00, 0xf0,
    0x00, 0x00, 0x6c, 0xe7, 0x11, 0x30, 0xa7, 0x40, 0x00, 0x88, 0x60, 0xa4, 0x2e, 0x34, 0xc6, 0x0f,
    0x6c, 0xc6, 0x21, 0x08, 0xe6, 0x00, 0xf4, 0x60, 0x84, 0x3e, 0x40, 0x04, 0x88, 0x00, 0xe0, 0xa8,
    0xe0, 0xc0, 0x18, 0x00, 0x01, 0x08, 0xe5, 0xd3, 0xc8, 0x71, 0xff, 0xa8, 0xe0, 0x88, 0x00, 0x00,
    0x00, 0x38, 0xe7, 0x10, 0xa8, 0xe0, 0x88, 0x00, 0x00, 0x01, 0x00, 0x10, 0x00, 0x10, 0x00, 0x10,
    0x00, 0x10, 0x00, 0x60, 0x47, 0xd2, 0x48, 0xa8, 0xe0, 0x60, 0x00, 0x00, 0x00, 0x94, 0xe7, 0x00,
    0xf0, 0x00, 0x00, 0x6c, 0xe7, 0x11, 0x00, 0xf4, 0x00, 0xc8, 0x60, 0xc6, 0x3e, 0x00, 0xe0, 0xa8,
    0xe0, 0x40, 0x04, 0x00, 0x01, 0x08, 0xe6, 0xd8, 0xa0, 0xff, 0xe0, 0xd3, 0x8a, 0x72, 0xff, 0xa8,
    0xe0, 0x88, 0x00, 0x00, 0x00, 0x38, 0xe7, 0x08, 0xa8, 0xe0, 0x88, 0x00, 0x00, 0x01, 0x00, 0x10,
    0x00, 0x10, 0x00, 0x10, 0x00, 0x10, 0x00, 0x60, 0x47, 0xd2, 0x48, 0x47, 0xa4, 0x60, 0x20, 0x01,
    0xe8, 0x31, 0x41, 0xe8, 0x41, 0x03, 0xc8, 0x0f, 0x08, 0x01, 0x5f, 0x30, 0xe7, 0x0c, 0x20, 0xea,
    0x00, 0x64, 0x63, 0x25, 0x40, 0x03, 0x54, 0x68, 0xe3, 0x25, 0x38, 0xc0, 0x90, 0xd3, 0x0c, 0x73,
    0x7f, 0x38, 0xc0, 0x08, 0xd2, 0xc8, 0x6b, 0x7f, 0x01, 0x5f, 0x90, 0xe7, 0x4d, 0x9b, 0x28, 0x00,
    0xc4, 0xe7, 0x6f, 0xff, 0x20, 0xea, 0x00, 0x0d, 0x6f, 0x4b, 0x41, 0x88, 0x01, 0x58, 0x24, 0xea,
    0x00, 0x3e, 0x07, 0x19, 0x41, 0x03, 0xaf, 0x47, 0xb4, 0x60, 0x38, 0x60, 0x0c, 0x4b, 0xbe, 0x88,
    0x47, 0xb4, 0x60, 0x30, 0x21, 0x17, 0x54, 0x81, 0x60, 0x2d, 0x01, 0x28, 0x47, 0xa2, 0x00, 0x04,
    0xc3, 0x31, 0x41, 0x28, 0x24, 0xe3, 0x00, 0x3e, 0x07, 0x19, 0x40, 0x03, 0x56, 0x05, 0x66, 0x38,
    0xc0, 0xa4, 0xd2, 0x86, 0x6e, 0x40, 0x49, 0xce, 0x88, 0x24, 0xeb, 0x00, 0x38, 0xc0, 0x50, 0xd2,
    0x8e, 0x60, 0x60, 0x05, 0x8a, 0x01, 0x78, 0x24, 0xeb, 0x00, 0x3e, 0x07, 0x19, 0x40, 0x03, 0xe2,
    0x05, 0x4c, 0x38, 0xc0, 0xa4, 0xd2, 0xc6, 0x68, 0x7f, 0x01, 0x78, 0x24, 0xeb, 0x00, 0x3e, 0x07,
    0x39, 0x38, 0xc0, 0x66, 0xd2, 0x8e, 0x6b, 0x60, 0xd3, 0x4e, 0x68, 0x20, 0x38, 0xc0, 0xc6, 0xd2,
    0x8e, 0x67, 0xd0, 0x38, 0xc0, 0x26, 0xd2, 0x8e, 0x62, 0x50, 0x38, 0xc0, 0xa4, 0xd2, 0xce, 0x66,
    0x3f, 0x38, 0x60, 0xa4, 0x48, 0x06, 0x88, 0x05, 0x8a, 0x01, 0x78, 0x24, 0xeb, 0x00, 0x3e, 0x07,
    0x19, 0x41, 0x03, 0xfd, 0x00, 0x60, 0x47, 0xc2, 0x00, 0x30, 0x21, 0x18, 0x47, 0xd2, 0x48, 0x38,
    0x60, 0xb0, 0x49, 0x1a, 0x88, 0x05, 0x8a, 0x0d, 0xe7, 0x38, 0xc0, 0xce, 0xd2, 0x8e, 0x67, 0xc0,
    0x38, 0xc0, 0x1e, 0xd2, 0x8e, 0x69, 0x40, 0x38, 0xc0, 0xf6, 0xd2, 0xce, 0x69, 0x1f, 0x31, 0x8a,
    0x20, 0x2d, 0x4a, 0x40, 0x45, 0x0a, 0xee, 0x04, 0x6a, 0x38, 0x80, 0x10, 0x4b, 0xdd, 0xff, 0x0d,
    0xbb, 0x31, 0x8a, 0x10, 0x38, 0x60, 0x54, 0x4a, 0xd2, 0x88, 0x0f, 0x5b, 0x31, 0x8a, 0x20, 0x2c,
    0x6a, 0x40, 0x38, 0x80, 0x08, 0x49, 0xad, 0xff, 0x0e, 0xeb, 0x31, 0x8a, 0x20, 0x2d, 0x4a, 0x40,
    0x41, 0x0a, 0xd0, 0x0d, 0x2b, 0x01, 0x58, 0xd0, 0x00, 0xa7, 0x2f, 0x24, 0xea, 0x00, 0x3e, 0x07,
    0x19, 0xd0, 0x00, 0x32, 0x2f, 0x4b, 0xfc, 0x88, 0x24, 0xea, 0x00, 0x38, 0xc0, 0x50, 0xd2, 0xce,
    0x6e, 0x7f, 0x38, 0x60, 0xb0, 0x4b, 0xdc, 0x88, 0x0e, 0xef, 0x31, 0x8a, 0x20, 0x2d, 0x4a, 0x40,
    0x45, 0x0a, 0x64, 0x04, 0x6a, 0x38, 0x80, 0x50, 0x4b, 0x25, 0xff, 0x0d, 0x63, 0x31, 0x8a, 0x20,
    0x24, 0x6a, 0xc0, 0x3e, 0x03, 0x19, 0x49, 0xcc, 0x88, 0x0c, 0xc3, 0x38, 0x60, 0xb4, 0x49, 0x8c,
    0x88, 0x61, 0x40, 0x55, 0x0f, 0x07, 0x38, 0x60, 0xb4, 0x4b, 0x74, 0x88, 0x61, 0x40, 0x55, 0x0c,
    0xaf, 0x04, 0xc3, 0x00, 0x60, 0x24, 0xe6, 0x00, 0x40, 0x07, 0x70, 0x00, 0x78, 0x60, 0xe6, 0x1c,
    0x24, 0xe7, 0x00, 0x41, 0x07, 0x1f, 0x47, 0xd2, 0x48, 0x04, 0xc3, 0x24, 0xe4, 0x00, 0x3e, 0x07,
    0x39, 0x20, 0xe6, 0x00, 0x00, 0xd8, 0x00, 0x98, 0x41, 0x07, 0xcf, 0x47, 0xd2, 0x48, 0x24, 0xe4,
    0x00, 0x3e, 0x07, 0x39, 0x41, 0x07, 0xa8, 0x04, 0xc3, 0x40, 0x05, 0xb0, 0x20, 0x06, 0x00, 0x00,
    0xd8, 0x00, 0xbf, 0x41, 0x05, 0x9f, 0x47, 0xd2, 0x48, 0x04, 0xc3, 0x40, 0x05, 0x37, 0x20, 0xe6,
    0x00, 0x00, 0xd8, 0x00, 0x98, 0x00, 0xbf, 0x24, 0xe4, 0x00, 0x3e, 0x07, 0x39, 0x40, 0x07, 0x3b,
    0x41, 0x05, 0x77, 0x47, 0xd2, 0x48, 0x04, 0xc3, 0x0c, 0x80, 0x04, 0xc5, 0x30, 0xa6, 0x80, 0x24,
    0xe6, 0x00, 0x41, 0x07, 0x1f, 0x24, 0xe4, 0x00, 0x3e, 0x07, 0x39, 0x20, 0xe6, 0x00, 0x04, 0xc5,
    0x00, 0x98, 0x40, 0x07, 0xa8, 0x00, 0xb8, 0x24, 0xe4, 0x00, 0x3e, 0x07, 0x39, 0x20, 0xe6, 0x00,
    0x04, 0xc5, 0x00, 0x98, 0x41, 0x07, 0x8f, 0x47, 0xd2, 0x48, 0x04, 0xc3, 0x0c, 0x80, 0x04, 0xd8,
    0x33, 0x06, 0x80, 0x24, 0xe6, 0x00, 0x41, 0x07, 0x1f, 0x07, 0x26, 0x40, 0x05, 0xd8, 0x06, 0xe5,
    0x0c, 0x80, 0x03, 0x18, 0x24, 0xe4, 0x00, 0x20, 0xe6, 0x00, 0x04, 0xd8, 0x00, 0x98, 0x02, 0xff,
    0x41, 0x17, 0x4f, 0x60, 0xd9, 0x2c, 0x20, 0x06, 0x00, 0x47, 0xd2, 0x48, 0x04, 0xc3, 0x04, 0xa4,
    0x24, 0xe3, 0x00, 0x3e, 0x07, 0xb9, 0x40, 0x17, 0x2c, 0x24, 0xe4, 0x00, 0x3e, 0x07, 0x21, 0x04,
    0x77, 0xd2, 0xae, 0x40, 0x80, 0x0f, 0xe0, 0x24, 0xe5, 0x00, 0x3e, 0x07, 0x21, 0xd2, 0xc6, 0x4e,
    0x80, 0x00, 0xd8, 0x00, 0xb8, 0x24, 0xe6, 0x00, 0x3e, 0x07, 0x19, 0x41, 0x03, 0x37, 0x24, 0xe5,
    0x00, 0x3e, 0x07, 0x21, 0x60, 0x63, 0x25, 0x47, 0xd2, 0x48, 0x24, 0xe4, 0x00, 0x3e, 0x07, 0x21,
    0x00, 0x60, 0x0d, 0x3f, 0x04, 0xa3, 0x24, 0xe3, 0x00, 0x3e, 0x07, 0x19, 0x41, 0x03, 0x48, 0x0e,
    0x90, 0x00, 0xb8, 0x00, 0x98, 0x24, 0xe5, 0x00, 0x3e, 0x07, 0x19, 0x40, 0x03, 0x98, 0x24, 0xe4,
    0x00, 0x3e, 0x07, 0xb9, 0x38, 0xc3, 0x04, 0x38, 0xf7, 0x04, 0xd2, 0x8c, 0x7e, 0x7f, 0x60, 0x63,
    0xbd, 0x47, 0xd2, 0x48, 0x24, 0xe4, 0x00, 0x3e, 0x07, 0xb9, 0x60, 0x63, 0xbd, 0x47, 0xd2, 0x48,
    0x04, 0xc4, 0x24, 0xe3, 0x00, 0x3e, 0x07, 0xb9, 0x40, 0x17, 0x2c, 0x24, 0xe4, 0x00, 0x3e, 0x07,
    0x21, 0x07, 0x17, 0xd2, 0xee, 0x48, 0xc0, 0x00, 0xbf, 0x07, 0x04, 0x41, 0x05, 0x28, 0x0d, 0x90,
    0x24, 0xe6, 0x00, 0x3e, 0x07, 0x39, 0xd2, 0xc8, 0x72, 0x40, 0x00, 0xbf, 0x40, 0x05, 0x14, 0x00,
    0x78, 0x00, 0xd8, 0x24, 0xe3, 0x00, 0x3e, 0x07, 0x21, 0x41, 0x04, 0xe7, 0x24, 0xe6, 0x00, 0x3e,
    0x07, 0x21, 0x03, 0x00, 0x60, 0x78, 0x25, 0x47, 0xd2, 0x48, 0x07, 0x04, 0x04, 0x87, 0x60, 0x78,
    0x25, 0x47, 0xd2, 0x48, 0x07, 0x04, 0x60, 0x78, 0x25, 0x47, 0xd2, 0x48, 0x24, 0xe3, 0x00, 0x3e,
    0x07, 0x39, 0x40, 0x07, 0xa8, 0x3e, 0x04, 0x21, 0xd2, 0x88, 0x78, 0x80, 0x00, 0x78, 0x24, 0xe3,
    0x00, 0x3e, 0x07, 0x39, 0x41, 0x07, 0x2f, 0x00, 0x60, 0x47, 0xd2, 0x48, 0x24, 0xe3, 0x00, 0x3e,
    0x07, 0x39, 0x00, 0xc0, 0x40, 0x07, 0x28, 0x3d, 0x67, 0x20, 0x64, 0xc6, 0x1a, 0x00, 0x78, 0x24,
    0xe3, 0x00, 0x3e, 0x07, 0x39, 0x41, 0x07, 0x4f, 0x04, 0x66, 0x47, 0xd2, 0x48, 0x60, 0xe4, 0x19,
    0x34, 0xe7, 0xc0, 0x40, 0x07, 0xb8, 0x40, 0x05, 0xe8, 0x02, 0xe0, 0x60, 0xe3, 0xbc, 0x60, 0xc4,
    0xbc, 0x24, 0xc6, 0x00, 0x20, 0xc7, 0x00, 0x02, 0xf8, 0xd2, 0xee, 0x54, 0xff, 0x47, 0xd2, 0x48,
    0x6f, 0x05, 0x41, 0x40, 0x18, 0x18, 0x02, 0xe0, 0x60, 0xe3, 0xbc, 0x60, 0xc4, 0xbc, 0x2c, 0xc6,
    0x40, 0x2c, 0xc7, 0x00, 0x02, 0xf2, 0x03, 0x1f, 0x41, 0x18, 0x0f, 0x34, 0xc5, 0xc0, 0x40, 0x06,
    0xfb, 0x94, 0xe5, 0x3f, 0xff, 0xff, 0xff, 0x08, 0x87, 0x60, 0xa3, 0x3c, 0x24, 0xe4, 0x00, 0x20,
    0xe5, 0x00, 0x00, 0xb8, 0x00, 0x98, 0x00, 0xdf, 0x41, 0x06, 0x2f, 0x47, 0xd2, 0x48, 0x40, 0x05,
    0xe8, 0x02, 0xe0, 0x60, 0xe3, 0xbc, 0x60, 0xc4, 0xbc, 0x24, 0xc6, 0x00, 0x20, 0xc7, 0x00, 0x02,
    0xf8, 0xd2, 0xee, 0x54, 0xff, 0x47, 0xd2, 0x48, 0x06, 0xe3, 0x24, 0xc3, 0x00, 0x3e, 0x06, 0x31,
    0x24, 0xe4, 0x00, 0x3e, 0x07, 0x39, 0x60, 0x66, 0x3d, 0xd2, 0x8c, 0x75, 0x80, 0x0e, 0xe0, 0x02,
    0xf8, 0x00, 0x98, 0x24, 0xf7, 0x00, 0x3e, 0x07, 0x31, 0x24, 0xe4, 0x00, 0x3e, 0x07, 0x19, 0xd2,
    0xcc, 0x37, 0x00, 0x00, 0xbf, 0x41, 0x05, 0x57, 0x00, 0x60, 0x47, 0xd2, 0x48, 0x60, 0x66, 0x1d,
    0x47, 0xd2, 0x48, 0x0e, 0x40, 0x40, 0x05, 0x28, 0x00, 0xbf, 0x00, 0x78, 0x24, 0xe3, 0x00, 0x3e,
    0x07, 0x39, 0xd2, 0xce, 0x4c, 0xff, 0x47, 0xd2, 0x48, 0x00, 0x60, 0x47, 0xd2, 0x48, 0x40, 0x05,
    0x48, 0x04, 0xe3, 0x3e, 0x04, 0x21, 0x20, 0x87, 0x00, 0x00, 0xf8, 0x00, 0xbf, 0x41, 0x05, 0x9f,
    0x47, 0xd2, 0x48, 0x04, 0xc3, 0x24, 0xe3, 0x00, 0x3e, 0x07, 0x19, 0x38, 0xa0, 0x0c, 0xd2, 0x86,
    0x54, 0x90, 0x38, 0xe0, 0xb4, 0xd2, 0x86, 0x7c, 0x60, 0x04, 0xa6, 0x38, 0x80, 0x50, 0x02, 0xe0,
    0x00, 0xc0, 0x00, 0xe0, 0x40, 0x03, 0x0c, 0x00, 0xc0, 0x0e, 0xa0, 0x64, 0xe6, 0x23, 0x08, 0xe3,
    0x30, 0xc7, 0x0b, 0x00, 0xb8, 0x24, 0xe5, 0x00, 0x3e, 0x07, 0x19, 0x40, 0x03, 0xe8, 0x30, 0xe3,
    0x0b, 0x3e, 0x07, 0x38, 0x3b, 0x00, 0x90, 0xd3, 0xb0, 0x72, 0x7f, 0x38, 0xe0, 0x08, 0xd2, 0x88,
    0x74, 0x80, 0x04, 0xe6, 0x60, 0x60, 0x35, 0x3c, 0x37, 0x00, 0x64, 0x63, 0x3a, 0x47, 0xd2, 0x48,
    0x3b, 0x00, 0x06, 0xd3, 0x30, 0x3a, 0x40, 0x38, 0xe0, 0x66, 0xd3, 0x46, 0x7a, 0x40, 0x6c, 0xe6,
    0x20, 0x08, 0xe3, 0x30, 0xc7, 0x95, 0x0e, 0xf7, 0x30, 0xa6, 0x80, 0x24, 0xe6, 0x80, 0x3e, 0x07,
    0x19, 0x38, 0x80, 0x50, 0x02, 0xe8, 0x0d, 0x67, 0x3b, 0x00, 0x02, 0xd3, 0x30, 0x3e, 0x3f, 0x38,
    0xe0, 0x62, 0xd3, 0x46, 0x70, 0x3f, 0x6c, 0xe6, 0x20, 0x08, 0xe3, 0x30, 0xc7, 0x93, 0x0e, 0xa7,
    0x24, 0xe6, 0x80, 0x3e, 0x07, 0x39, 0x3b, 0x00, 0x1e, 0xd2, 0x8f, 0x82, 0x80, 0x38, 0xa0, 0x1a,
    0xd2, 0x8e, 0x5b, 0x00, 0x04, 0xa6, 0x38, 0x80, 0x50, 0x02, 0xe0, 0x0c, 0xdb, 0x30, 0xa6, 0x40,
    0x24, 0xe6, 0x40, 0x3e, 0x07, 0x19, 0x38, 0x80, 0x08, 0x02, 0xe0, 0x0e, 0xab, 0x30, 0xe3, 0xf9,
    0x30, 0xc3, 0x07, 0x3c, 0xe7, 0x98, 0x64, 0x66, 0x1a, 0x47, 0xd2, 0x48, 0x24, 0xc3, 0x80, 0x6c,
    0xc6, 0x10, 0x24, 0xe3, 0x40, 0x6c, 0xe7, 0x08, 0x60, 0xc6, 0x39, 0x24, 0xe3, 0x00, 0x60, 0xc6,
    0x39, 0x24, 0x63, 0xc0, 0x6c, 0x63, 0x18, 0x60, 0x66, 0x19, 0x47, 0xd2, 0x48, 0x94, 0x84, 0x3f,
    0xff, 0xff, 0xff, 0x44, 0x04, 0xa4, 0x02, 0xe0, 0x24, 0xa3, 0xc0, 0x24, 0xc3, 0x40, 0x24, 0xe3,
    0x00, 0x20, 0xe3, 0xc0, 0x24, 0xe3, 0x80, 0x20, 0xe3, 0x40, 0x20, 0xc3, 0x80, 0x20, 0xa3, 0x00,
    0x02, 0xf2, 0x00, 0x72, 0xd3, 0x49, 0x72, 0x7f, 0x47, 0xd2, 0x48, 0x47, 0xa2, 0x00, 0x05, 0x83,
    0x05, 0x64, 0x98, 0x60, 0x9d, 0x9b, 0x28, 0x00, 0x04, 0x8c, 0x04, 0xab, 0x4b, 0xb5, 0x7f, 0x44,
    0x0b, 0xac, 0x01, 0x40, 0x0c, 0x40, 0x01, 0x58, 0xd3, 0x14, 0xb3, 0x40, 0x60, 0xec, 0x54, 0x98,
    0x60, 0x73, 0x9b, 0x28, 0x00, 0x24, 0x87, 0x00, 0x4b, 0x65, 0x7f, 0x34, 0xea, 0xf0, 0x38, 0xc0,
    0xf0, 0xd2, 0xce, 0x6a, 0x7f, 0x98, 0x60, 0x8d, 0xbb, 0x28, 0x00, 0x48, 0x45, 0x7f, 0x01, 0x58,
    0xd3, 0x56, 0xa3, 0xbf, 0x98, 0x60, 0x8d, 0xbb, 0x28, 0x00, 0x47, 0xc2, 0x00, 0x46, 0x6e, 0x5f,
    0xa8, 0x60, 0x88, 0x00, 0x00, 0x00, 0x94, 0xe3, 0x9f, 0xff, 0xff, 0xff, 0xa8, 0xe0, 0x88, 0x00,
    0x00, 0x01, 0x47, 0xd2, 0x48, 0xa8, 0x60, 0x88, 0x00, 0x00, 0x01, 0x47, 0xd2, 0x48, 0xab, 0x00,
    0x88, 0x00, 0x00, 0x00, 0x94, 0xf8, 0x9f, 0xff, 0xff, 0xff, 0xa8, 0xe0, 0x88, 0x00, 0x00, 0x01,
    0x8e, 0xe0, 0x7c, 0xf0, 0xa8, 0x00, 0x2c, 0xf7, 0x40, 0x41, 0x07, 0xac, 0x54, 0x77, 0x60, 0x30,
    0xf7, 0x28, 0x8c, 0xe0, 0x3c, 0xf0, 0xa8, 0x00, 0x98, 0xc0, 0x1c, 0xf0, 0xa8, 0x00, 0xd3, 0xcc,
    0x70, 0x80, 0x98, 0xe0, 0x18, 0x30, 0xa8, 0x00, 0x8c, 0xe0, 0x3c, 0xf0, 0xa8, 0x00, 0x00, 0xe8,
    0x2c, 0xf7, 0x00, 0xab, 0x00, 0x88, 0x00, 0x00, 0x01, 0x00, 0x60, 0x47, 0xd2, 0x48, 0xab, 0x00,
    0x88, 0x00, 0x00, 0x01, 0x00, 0x6f, 0x47, 0xd2, 0x48, 0x47, 0xa8, 0x80, 0x8c, 0xc0, 0x5c, 0xf0,
    0xa8, 0x00, 0x2c, 0xe6, 0x40, 0x40, 0x87, 0x60, 0x47, 0xb8, 0x80, 0x2c, 0xe6, 0x60, 0x50, 0x66,
    0x90, 0x47, 0xd1, 0x38, 0x8c, 0xe0, 0x5c, 0xf0, 0xa8, 0x00, 0x2c, 0x07, 0x00, 0x30, 0xe7, 0x28,
    0x8c, 0xe0, 0x1c, 0xf0, 0xa8, 0x00, 0x98, 0xc0, 0x1c, 0xf0, 0xa8, 0x00, 0xd3, 0xcc, 0x73, 0xbf,
    0x98, 0xe0, 0x18, 0x30, 0xa8, 0x00, 0x8c, 0xe0, 0x1c, 0xf0, 0xa8, 0x00, 0x47, 0xb8, 0x80, 0x47,
    0xa8, 0x80, 0x98, 0x60, 0x18, 0x30, 0xa8, 0x00, 0x00, 0x80, 0xd8, 0xa0, 0x04, 0xc0, 0x48, 0x16,
    0xff, 0x98, 0xe0, 0x18, 0x30, 0xa8, 0x00, 0x8c, 0xe0, 0x1c, 0xf0, 0xa8, 0x00, 0x8c, 0xe0, 0x3c,
    0xf0, 0xa8, 0x00, 0x47, 0xb8, 0x80, 0x00, 0xe0, 0xa8, 0xe0, 0x80, 0x0a, 0x00, 0x01, 0x98, 0xe0,
    0xff, 0xff, 0xff, 0xf3, 0xa8, 0xe0, 0x00, 0x0a, 0x00, 0x01, 0x47, 0xd2, 0x48, 0xa8, 0x60, 0x80,
    0x0a, 0x00, 0x00, 0x94, 0x63, 0xff, 0xff, 0xff, 0xf0, 0x47, 0xd2, 0x48, 0xd8, 0xc0, 0x04, 0xc0,
    0xd2, 0x88, 0x69, 0x00, 0x00, 0x60, 0x47, 0xd2, 0x48, 0xd2, 0xce, 0x6d, 0xff, 0x38, 0xe0, 0x10,
    0xd2, 0x8a, 0x79, 0x80, 0x38, 0xc0, 0xf0, 0xd2, 0x8a, 0x64, 0x80, 0x38, 0xe0, 0x78, 0xd2, 0x8a,
    0x7d, 0x00, 0x38, 0xc0, 0x3c, 0xd2, 0xca, 0x6f, 0xbf, 0x38, 0xe0, 0x10, 0xd2, 0x90, 0x75, 0x40,
    0x38, 0xc0, 0xf0, 0xd2, 0x90, 0x6c, 0x40, 0x38, 0xc0, 0x78, 0x60, 0xc8, 0x32, 0x3e, 0x06, 0x34,
    0x00, 0xdf, 0x38, 0xe0, 0x3c, 0x60, 0xe8, 0x3a, 0x3e, 0x07, 0x3c, 0x00, 0xff, 0x60, 0xe7, 0x31,
    0x6c, 0x67, 0xf9, 0x47, 0xd2, 0x48, 0x00, 0x68, 0x47, 0xd2, 0x48, 0x47, 0xa4, 0x00, 0x05, 0x43,
    0xcc, 0xe3, 0x64, 0x14, 0xd0, 0x40, 0x72, 0xd4, 0x80, 0x00, 0xa4, 0x44, 0x18, 0x01, 0x80, 0x00,
    0x40, 0xc4, 0x18, 0x01, 0x80, 0x00, 0x40, 0x86, 0x18, 0x01, 0x80, 0x00, 0x09, 0x08, 0x18, 0x01,
    0x80, 0x00, 0x09, 0x18, 0x18, 0x01, 0x48, 0x12, 0x60, 0xc8, 0x6a, 0x8c, 0x14, 0xc8, 0x8a, 0xcc,
    0x14, 0xc4, 0xaa, 0x74, 0x14, 0xc8, 0xca, 0xac, 0x14, 0xc8, 0xea, 0xec, 0x14, 0xc5, 0x0a, 0xf4,
    0x14, 0x4b, 0x6b, 0xff, 0xd0, 0x00, 0x32, 0xf8, 0x8c, 0x60, 0x61, 0xf0, 0xa8, 0x00, 0x38, 0x80,
    0x82, 0xc4, 0xaa, 0x34, 0x14, 0x49, 0x65, 0x30, 0xc4, 0xaa, 0x74, 0x14, 0x8c, 0x60, 0x61, 0xf0,
    0xa8, 0x00, 0x38, 0x80, 0xc2, 0x00, 0xb8, 0x48, 0x45, 0x30, 0xc8, 0xaa, 0x8c, 0x14, 0x6c, 0xa5,
    0x08, 0xc8, 0xea, 0xcc, 0x14, 0x8c, 0x60, 0x61, 0xf0, 0xa8, 0x00, 0x38, 0x80, 0x22, 0x60, 0xa5,
    0x39, 0x49, 0xd9, 0x30, 0x8c, 0x60, 0x51, 0xf0, 0xa8, 0x00, 0x38, 0x80, 0x82, 0xc4, 0xaa, 0xb4,
    0x14, 0x49, 0xe9, 0x30, 0xc4, 0xaa, 0xf4, 0x14, 0x8c, 0x60, 0x51, 0xf0, 0xa8, 0x00, 0x38, 0x80,
    0xc2, 0x00, 0xb8, 0x48, 0xc9, 0x30, 0xc8, 0xaa, 0xac, 0x14, 0x6c, 0xa5, 0x08, 0xc8, 0xea, 0xec,
    0x14, 0x8c, 0x60, 0x51, 0xf0, 0xa8, 0x00, 0x38, 0x80, 0x22, 0x60, 0xa5, 0x39, 0x49, 0x31, 0x30,
    0x49, 0x63, 0x30, 0xc8, 0xea, 0x8c, 0x14, 0x88, 0xe0, 0x0e, 0xf0, 0xa8, 0x00, 0xc8, 0xea, 0xcc,
    0x14, 0x88, 0xe0, 0x36, 0xf0, 0xa8, 0x00, 0xc4, 0xea, 0x74, 0x14, 0x88, 0xe0, 0x1e, 0xf0, 0xa8,
    0x00, 0xc4, 0xea, 0x48, 0x14, 0x88, 0xe0, 0x56, 0xf0, 0xa8, 0x00, 0xc8, 0xea, 0xac, 0x14, 0x88,
    0xe0, 0x4e, 0xf0, 0xa8, 0x00, 0xc8, 0xea, 0xec, 0x14, 0x88, 0xe0, 0x2e, 0xf0, 0xa8, 0x00, 0xc4,
    0xea, 0xf4, 0x14, 0x88, 0xe0, 0x16, 0xf0, 0xa8, 0x00, 0xc4, 0xea, 0xc8, 0x14, 0x88, 0xe0, 0x5e,
    0xf0, 0xa8, 0x00, 0x30, 0x6a, 0x2c, 0x48, 0x9c, 0x20, 0xc8, 0xca, 0xac, 0x14, 0xd0, 0x40, 0x64,
    0x98, 0x48, 0x34, 0x60, 0x30, 0x6a, 0x28, 0x4b, 0xd6, 0x00, 0x30, 0x6a, 0x08, 0x4b, 0x6c, 0x18,
    0xd8, 0x6a, 0x20, 0x14, 0x48, 0x9c, 0x20, 0xcc, 0xea, 0x64, 0x14, 0xd0, 0x00, 0x7c, 0x10, 0x80,
    0x00, 0x90, 0x06, 0x18, 0x01, 0xc4, 0xea, 0x34, 0x14, 0xd0, 0x00, 0x7d, 0xa8, 0x38, 0xe0, 0xee,
    0x80, 0xe0, 0x00, 0x06, 0x18, 0x01, 0xc8, 0xea, 0x8c, 0x14, 0x3e, 0x07, 0x30, 0x80, 0xc0, 0x80,
    0x06, 0x18, 0x01, 0x6c, 0xe7, 0x11, 0x80, 0xe0, 0x40, 0x06, 0x18, 0x01, 0xc8, 0xea, 0xcc, 0x14,
    0x3e, 0x07, 0x30, 0x80, 0xc0, 0xc0, 0x06, 0x18, 0x01, 0x6c, 0xe7, 0x11, 0x80, 0xe0, 0x20, 0x06,
    0x18, 0x01, 0xc8, 0xaa, 0xac, 0x14, 0x40, 0x05, 0x1c, 0x80, 0x00, 0x90, 0xe2, 0x18, 0x01, 0xc4,
    0xca, 0xb4, 0x14, 0xd0, 0x00, 0x61, 0xc8, 0x38, 0xe0, 0xee, 0x80, 0xe0, 0x00, 0xe2, 0x18, 0x01,
    0x3e, 0x05, 0x30, 0x80, 0xc0, 0x80, 0xe2, 0x18, 0x01, 0x6c, 0xe5, 0x11, 0x80, 0xe0, 0x40, 0xe2,
    0x18, 0x01, 0x80, 0xc0, 0xc0, 0xe2, 0x18, 0x01, 0x80, 0xe0, 0x20, 0xe2, 0x18, 0x01, 0xc4, 0xea,
    0x20, 0x14, 0x40, 0x07, 0xd0, 0xc4, 0xaa, 0x60, 0x14, 0xd0, 0x00, 0x50, 0xb0, 0x80, 0x00, 0x00,
    0x0e, 0x18, 0x01, 0x00, 0xea, 0x80, 0xe0, 0xb0, 0x0e, 0x18, 0x01, 0x24, 0xca, 0x28, 0x40, 0x06,
    0x82, 0x24, 0xea, 0xa8, 0x3c, 0x07, 0x00, 0x38, 0xc0, 0x0c, 0x38, 0xe0, 0x08, 0x64, 0xe7, 0x32,
    0xc8, 0xaa, 0xac, 0x14, 0x40, 0x05, 0x48, 0x38, 0xc7, 0x02, 0x38, 0xe7, 0x03, 0x24, 0xaa, 0x68,
    0x3c, 0x25, 0x00, 0x64, 0xe7, 0x32, 0x80, 0xe0, 0x40, 0x22, 0x18, 0x01, 0x38, 0xe0, 0xaa, 0x80,
    0xe0, 0x0d, 0x44, 0x18, 0x01, 0x04, 0x6a, 0x4a, 0x25, 0xe8, 0x00, 0x60, 0x47, 0xb4, 0x00, 0x80,
    0x00, 0x40, 0x22, 0x18, 0x01, 0x38, 0xe0, 0xaa, 0x80, 0xe0, 0x0d, 0x44, 0x18, 0x01, 0x04, 0x6a,
    0x48, 0x79, 0xe8, 0x00, 0x60, 0x47, 0xb4, 0x00, 0x8c, 0x60, 0x61, 0xf0, 0xa8, 0x00, 0x38, 0x80,
    0x82, 0xc4, 0xaa, 0x34, 0x14, 0x49, 0x54, 0x30, 0x8c, 0x60, 0x61, 0xf0, 0xa8, 0x00, 0x38, 0x80,
    0xc2, 0xc4, 0xaa, 0x74, 0x14, 0x49, 0x64, 0x30, 0xc8, 0xaa, 0x8c, 0x14, 0x6c, 0xa5, 0x08, 0xc8,
    0xea, 0xcc, 0x14, 0x8c, 0x60, 0x61, 0xf0, 0xa8, 0x00, 0x38, 0x80, 0x22, 0x60, 0xa5, 0x39, 0x48,
    0x04, 0x30, 0xc8, 0xaa, 0xac, 0x14, 0xd0, 0x00, 0x55, 0x27, 0x8c, 0x60, 0x51, 0xf0, 0xa8, 0x00,
    0x38, 0x80, 0x82, 0xc4, 0xaa, 0xb4, 0x14, 0x48, 0x58, 0x30, 0x8c, 0x60, 0x51, 0xf0, 0xa8, 0x00,
    0x38, 0x80, 0xc2, 0xc4, 0xaa, 0xf4, 0x14, 0x0c, 0xc1, 0x30, 0xe0, 0x01, 0x80, 0xe0, 0x00, 0x0e,
    0x18, 0x01, 0x0e, 0x33, 0x38, 0xe0, 0xec, 0x80, 0xe0, 0x00, 0x06, 0x18, 0x01, 0x0e, 0x55, 0xd8,
    0x6a, 0x38, 0x28, 0x4a, 0x53, 0xc0, 0x0f, 0x59, 0x38, 0xe0, 0x84, 0x80, 0xe0, 0xa4, 0x44, 0x18,
    0x01, 0xd8, 0x63, 0x24, 0x14, 0x49, 0xb6, 0xa0, 0x46, 0x62, 0xbf, 0x38, 0xe0, 0xec, 0x80, 0xe0,
    0x00, 0xe2, 0x18, 0x01, 0x0c, 0xcd, 0x24, 0x83, 0x00, 0x3c, 0x24, 0x00, 0x00, 0xec, 0x38, 0xa0,
    0x02, 0x64, 0xa5, 0x3a, 0x24, 0xe3, 0x80, 0x3c, 0x07, 0x00, 0x38, 0xc0, 0x08, 0x64, 0xc0, 0x32,
    0x24, 0xe3, 0x40, 0x3c, 0x07, 0x00, 0x38, 0xe0, 0x04, 0x64, 0xe0, 0x3a, 0x60, 0xc6, 0x29, 0x60,
    0xe7, 0x31, 0x80, 0xe0, 0x00, 0x22, 0x18, 0x01, 0xd0, 0x00, 0x44, 0xf0, 0x2c, 0xc3, 0x70, 0x3e,
    0x06, 0x38, 0x80, 0xe0, 0x1d, 0x22, 0x18, 0x01, 0x6c, 0xe6, 0x11, 0x3e, 0x07, 0x38, 0x80, 0xe0,
    0x9d, 0x22, 0x18, 0x01, 0x6c, 0xc6, 0x09, 0x3e, 0x06, 0x30, 0x80, 0xc0, 0x5d, 0x22, 0x18, 0x01,
    0x28, 0xe3, 0x88, 0x3e, 0x07, 0x30, 0x80, 0xc0, 0xdd, 0x22, 0x18, 0x01, 0x6c, 0xe7, 0x11, 0x80,
    0xe0, 0x3d, 0x22, 0x18, 0x01, 0x24, 0xe3, 0x58, 0x80, 0xe0, 0x65, 0x22, 0x18, 0x01, 0x24, 0xe3,
    0xd8, 0x80, 0xe0, 0xe5, 0x22, 0x18, 0x01, 0x24, 0xe3, 0x38, 0x80, 0xe0, 0x15, 0x22, 0x18, 0x01,
    0x24, 0xe3, 0xb8, 0x80, 0xe0, 0x95, 0x22, 0x18, 0x01, 0x24, 0xe3, 0x78, 0x80, 0xe0, 0xa5, 0x22,
    0x18, 0x01, 0x28, 0x83, 0xc8, 0x3e, 0x04, 0x38, 0x80, 0xe0, 0x0d, 0x22, 0x18, 0x01, 0x6c, 0xe4,
    0x11, 0x80, 0xe0, 0x8d, 0x22, 0x18, 0x01, 0x28, 0xa3, 0xa8, 0x3e, 0x05, 0x38, 0x80, 0xe0, 0x4d,
    0x22, 0x18, 0x01, 0x6c, 0xe5, 0x11, 0x80, 0xe0, 0xcd, 0x22, 0x18, 0x01, 0x28, 0xc3, 0xe8, 0x3e,
    0x06, 0x38, 0x80, 0xe0, 0x2d, 0x22, 0x18, 0x01, 0x6c, 0xe6, 0x11, 0x80, 0xe0, 0xad, 0x22, 0x18,
    0x01, 0x2a, 0xe3, 0x98, 0x3e, 0x17, 0x38, 0x80, 0xe0, 0x6d, 0x22, 0x18, 0x01, 0x6c, 0xf7, 0x11,
    0x80, 0xe0, 0xed, 0x22, 0x18, 0x01, 0x3c, 0x25, 0x00, 0x00, 0xa4, 0x64, 0xa5, 0x02, 0x3c, 0x26,
    0x00, 0x00, 0xc2, 0x64, 0xc6, 0x02, 0x3c, 0x37, 0x00, 0x38, 0xe0, 0x10, 0x64, 0xe7, 0x02, 0x3e,
    0x04, 0x24, 0x60, 0x80, 0x25, 0x6c, 0x84, 0xf9, 0x60, 0xa5, 0x21, 0x60, 0xc6, 0x29, 0x60, 0xe7,
    0x31, 0x3e, 0x07, 0x38, 0x80, 0xe0, 0x05, 0x22, 0x18, 0x01, 0x28, 0xe3, 0xa0, 0x3e, 0x07, 0x30,
    0x80, 0xc0, 0xc0, 0x22, 0x18, 0x01, 0x6c, 0xe7, 0x11, 0x80, 0xe0, 0x20, 0x22, 0x18, 0x01, 0x28,
    0xe3, 0xe0, 0x3e, 0x07, 0x30, 0x80, 0xc0, 0xa0, 0x22, 0x18, 0x01, 0x6c, 0xe7, 0x11, 0x80, 0xe0,
    0x60, 0x22, 0x18, 0x01, 0x28, 0xe3, 0x90, 0x3e, 0x07, 0x30, 0x80, 0xc0, 0xe0, 0x22, 0x18, 0x01,
    0x6c, 0xe7, 0x11, 0x80, 0xe0, 0x10, 0x22, 0x18, 0x01, 0x28, 0xe3, 0xd0, 0x3e, 0x07, 0x30, 0x80,
    0xc0, 0x90, 0x22, 0x18, 0x01, 0x6c, 0xe7, 0x11, 0x80, 0xe0, 0x50, 0x22, 0x18, 0x01, 0x00, 0x60,
    0x47, 0xd2, 0x48, 0x84, 0xe0, 0x00, 0x22, 0x18, 0x01, 0x3e, 0x07, 0x38, 0x38, 0xc7, 0x08, 0x34,
    0xe7, 0xf7, 0x3c, 0x23, 0x00, 0x64, 0xc6, 0x3a, 0x38, 0xe6, 0x04, 0x34, 0xc6, 0xfb, 0x3c, 0x24,
    0x00, 0x64, 0xe7, 0x32, 0x80, 0xe0, 0x00, 0x22, 0x18, 0x01, 0x3c, 0x03, 0x00, 0x38, 0xc0, 0x0c,
    0x38, 0xe0, 0x08, 0x64, 0xe7, 0x32, 0x38, 0xa7, 0x03, 0x38, 0xc7, 0x02, 0x3c, 0x24, 0x00, 0x64,
    0xa5, 0x32, 0x80, 0xa0, 0x40, 0x22, 0x18, 0x01, 0x47, 0xd2, 0x48, 0x47, 0xa4, 0x00, 0x05, 0x43,
    0x2c, 0xc3, 0x40, 0x24, 0xe6, 0x4c, 0x34, 0xe7, 0x08, 0x40, 0x07, 0x02, 0x24, 0xe6, 0xcc, 0x98,
    0xe7, 0x01, 0xff, 0xff, 0xff, 0x3e, 0x07, 0x38, 0x20, 0xe6, 0xcc, 0x2c, 0xc3, 0x40, 0x24, 0xe6,
    0xcc, 0x34, 0xe7, 0xfe, 0x20, 0xe6, 0xcc, 0xc4, 0xe3, 0xa7, 0xc8, 0x40, 0x87, 0xcc, 0x40, 0x47,
    0xf2, 0x40, 0xc7, 0x22, 0x40, 0x27, 0xdc, 0x24, 0xca, 0xba, 0x24, 0xea, 0x29, 0x3e, 0x07, 0x38,
    0x68, 0xe6, 0x3d, 0x41, 0x07, 0x60, 0x41, 0x06, 0x60, 0x47, 0xb4, 0x00, 0x98, 0x60, 0x67, 0xbe,
    0x28, 0x00, 0x00, 0x80, 0x00, 0xa0, 0x04, 0xca, 0x47, 0xc4, 0x00, 0x46, 0xcd, 0x9f, 0x98, 0x60,
    0xa6, 0xde, 0x28, 0x00, 0x00, 0x80, 0x00, 0xa0, 0x04, 0xca, 0x48, 0x96, 0x7f, 0x0d, 0x4f, 0xc0,
    0x03, 0xa7, 0xc8, 0x0c, 0x8f, 0x00, 0xe2, 0xc0, 0xe3, 0xa7, 0xc8, 0x0c, 0xf7, 0x98, 0x60, 0x4e,
    0x9e, 0x28, 0x00, 0x00, 0x80, 0x00, 0xa0, 0x04, 0xca, 0x4a, 0x86, 0x7f, 0x00, 0xec, 0xc0, 0xea,
    0xa7, 0xc8, 0x0e, 0x97, 0x47, 0xa4, 0x18, 0x05, 0x43, 0x2c, 0xc3, 0x40, 0x30, 0xa6, 0x4c, 0x24,
    0xe6, 0x4c, 0x34, 0xe7, 0x40, 0x40, 0x07, 0xcc, 0x24, 0xe6, 0xcc, 0x3e, 0x07, 0x38, 0x38, 0xe7,
    0x04, 0x20, 0xe6, 0xcc, 0x2c, 0xc3, 0x40, 0x24, 0xe6, 0xcc, 0x34, 0xe7, 0xfb, 0x20, 0xe6, 0xcc,
    0x24, 0xe3, 0xba, 0x00, 0xf8, 0x3e, 0x07, 0x30, 0x20, 0xc3, 0xba, 0x24, 0xe3, 0x98, 0xd0, 0x40,
    0x7a, 0xa8, 0x2c, 0xca, 0x40, 0x30, 0xa6, 0x4c, 0x24, 0xe5, 0x00, 0x34, 0xe7, 0x80, 0xd0, 0x00,
    0x74, 0x28, 0x24, 0xe6, 0xcc, 0x3e, 0x07, 0x38, 0x38, 0xe7, 0x08, 0x20, 0xe6, 0xcc, 0x2c, 0xca,
    0x40, 0x24, 0xe6, 0xcc, 0x34, 0xe7, 0xf7, 0x20, 0xe6, 0xcc, 0xc4, 0xea, 0xa7, 0xc8, 0xd0, 0x30,
    0x7d, 0x98, 0x24, 0xea, 0x18, 0xd0, 0x00, 0x7d, 0x88, 0x24, 0xca, 0xba, 0xc4, 0xea, 0x44, 0x80,
    0x3e, 0x07, 0x38, 0x68, 0xe6, 0x3d, 0xd0, 0x40, 0x75, 0x08, 0xd0, 0x00, 0x66, 0x08, 0x2f, 0x2a,
    0x40, 0xda, 0xf9, 0x04, 0x60, 0x33, 0x01, 0x04, 0x33, 0x41, 0x34, 0x24, 0x97, 0x00, 0x24, 0xd7,
    0x80, 0x3e, 0x06, 0x30, 0x24, 0xb7, 0x40, 0x3e, 0x05, 0x28, 0x24, 0xf7, 0xc0, 0x3e, 0x07, 0x38,
    0x6c, 0x84, 0x18, 0x60, 0xe7, 0x21, 0x6c, 0xc6, 0x08, 0x60, 0xe7, 0x31, 0x6c, 0xa5, 0x10, 0x60,
    0xe7, 0x29, 0x2c, 0xf8, 0x00, 0x02, 0xf2, 0x03, 0x12, 0xd2, 0xf5, 0x84, 0xbf, 0xda, 0xf9, 0x02,
    0x60, 0x33, 0x01, 0x02, 0x33, 0x41, 0x32, 0x24, 0x97, 0x00, 0x24, 0xd7, 0x80, 0x3e, 0x06, 0x30,
    0x24, 0xb7, 0x40, 0x3e, 0x05, 0x28, 0x24, 0xf7, 0xc0, 0x3e, 0x07, 0x38, 0x6c, 0x84, 0x18, 0x60,
    0xe7, 0x21, 0x6c, 0xc6, 0x08, 0x60, 0xe7, 0x31, 0x6c, 0xa5, 0x10, 0x60, 0xe7, 0x29, 0x2c, 0xf8,
    0x00, 0x02, 0xf2, 0x03, 0x12, 0xd2, 0xf5, 0x84, 0xbf, 0xda, 0xf9, 0x06, 0x60, 0x07, 0x01, 0x33,
    0x21, 0x30, 0x24, 0x97, 0x00, 0x24, 0xd7, 0x80, 0x3e, 0x06, 0x30, 0x24, 0xb7, 0x40, 0x3e, 0x05,
    0x28, 0x24, 0xf7, 0xc0, 0x3e, 0x07, 0x38, 0x6c, 0x84, 0x18, 0x60, 0xe7, 0x21, 0x6c, 0xc6, 0x08,
    0x60, 0xe7, 0x31, 0x6c, 0xa5, 0x10, 0x60, 0xe7, 0x29, 0x2c, 0xf8, 0x00, 0x02, 0xf2, 0x03, 0x12,
    0xd2, 0xf3, 0x84, 0xbf, 0x2c, 0xe1, 0x50, 0x2c, 0xea, 0x17, 0x2c, 0xe1, 0x60, 0x2c, 0xea, 0x1f,
    0x2c, 0xe1, 0x40, 0xcc, 0xea, 0x10, 0x80, 0x2c, 0xe1, 0x54, 0x2c, 0xea, 0x37, 0x2c, 0xe1, 0x64,
    0x2c, 0xea, 0x3f, 0x2c, 0xe1, 0x44, 0xcc, 0xea, 0x30, 0x80, 0x2c, 0xe1, 0x52, 0x2c, 0xea, 0x0f,
    0x2c, 0xe1, 0x62, 0xcc, 0xea, 0x00, 0x80, 0x2c, 0xe1, 0x42, 0xcc, 0xea, 0x08, 0x80, 0x98, 0x60,
    0xc7, 0x3e, 0x28, 0x00, 0x00, 0x80, 0x00, 0xa0, 0x04, 0xca, 0x47, 0xc4, 0x18, 0x46, 0x8f, 0xef,
    0x47, 0xb4, 0x18, 0x24, 0xe3, 0x29, 0x3e, 0x07, 0x38, 0x68, 0xe6, 0x3d, 0xd0, 0x40, 0x76, 0x57,
    0xd0, 0x00, 0x64, 0x57, 0x00, 0x80, 0x2c, 0xa3, 0x40, 0xda, 0xe5, 0x8b, 0x00, 0x60, 0xf7, 0x24,
    0x24, 0xe7, 0x00, 0x3e, 0x07, 0x38, 0x60, 0xca, 0x24, 0x20, 0xe6, 0xa9, 0x00, 0x98, 0x38, 0xe0,
    0x08, 0xd2, 0xc8, 0x73, 0x7f, 0x00, 0x80, 0x02, 0xe8, 0xdb, 0x05, 0x13, 0x00, 0x6c, 0xc4, 0x80,
    0x60, 0xb8, 0x24, 0x24, 0xe5, 0x00, 0x34, 0xe7, 0xf0, 0x08, 0xca, 0x20, 0xe6, 0xa5, 0x24, 0xe5,
    0x00, 0x34, 0xe7, 0x0f, 0x6c, 0xe7, 0x21, 0x60, 0xca, 0xbc, 0x20, 0xe6, 0xa5, 0x00, 0x98, 0x02,
    0xf4, 0x38, 0xe0, 0x10, 0xd2, 0xc8, 0x79, 0xbf, 0x98, 0x60, 0xc3, 0x3e, 0x28, 0x00, 0x00, 0x80,
    0x00, 0xa0, 0x04, 0xca, 0x49, 0x7b, 0xbf, 0x0f, 0x71, 0xc4, 0xea, 0x27, 0xc8, 0x34, 0xe7, 0xc0,
    0x38, 0xc0, 0x06, 0x40, 0x07, 0xa8, 0x38, 0xc0, 0xa6, 0x40, 0x87, 0xf0, 0x3c, 0x07, 0x40, 0x38,
    0xc0, 0xf6, 0x38, 0xe0, 0x56, 0x64, 0xc7, 0x32, 0x2c, 0xea, 0x40, 0x20, 0xc7, 0xa0, 0xc4, 0xea,
    0x27, 0xc8, 0x34, 0xe7, 0x0f, 0xd0, 0x00, 0x7b, 0xc7, 0x2c, 0xea, 0x50, 0x24, 0xe7, 0x60, 0x40,
    0x87, 0xd0, 0x80, 0xc0, 0xa0, 0x08, 0x18, 0x01, 0x0d, 0x51, 0x80, 0xc0, 0xa0, 0x18, 0x18, 0x01,
    0x0d, 0x11, 0x47, 0xa2, 0x00, 0x05, 0x45, 0xc4, 0xe5, 0x27, 0xc8, 0x34, 0xe7, 0xc0, 0x28, 0xc5,
    0xc8, 0xd8, 0xa0, 0x00, 0xa0, 0xd2, 0x8c, 0x51, 0xd0, 0xd8, 0xa0, 0x01, 0x40, 0xd2, 0x8c, 0x57,
    0x10, 0xd8, 0xa0, 0x02, 0x80, 0xd2, 0x8c, 0x57, 0x18, 0x28, 0x8a, 0xd2, 0xd0, 0x40, 0x41, 0x30,
    0x2c, 0xea, 0x50, 0x24, 0x67, 0x80, 0xd8, 0x80, 0x88, 0x1c, 0x04, 0xab, 0x24, 0xc7, 0x60, 0x24,
    0xe7, 0x00, 0x48, 0x3e, 0x90, 0x2c, 0xea, 0x50, 0x24, 0x67, 0x80, 0xd8, 0x80, 0xc8, 0x1c, 0x04,
    0xac, 0x24, 0xc7, 0x60, 0x24, 0xe7, 0x00, 0x4b, 0x6e, 0x90, 0x28, 0x8a, 0xd2, 0xd0, 0x40, 0x45,
    0x50, 0xc4, 0xea, 0x27, 0xc8, 0x34, 0xe7, 0x0f, 0x40, 0x07, 0x02, 0x2c, 0xea, 0x50, 0x24, 0xc7,
    0x60, 0xd0, 0x20, 0x6e, 0x70, 0x28, 0x8a, 0xd2, 0xd0, 0x40, 0x49, 0xa8, 0x24, 0x67, 0x80, 0xd8,
    0x80, 0x88, 0x1c, 0x04, 0xab, 0x00, 0xc8, 0x24, 0xe7, 0x00, 0x48, 0x56, 0x90, 0x2c, 0xea, 0x50,
    0x24, 0x67, 0x80, 0xd8, 0x80, 0xc8, 0x1c, 0x04, 0xac, 0x00, 0xc8, 0x24, 0xe7, 0x00, 0x48, 0xa6,
    0x90, 0x28, 0x8a, 0xd2, 0xd0, 0x40, 0x43, 0x10, 0x47, 0xb2, 0x00, 0x01, 0x80, 0x39, 0x60, 0x10,
    0xd0, 0x00, 0x79, 0xef, 0x01, 0x80, 0x39, 0x60, 0x90, 0xd0, 0x20, 0x70, 0xef, 0x01, 0x88, 0x3c,
    0x07, 0x40, 0x38, 0xc0, 0x90, 0x38, 0xe0, 0x10, 0x65, 0x67, 0x32, 0x0d, 0xeb, 0x01, 0x84, 0x39,
    0x60, 0x08, 0xd0, 0x00, 0x7e, 0xaf, 0x01, 0x84, 0x39, 0x60, 0x88, 0xd0, 0x20, 0x77, 0x2f, 0x01,
    0x8c, 0x3c, 0x07, 0x40, 0x38, 0xc0, 0x88, 0x38, 0xe0, 0x08, 0x65, 0x67, 0x32, 0x28, 0x8a, 0xd2,
    0xd0, 0x00, 0x40, 0x2f, 0x2c, 0xea, 0x50, 0x24, 0x67, 0x80, 0x00, 0xa0, 0x24, 0xc7, 0x60, 0x24,
    0xe7, 0x00, 0x48, 0x32, 0x90, 0x0f, 0x53, 0x2c, 0xea, 0x50, 0x24, 0x67, 0x80, 0x38, 0xa0, 0x08,
    0x24, 0xc7, 0x60, 0x24, 0xe7, 0x00, 0x48, 0xe2, 0x90, 0x2c, 0xea, 0x50, 0x24, 0x67, 0x80, 0x28,
    0x8a, 0xd2, 0x38, 0xa0, 0x05, 0x24, 0xc7, 0x60, 0x24, 0xe7, 0x00, 0x4b, 0x82, 0x90, 0x0f, 0x33,
    0x2c, 0xea, 0x50, 0x24, 0x67, 0x80, 0x38, 0xa0, 0x08, 0x00, 0xc8, 0x24, 0xe7, 0x00, 0x48, 0xbc,
    0x90, 0x2c, 0xea, 0x50, 0x24, 0x67, 0x80, 0x28, 0x8a, 0xd2, 0x38, 0xa0, 0x05, 0x00, 0xc8, 0x24,
    0xe7, 0x00, 0x47, 0xc2, 0x00, 0x46, 0xbb, 0x24, 0x28, 0x8a, 0xd2, 0xd0, 0x40, 0x41, 0x10, 0x24,
    0x67, 0x80, 0xd8, 0x80, 0x88, 0x1c, 0x04, 0xab, 0x00, 0xc4, 0x24, 0xe7, 0x00, 0x4a, 0x8c, 0x90,
    0x2c, 0xea, 0x50, 0x24, 0x67, 0x80, 0xd8, 0x80, 0xc8, 0x1c, 0x04, 0xac, 0x00, 0xc4, 0x24, 0xe7,
    0x00, 0x4a, 0x34, 0x90, 0x28, 0x8a, 0xd2, 0xd0, 0x00, 0x48, 0x4f, 0x2c, 0xea, 0x50, 0x24, 0x67,
    0x80, 0x38, 0xa0, 0x08, 0x00, 0xc4, 0x24, 0xe7, 0x00, 0x4a, 0x64, 0x90, 0x2c, 0xea, 0x50, 0x24,
    0x67, 0x80, 0x28, 0x8a, 0xd2, 0x38, 0xa0, 0x05, 0x00, 0xc4, 0x24, 0xe7, 0x00, 0x47, 0xc2, 0x00,
    0x46, 0x41, 0x24, 0x01, 0x80, 0x01, 0x62, 0xd0, 0x00, 0x74, 0xe7, 0x01, 0x80, 0x01, 0x6a, 0xd0,
    0x20, 0x75, 0x67, 0x01, 0x88, 0x3c, 0x07, 0x40, 0x00, 0xca, 0x00, 0xe2, 0x65, 0x67, 0x32, 0x0d,
    0x69, 0x24, 0x67, 0x80, 0x00, 0xa0, 0x00, 0xc8, 0x24, 0xe7, 0x00, 0x4b, 0xa8, 0x90, 0x2c, 0xea,
    0x50, 0x0f, 0x65, 0x24, 0x67, 0x80, 0x00, 0xa0, 0x00, 0xc4, 0x24, 0xe7, 0x00, 0x4a, 0x88, 0x90,
    0x2c, 0xea, 0x50, 0x0c, 0xdb, 0x47, 0xac, 0x80, 0x05, 0x45, 0xc4, 0xe5, 0x27, 0xc8, 0x35, 0x67,
    0xc0, 0x28, 0x85, 0xd2, 0xd0, 0x40, 0x42, 0x90, 0x2c, 0xea, 0x50, 0x24, 0x67, 0x80, 0xd8, 0x80,
    0x80, 0x80, 0x04, 0xab, 0x24, 0xc7, 0x60, 0x24, 0xe7, 0x00, 0x48, 0x60, 0x90, 0x28, 0x8a, 0xd2,
    0x41, 0x04, 0xf2, 0xc4, 0xaa, 0x27, 0xc8, 0x34, 0xe5, 0x0f, 0x40, 0x07, 0x3c, 0x2e, 0xea, 0x50,
    0x24, 0xf7, 0x60, 0x40, 0x87, 0x1e, 0x8c, 0xe0, 0x61, 0xf0, 0xa8, 0x00, 0xcc, 0xc7, 0x72, 0x80,
    0x34, 0xe5, 0xc0, 0xc0, 0xe6, 0x27, 0xc8, 0x28, 0x8a, 0xd2, 0xd0, 0x40, 0x4a, 0x70, 0x24, 0x77,
    0x80, 0xd8, 0x80, 0x80, 0x80, 0x04, 0xab, 0x00, 0xc8, 0x24, 0xf7, 0x00, 0x49, 0xaf, 0x10, 0x28,
    0x8a, 0xd2, 0xd0, 0x40, 0x4f, 0x90, 0x00, 0xe4, 0xc0, 0xea, 0xa7, 0xc8, 0x47, 0xbc, 0x80, 0x2c,
    0xea, 0x50, 0x24, 0x67, 0x80, 0x38, 0xa0, 0x08, 0x24, 0xc7, 0x60, 0x24, 0xe7, 0x00, 0x48, 0xb7,
    0x10, 0x2c, 0xea, 0x50, 0x24, 0x67, 0x80, 0x28, 0x8a, 0xd2, 0x38, 0xa0, 0x05, 0x24, 0xc7, 0x60,
    0x24, 0xe7, 0x00, 0x4b, 0xe7, 0x10, 0x0e, 0xc7, 0x2c, 0xe5, 0x50, 0x24, 0x67, 0x80, 0x00, 0xa0,
    0x24, 0xc7, 0x60, 0x24, 0xe7, 0x00, 0x48, 0xc7, 0x10, 0x0f, 0xeb, 0x8c, 0xe0, 0x51, 0xf0, 0xa8,
    0x00, 0xcc, 0xc7, 0x72, 0x80, 0x34, 0xe5, 0xc0, 0xc0, 0xe6, 0x27, 0xc8, 0x28, 0x8a, 0xd2, 0xd0,
    0x40, 0x44, 0x10, 0x24, 0x77, 0x80, 0xd8, 0x80, 0x80, 0x80, 0x04, 0xab, 0x00, 0xc4, 0x24, 0xf7,
    0x00, 0x4a, 0x1b, 0x10, 0x28, 0x8a, 0xd2, 0x40, 0x04, 0xf1, 0x2c, 0xea, 0x50, 0x24, 0x67, 0x80,
    0x38, 0xa0, 0x08, 0x00, 0xc4, 0x24, 0xe7, 0x00, 0x49, 0x4b, 0x10, 0x2c, 0xea, 0x50, 0x24, 0x67,
    0x80, 0x28, 0x8a, 0xd2, 0x38, 0xa0, 0x05, 0x00, 0xc4, 0x24, 0xe7, 0x00, 0x49, 0xb3, 0x10, 0x0f,
    0x9b, 0x2c, 0xea, 0x50, 0x24, 0x67, 0x80, 0x38, 0xa0, 0x08, 0x00, 0xc8, 0x24, 0xe7, 0x00, 0x4b,
    0x13, 0x10, 0x2c, 0xea, 0x50, 0x24, 0x67, 0x80, 0x28, 0x8a, 0xd2, 0x38, 0xa0, 0x05, 0x00, 0xc8,
    0x24, 0xe7, 0x00, 0x4b, 0xc3, 0x10, 0x00, 0xe4, 0xc0, 0xea, 0xa7, 0xc8, 0x47, 0xbc, 0x80, 0x24,
    0x77, 0x80, 0x00, 0xa0, 0x00, 0xc8, 0x24, 0xf7, 0x00, 0x4a, 0x7d, 0x10, 0x2e, 0xea, 0x50, 0x0f,
    0xc3, 0x24, 0x77, 0x80, 0x00, 0xa0, 0x00, 0xc4, 0x24, 0xf7, 0x00, 0x4b, 0x9d, 0x10, 0x2e, 0xea,
    0x50, 0x0d, 0x3b, 0x47, 0xa4, 0x00, 0x05, 0x45, 0xd8, 0x65, 0x1d, 0x00, 0x30, 0x85, 0x26, 0x49,
    0x1a, 0x28, 0x41, 0x03, 0x90, 0x20, 0x0a, 0xd8, 0x47, 0xb4, 0x00, 0x00, 0xe8, 0x20, 0xea, 0xd8,
    0x47, 0xb4, 0x00, 0x47, 0xa4, 0x00, 0x05, 0x45, 0xd8, 0x65, 0x1d, 0x00, 0x30, 0x85, 0x26, 0x48,
    0xa3, 0xc8, 0xd0, 0x00, 0x38, 0xf0, 0x2c, 0xca, 0x7b, 0x2c, 0x8a, 0x7b, 0x2e, 0xea, 0x47, 0x2c,
    0xaa, 0x47, 0x2f, 0x0a, 0x67, 0x2c, 0xea, 0x67, 0x27, 0x2a, 0x18, 0xd0, 0x01, 0x91, 0xb0, 0x3e,
    0x04, 0xd0, 0x3e, 0x05, 0xd8, 0x3e, 0x07, 0xe0, 0x2c, 0xaa, 0x40, 0xc4, 0xe5, 0x03, 0xc0, 0x6c,
    0xc6, 0x11, 0x3e, 0x06, 0xc9, 0x34, 0xe7, 0x0f, 0x60, 0xf9, 0x39, 0x3e, 0x07, 0x38, 0xc0, 0xe5,
    0x03, 0xc0, 0x2c, 0xea, 0x40, 0xc3, 0x47, 0x83, 0xc0, 0x2c, 0xaa, 0x40, 0xc4, 0xe5, 0x43, 0xc0,
    0x6c, 0xd7, 0x11, 0x3e, 0x06, 0xb9, 0x34, 0xe7, 0x0f, 0x60, 0xf7, 0x39, 0x3e, 0x07, 0x38, 0xc0,
    0xe5, 0x43, 0xc0, 0x2c, 0xea, 0x40, 0xc3, 0x67, 0xc3, 0xc0, 0x2c, 0xaa, 0x40, 0xc4, 0xe5, 0x23,
    0xc0, 0x6c, 0xd8, 0x11, 0x3e, 0x06, 0x21, 0x34, 0xe7, 0x0f, 0x60, 0xe4, 0x39, 0x3e, 0x07, 0x38,
    0xc0, 0xe5, 0x23, 0xc0, 0x2c, 0xea, 0x40, 0xc3, 0x87, 0xa3, 0xc0, 0x24, 0xea, 0x68, 0x34, 0xe7,
    0x04, 0x40, 0x07, 0x46, 0x2c, 0xea, 0x40, 0x98, 0xc0, 0x00, 0x08, 0x18, 0x01, 0xd2, 0xce, 0x66,
    0xa0, 0x84, 0xe0, 0x03, 0xd8, 0x18, 0x01, 0x34, 0xe7, 0x0f, 0x60, 0xf9, 0x39, 0x3e, 0x07, 0x38,
    0x80, 0xe0, 0x03, 0xd8, 0x18, 0x01, 0x83, 0x40, 0x83, 0xd8, 0x18, 0x01, 0x84, 0xe0, 0x43, 0xd8,
    0x18, 0x01, 0x34, 0xe7, 0x0f, 0x60, 0xf7, 0x39, 0x3e, 0x07, 0x38, 0x80, 0xe0, 0x43, 0xd8, 0x18,
    0x01, 0x2c, 0xea, 0x40, 0xc3, 0x67, 0xc3, 0xd0, 0x2c, 0xca, 0x40, 0xc4, 0xe6, 0x23, 0xd0, 0x34,
    0xe7, 0x0f, 0x60, 0xe4, 0x39, 0x3e, 0x07, 0x38, 0xc0, 0xe6, 0x23, 0xd0, 0x2c, 0xea, 0x40, 0xc3,
    0x87, 0xa3, 0xd0, 0x47, 0xb4, 0x00, 0x47, 0xae, 0xc0, 0x05, 0x45, 0x24, 0xc5, 0xd8, 0x40, 0x86,
    0x60, 0x47, 0xbe, 0xc0, 0x2c, 0xe5, 0x7e, 0x6c, 0xe7, 0x11, 0x3e, 0x07, 0x60, 0x2c, 0xe5, 0x7e,
    0x3e, 0x07, 0x58, 0x2c, 0xe5, 0x5e, 0x6c, 0xe7, 0x11, 0x35, 0xc7, 0xc0, 0x2c, 0xe5, 0x5e, 0x3e,
    0x07, 0x68, 0x21, 0x81, 0x60, 0x21, 0x61, 0xe0, 0x2c, 0xe5, 0x50, 0x31, 0xe1, 0x60, 0x24, 0x67,
    0x80, 0x28, 0x85, 0xb4, 0x04, 0xaf, 0x24, 0xc7, 0x60, 0x24, 0xe7, 0x00, 0x01, 0x04, 0x48, 0x68,
    0x90, 0x21, 0xc1, 0x60, 0x21, 0xa1, 0xe0, 0x2c, 0xea, 0x50, 0x24, 0x67, 0x80, 0x28, 0x8a, 0x8c,
    0x04, 0xaf, 0x24, 0xc7, 0x60, 0x24, 0xe7, 0x00, 0x01, 0x04, 0x48, 0xf0, 0x90, 0x2c, 0xea, 0x40,
    0x21, 0xa7, 0xe8, 0x2c, 0xca, 0x40, 0x24, 0xe6, 0x18, 0x34, 0xe7, 0x3f, 0x60, 0xe7, 0x71, 0x20,
    0xe6, 0x18, 0x24, 0xea, 0x68, 0x34, 0xe7, 0x08, 0x40, 0x07, 0x08, 0x2c, 0xea, 0x40, 0x98, 0xc0,
    0x00, 0x08, 0x18, 0x01, 0xd2, 0x8e, 0x65, 0x00, 0x20, 0x0a, 0xd8, 0x47, 0xbe, 0xc0, 0x2c, 0xea,
    0x50, 0x24, 0xc7, 0x60, 0x40, 0x86, 0xca, 0x21, 0x81, 0x60, 0x21, 0x61, 0xe0, 0x24, 0x67, 0x80,
    0x28, 0x8a, 0xb4, 0x04, 0xaf, 0x00, 0xc8, 0x24, 0xe7, 0x00, 0x01, 0x04, 0x49, 0x5f, 0x10, 0x21,
    0xc1, 0x60, 0x21, 0xa1, 0xe0, 0x2c, 0xea, 0x50, 0x24, 0x67, 0x80, 0x28, 0x8a, 0x8c, 0x04, 0xaf,
    0x00, 0xc8, 0x24, 0xe7, 0x00, 0x01, 0x04, 0x4b, 0xcf, 0x10, 0x2c, 0xea, 0x40, 0xc1, 0xa7, 0xe8,
    0x10, 0x2c, 0xca, 0x40, 0xc4, 0xe6, 0x18, 0x10, 0x34, 0xe7, 0x3f, 0x60, 0xe7, 0x71, 0xc0, 0xe6,
    0x18, 0x10, 0x20, 0x0a, 0xd8, 0x0d, 0x97, 0x21, 0x81, 0x60, 0x21, 0x61, 0xe0, 0x24, 0x67, 0x80,
    0x28, 0x8a, 0xb4, 0x04, 0xaf, 0x00, 0xc4, 0x24, 0xe7, 0x00, 0x01, 0x04, 0x49, 0x67, 0x10, 0x21,
    0xc1, 0x60, 0x21, 0xa1, 0xe0, 0x2c, 0xea, 0x50, 0x24, 0x67, 0x80, 0x28, 0x8a, 0x8c, 0x04, 0xaf,
    0x00, 0xc4, 0x24, 0xe7, 0x00, 0x01, 0x04, 0x4b, 0xfb, 0x10, 0x0c, 0x37, 0x2c, 0xc3, 0x40, 0xc0,
    0x06, 0x08, 0xa0, 0x00, 0xe4, 0x20, 0xe6, 0xd8, 0x00, 0xe8, 0xc0, 0xe6, 0x63, 0xc0, 0x24, 0xe3,
    0x68, 0x34, 0xe7, 0x40, 0x40, 0x07, 0x3c, 0x30, 0xa6, 0xcc, 0x24, 0xe6, 0xcc, 0x3e, 0x07, 0x38,
    0x38, 0xe7, 0x80, 0x20, 0xe6, 0xcc, 0x24, 0xe3, 0x68, 0x34, 0xe7, 0x80, 0x41, 0x07, 0x9c, 0x24,
    0xe5, 0x00, 0x34, 0xe7, 0xbf, 0x20, 0xe5, 0x00, 0x24, 0xe5, 0x00, 0x34, 0xe7, 0xef, 0x20, 0xe5,
    0x00, 0x24, 0xe6, 0x20, 0x3e, 0x07, 0x38, 0x38, 0xe7, 0x80, 0x20, 0xe6, 0x20, 0x47, 0xd2, 0x48,
    0x30, 0xa6, 0xcc, 0x24, 0xe6, 0xcc, 0x34, 0xe7, 0x7f, 0x20, 0xe6, 0xcc, 0x24, 0xe3, 0x68, 0x34,
    0xe7, 0x80, 0x40, 0x07, 0xb3, 0x24, 0xe5, 0x00, 0x3e, 0x07, 0x38, 0x38, 0xe7, 0x40, 0x20, 0xe5,
    0x00, 0x24, 0xe5, 0x00, 0x3e, 0x07, 0x38, 0x38, 0xe7, 0x10, 0x20, 0xe5, 0x00, 0x24, 0xe6, 0xe0,
    0x3e, 0x07, 0x38, 0x38, 0xe7, 0x40, 0x20, 0xe6, 0xe0, 0x24, 0xe6, 0x20, 0x3e, 0x07, 0x38, 0x38,
    0xe7, 0x80, 0x20, 0xe6, 0x20, 0x47, 0xd2, 0x48, 0x02, 0xe8, 0x40, 0x83, 0x18, 0x02, 0xe4, 0x40,
    0x43, 0xc8, 0x02, 0xe2, 0x40, 0xc3, 0x70, 0x60, 0xe4, 0x19, 0x02, 0xe0, 0x38, 0xc0, 0x14, 0x40,
    0x07, 0xf0, 0x38, 0xd7, 0x04, 0x38, 0xf7, 0x08, 0x3c, 0x24, 0x00, 0x64, 0xc7, 0x32, 0x20, 0xc5,
    0xc0, 0x24, 0xe5, 0x20, 0x34, 0xc7, 0x80, 0x40, 0x84, 0x48, 0x38, 0xe6, 0x08, 0x3c, 0x04, 0x40,
    0x64, 0xc7, 0x32, 0x20, 0xc5, 0x20, 0x47, 0xd2, 0x48, 0x38, 0xe6, 0x10, 0x3e, 0x07, 0x30, 0x20,
    0xc5, 0x20, 0x47, 0xd2, 0x48, 0x47, 0xa2, 0x00, 0x05, 0x63, 0x2d, 0x43, 0x40, 0x2c, 0xe3, 0x50,
    0xcc, 0xe7, 0x52, 0x80, 0x40, 0x07, 0x60, 0x47, 0xd1, 0x38, 0x00, 0xe8, 0x20, 0xea, 0x81, 0x20,
    0x0a, 0x89, 0x28, 0xeb, 0xf0, 0xd8, 0xa0, 0x00, 0xa0, 0xd2, 0x8e, 0x59, 0x54, 0xd8, 0xc0, 0x01,
    0x40, 0xd2, 0x8e, 0x6b, 0x98, 0xd8, 0xa0, 0x02, 0x80, 0xd2, 0x8e, 0x54, 0x1c, 0x3e, 0x07, 0x38,
    0x20, 0xea, 0x48, 0x28, 0xeb, 0xf0, 0x6c, 0xe7, 0x11, 0x20, 0xea, 0xc8, 0x24, 0xeb, 0x88, 0x00,
    0xf3, 0x3e, 0x07, 0x38, 0x20, 0xea, 0x28, 0x28, 0xeb, 0x88, 0x00, 0xf3, 0x6c, 0xe7, 0x12, 0x3e,
    0x07, 0x38, 0x20, 0xea, 0xa8, 0x2c, 0xeb, 0x50, 0x24, 0x67, 0x80, 0xd8, 0x80, 0x80, 0x80, 0x24,
    0xa7, 0x60, 0x24, 0xc7, 0x00, 0x48, 0xec, 0x10, 0x34, 0x63, 0xc0, 0xc0, 0x6b, 0x27, 0xc8, 0x38,
    0xc0, 0x06, 0x40, 0x03, 0xa8, 0x38, 0xc0, 0xa6, 0x40, 0x83, 0xf0, 0x3c, 0x03, 0x40, 0x38, 0xc0,
    0xf6, 0x38, 0xe0, 0x56, 0x64, 0xc7, 0x32, 0x2c, 0xeb, 0x40, 0x20, 0xc7, 0xa0, 0x28, 0xeb, 0xc8,
    0xd8, 0xc0, 0x00, 0xa0, 0xd2, 0x8e, 0x6d, 0xf8, 0xd8, 0xa0, 0x01, 0x40, 0xd2, 0x8e, 0x5e, 0x14,
    0xd8, 0xc0, 0x02, 0x80, 0xd2, 0x8e, 0x61, 0xb4, 0x2c, 0xeb, 0x50, 0x24, 0x67, 0x80, 0xd8, 0x80,
    0x88, 0x1c, 0x24, 0xc7, 0x60, 0x24, 0xe7, 0x00, 0x49, 0x5d, 0xe0, 0x2c, 0xeb, 0x50, 0x24, 0x67,
    0x80, 0xd8, 0x80, 0xc8, 0x1c, 0x04, 0xac, 0x24, 0xc7, 0x60, 0x24, 0xe7, 0x00, 0x4a, 0xad, 0xe0,
    0x24, 0xcb, 0x30, 0x00, 0xe8, 0x40, 0x86, 0xf8, 0x00, 0xe4, 0x40, 0x46, 0x58, 0x00, 0xe2, 0x40,
    0xc6, 0xa8, 0x2c, 0xeb, 0x70, 0x94, 0xe7, 0x00, 0x00, 0xff, 0xff, 0x3c, 0x27, 0x00, 0x38, 0xe0,
    0x10, 0x64, 0xe0, 0x3a, 0x38, 0xa7, 0x08, 0x38, 0xc7, 0x04, 0x04, 0xe5, 0x24, 0xab, 0xb0, 0x3c,
    0x25, 0x00, 0x64, 0xa7, 0x32, 0x20, 0xaa, 0xc0, 0x24, 0xea, 0x20, 0x34, 0xc7, 0xe7, 0x24, 0xab,
    0xb0, 0xd0, 0x20, 0x59, 0xe8, 0x38, 0xe6, 0x08, 0x3c, 0x05, 0x40, 0x64, 0xc7, 0x32, 0x20, 0xca,
    0x20, 0x24, 0xeb, 0xc8, 0x20, 0xea, 0x54, 0x28, 0xeb, 0xc8, 0x6c, 0xe7, 0x11, 0x20, 0xea, 0xd4,
    0x24, 0xeb, 0xa8, 0x20, 0xea, 0x34, 0x28, 0xeb, 0xa8, 0x6c, 0xe7, 0x11, 0x20, 0xea, 0xb4, 0x24,
    0xeb, 0xc8, 0x20, 0xea, 0x44, 0x28, 0xeb, 0xc8, 0x6c, 0xe7, 0x11, 0x20, 0xea, 0xc4, 0x24, 0xeb,
    0xa8, 0x20, 0xea, 0x24, 0x28, 0xeb, 0xa8, 0x6c, 0xe7, 0x11, 0x20, 0xea, 0xa4, 0x28, 0xab, 0xf0,
    0x98, 0xe0, 0x00, 0x00, 0x18, 0x00, 0x64, 0x87, 0x2c, 0x28, 0xcb, 0x88, 0x66, 0xe7, 0x34, 0x98,
    0xe0, 0x00, 0x00, 0x04, 0x00, 0x64, 0xa7, 0x2c, 0x98, 0xe0, 0x00, 0x00, 0x08, 0x00, 0x67, 0x07,
    0x34, 0x3d, 0xb7, 0x20, 0x64, 0xf7, 0x22, 0x3d, 0xa7, 0x28, 0x64, 0xe7, 0x2a, 0x3d, 0xa7, 0xc0,
    0x64, 0xc7, 0xc2, 0x6c, 0xe6, 0xb1, 0x41, 0x07, 0xd2, 0x6c, 0xe6, 0x31, 0xd0, 0x40, 0x78, 0x68,
    0x6c, 0xe6, 0xd1, 0xd0, 0x40, 0x7c, 0xd8, 0x24, 0xea, 0x18, 0x3e, 0x07, 0x38, 0x38, 0xe7, 0x10,
    0x20, 0xea, 0x18, 0x24, 0xea, 0x18, 0x34, 0xe7, 0xf0, 0x20, 0xea, 0x18, 0x0c, 0xc8, 0x00, 0xef,
    0x20, 0xea, 0x30, 0x00, 0xe2, 0x20, 0xea, 0xb0, 0x38, 0xe0, 0xf8, 0x20, 0xea, 0x70, 0x00, 0xec,
    0x20, 0xea, 0xf0, 0x38, 0xe0, 0x8c, 0x20, 0xea, 0x08, 0x20, 0xea, 0x88, 0x28, 0xeb, 0xf0, 0x0d,
    0xc9, 0x24, 0xea, 0x18, 0x3e, 0x07, 0x38, 0x38, 0xe7, 0x10, 0x20, 0xea, 0x18, 0x24, 0xea, 0x18,
    0x98, 0xe7, 0x0f, 0xff, 0xff, 0xff, 0x3e, 0x07, 0x38, 0x20, 0xea, 0x18, 0x6c, 0x84, 0xc1, 0x6e,
    0xf7, 0xc1, 0x6c, 0xa5, 0xc1, 0x6f, 0x18, 0xc1, 0x6c, 0xe4, 0x11, 0x34, 0xe7, 0xe0, 0xc0, 0xea,
    0x42, 0x80, 0x3e, 0x04, 0x38, 0xc0, 0xea, 0xc2, 0x80, 0x6c, 0xf7, 0x11, 0x34, 0xe7, 0xe0, 0xc0,
    0xea, 0x22, 0x80, 0x3e, 0x17, 0x38, 0xc0, 0xea, 0xa2, 0x80, 0x6c, 0xe5, 0x11, 0x34, 0xe7, 0xe0,
    0xc0, 0xea, 0x62, 0x80, 0x3e, 0x05, 0x38, 0xc0, 0xea, 0xe2, 0x80, 0x6c, 0xf8, 0x11, 0x34, 0xe7,
    0xe0, 0xc0, 0xea, 0x12, 0x80, 0x3e, 0x18, 0x38, 0xc0, 0xea, 0x92, 0x80, 0x28, 0xcb, 0x88, 0x28,
    0xab, 0xf0, 0x64, 0xe6, 0x2b, 0x38, 0xc0, 0xcc, 0x64, 0xe7, 0x33, 0x6c, 0xe7, 0x52, 0x6c, 0xa7,
    0x09, 0x34, 0xa5, 0xf8, 0xc0, 0xaa, 0x51, 0x40, 0x6c, 0xc7, 0x11, 0x3e, 0x06, 0x30, 0xc0, 0xca,
    0xd1, 0x40, 0x3e, 0x07, 0x38, 0xc0, 0xea, 0x31, 0x40, 0xc0, 0xaa, 0xb1, 0x40, 0xc0, 0xca, 0x71,
    0x40, 0xc0, 0xea, 0xf1, 0x40, 0x00, 0x60, 0x47, 0xb2, 0x00, 0x38, 0xc6, 0x10, 0x0e, 0x25, 0xc4,
    0xcb, 0x27, 0xc8, 0x01, 0x84, 0x38, 0xa0, 0x08, 0xd0, 0x00, 0x60, 0x87, 0x01, 0x84, 0x38, 0xa0,
    0x88, 0xd0, 0x20, 0x6e, 0x07, 0x01, 0x8c, 0x38, 0xa0, 0x08, 0xd0, 0x10, 0x67, 0xfb, 0x3c, 0x26,
    0xc0, 0x00, 0xec, 0x65, 0x80, 0x3a, 0x3c, 0x26, 0xc0, 0x38, 0xe0, 0x88, 0x64, 0xa0, 0x3a, 0x46,
    0x97, 0xbf, 0x00, 0xef, 0x20, 0xea, 0x30, 0x28, 0xeb, 0xf0, 0x00, 0xff, 0x6c, 0xe7, 0x12, 0x3e,
    0x07, 0x38, 0x20, 0xea, 0xb0, 0x24, 0xeb, 0x88, 0x00, 0xfd, 0x3e, 0x07, 0x38, 0x20, 0xea, 0x70,
    0x28, 0xeb, 0x88, 0x00, 0xfd, 0x6c, 0xe7, 0x12, 0x3e, 0x07, 0x38, 0x20, 0xea, 0xf0, 0x38, 0xe0,
    0x88, 0x20, 0xea, 0x08, 0x20, 0xea, 0x88, 0x28, 0xeb, 0xf0, 0x46, 0xcc, 0xbf, 0x24, 0xea, 0x18,
    0x3e, 0x07, 0x38, 0x38, 0xe7, 0x10, 0x20, 0xea, 0x18, 0x24, 0xea, 0x18, 0x34, 0xe7, 0xf0, 0x38,
    0xe7, 0x05, 0x20, 0xea, 0x18, 0x6c, 0x84, 0x41, 0x6e, 0xf7, 0x41, 0x6c, 0xa5, 0x41, 0x6f, 0x18,
    0x41, 0x0f, 0x9d, 0xc4, 0xcb, 0x27, 0xc8, 0x01, 0x80, 0x38, 0xa0, 0x10, 0xd0, 0x00, 0x63, 0xeb,
    0x01, 0x80, 0x38, 0xa0, 0x90, 0xd0, 0x20, 0x6c, 0xeb, 0x01, 0x88, 0x38, 0xa0, 0x10, 0xd0, 0x10,
    0x65, 0x6b, 0x3c, 0x26, 0xc0, 0x00, 0xe8, 0x65, 0x80, 0x3a, 0x3c, 0x26, 0xc0, 0x38, 0xe0, 0x90,
    0x64, 0xa0, 0x3a, 0x46, 0xaa, 0xbf, 0x24, 0xea, 0x18, 0x3e, 0x07, 0x38, 0x38, 0xe7, 0x10, 0x20,
    0xea, 0x18, 0x24, 0xea, 0x18, 0x34, 0xe7, 0xf0, 0x38, 0xe7, 0x0a, 0x20, 0xea, 0x18, 0x6c, 0x84,
    0x81, 0x6e, 0xf7, 0x81, 0x6c, 0xa5, 0x81, 0x6f, 0x18, 0x81, 0x0d, 0xc5, 0xc4, 0xcb, 0x27, 0xc8,
    0x01, 0x80, 0x00, 0xa2, 0xd0, 0x00, 0x62, 0x4b, 0x01, 0x80, 0x00, 0xaa, 0xd0, 0x20, 0x63, 0x8b,
    0x01, 0x88, 0x00, 0xa2, 0xd0, 0x10, 0x62, 0x8b, 0x3c, 0x26, 0xc0, 0x00, 0xe8, 0x65, 0x80, 0x3a,
    0x3c, 0x26, 0xc0, 0x00, 0xea, 0x64, 0xa0, 0x3a, 0x46, 0x00, 0xbf, 0x00, 0xcf, 0x20, 0xca, 0x30,
    0x00, 0xe2, 0x20, 0xea, 0xb0, 0x20, 0xca, 0x70, 0x00, 0xe4, 0x20, 0xea, 0xf0, 0x38, 0xe0, 0x8e,
    0x20, 0xea, 0x08, 0x20, 0xea, 0x88, 0x28, 0xeb, 0xf0, 0x46, 0x26, 0x3f, 0x98, 0xe0, 0x00, 0x18,
    0x18, 0x01, 0x2c, 0xe3, 0x00, 0x98, 0xe0, 0xdc, 0x44, 0x18, 0x01, 0x2c, 0xe3, 0x20, 0x8c, 0xe0,
    0x51, 0xf0, 0xa8, 0x00, 0x2c, 0xe3, 0x10, 0x46, 0x70, 0x3f, 0x98, 0xe0, 0x00, 0x08, 0x18, 0x01,
    0x2c, 0xe3, 0x00, 0x98, 0xe0, 0xac, 0x44, 0x18, 0x01, 0x2c, 0xe3, 0x20, 0x8c, 0xe0, 0x61, 0xf0,
    0xa8, 0x00, 0x2c, 0xe3, 0x10, 0x46, 0x0f, 0xdf, 0x47, 0xa6, 0x00, 0x24, 0xc3, 0x00, 0xd0, 0x40,
    0x6c, 0xa4, 0x27, 0x43, 0xc0, 0x27, 0x23, 0xa0, 0xd2, 0xb5, 0x9b, 0x14, 0xd3, 0xf5, 0x9c, 0xa4,
    0x38, 0xe0, 0xd0, 0x80, 0xe0, 0x08, 0x8a, 0x18, 0x01, 0x28, 0xe3, 0x98, 0x3e, 0x07, 0x30, 0x80,
    0xc0, 0x58, 0x8a, 0x18, 0x01, 0x6c, 0xe7, 0x11, 0x80, 0xe0, 0xd8, 0x8a, 0x18, 0x01, 0x80, 0x00,
    0x38, 0x8a, 0x18, 0x01, 0x25, 0x03, 0x38, 0xd0, 0x00, 0x8c, 0xa4, 0x00, 0xec, 0x80, 0xe0, 0x00,
    0x8a, 0x18, 0x01, 0x27, 0x63, 0x58, 0x35, 0xdb, 0xc0, 0x3c, 0x0e, 0x40, 0x00, 0xee, 0x03, 0x0c,
    0x67, 0x18, 0x3a, 0x35, 0xbb, 0x30, 0x3c, 0x0d, 0x10, 0x3a, 0xe0, 0x10, 0x66, 0xe0, 0xba, 0x35,
    0x9b, 0x0c, 0x3c, 0x0c, 0x04, 0x38, 0x80, 0x08, 0x64, 0x80, 0x22, 0x27, 0x83, 0xd8, 0x35, 0x7c,
    0xc0, 0x3c, 0x0b, 0x40, 0x38, 0xa0, 0x04, 0x64, 0xa0, 0x2a, 0x35, 0x5c, 0x30, 0x3c, 0x0a, 0x10,
    0x38, 0xc0, 0x02, 0x64, 0xc0, 0x32, 0x35, 0x3c, 0x0c, 0x3c, 0x09, 0x04, 0x30, 0xe0, 0x01, 0x64,
    0xe0, 0x3a, 0x62, 0xf7, 0xc1, 0x60, 0x84, 0xb9, 0x60, 0xa5, 0x21, 0x60, 0xc6, 0x29, 0x60, 0xe7,
    0x31, 0x3e, 0x07, 0x38, 0x80, 0xe0, 0x80, 0x8a, 0x18, 0x01, 0x2a, 0xe3, 0xe0, 0x3e, 0x17, 0x38,
    0x80, 0xe0, 0x40, 0x8a, 0x18, 0x01, 0x6c, 0xf7, 0x11, 0x80, 0xe0, 0xc0, 0x8a, 0x18, 0x01, 0x2b,
    0x03, 0x90, 0x3e, 0x18, 0x38, 0x80, 0xe0, 0x20, 0x8a, 0x18, 0x01, 0x6c, 0xf8, 0x11, 0x80, 0xe0,
    0xa0, 0x8a, 0x18, 0x01, 0x2b, 0xa3, 0xd0, 0x3e, 0x1d, 0x38, 0x80, 0xe0, 0x60, 0x8a, 0x18, 0x01,
    0x6c, 0xfd, 0x11, 0x80, 0xe0, 0xe0, 0x8a, 0x18, 0x01, 0x2b, 0xc3, 0xb0, 0x3e, 0x1e, 0x38, 0x80,
    0xe0, 0x10, 0x8a, 0x18, 0x01, 0x6c, 0xfe, 0x11, 0x80, 0xe0, 0x90, 0x8a, 0x18, 0x01, 0x24, 0xe3,
    0x70, 0x00, 0xa6, 0x40, 0x87, 0x08, 0x00, 0xae, 0x40, 0xc7, 0xd0, 0x3c, 0x27, 0x20, 0x00, 0xea,
    0x64, 0xa0, 0x3a, 0x24, 0xc3, 0xf0, 0xd0, 0x20, 0x69, 0x94, 0xd0, 0x30, 0x69, 0x54, 0x38, 0xe5,
    0x0a, 0x3c, 0x06, 0x20, 0x64, 0xa7, 0x2a, 0x38, 0xe5, 0x10, 0x24, 0xc3, 0x80, 0x3c, 0x06, 0x80,
    0x64, 0xa7, 0x2a, 0x80, 0xa0, 0x50, 0x8a, 0x18, 0x01, 0x30, 0xe0, 0xf3, 0x80, 0xe0, 0x44, 0x8a,
    0x18, 0x01, 0x38, 0xe0, 0x26, 0x64, 0x9a, 0x3b, 0x64, 0xb9, 0x3b, 0xd8, 0xe0, 0x3d, 0x40, 0xd2,
    0x88, 0x79, 0xa4, 0xd8, 0xc0, 0x04, 0xc0, 0xd2, 0x88, 0x6a, 0x64, 0x9d, 0xc4, 0x28, 0xa0, 0x00,
    0x00, 0xd8, 0xe0, 0x47, 0x20, 0x64, 0x84, 0x3a, 0xd8, 0xe0, 0x3d, 0x40, 0xd2, 0x8a, 0x71, 0x84,
    0xd8, 0xc0, 0x04, 0xc0, 0xd2, 0x8a, 0x68, 0x24, 0x9d, 0xc5, 0x28, 0xa0, 0x00, 0x00, 0xd8, 0xe0,
    0x47, 0x20, 0x64, 0xa5, 0x3a, 0xd2, 0x8a, 0x4e, 0x04, 0xd3, 0x88, 0x5a, 0xb8, 0x00, 0xc8, 0x80,
    0xc0, 0x14, 0x8a, 0x18, 0x01, 0x64, 0xe5, 0x25, 0x3e, 0x07, 0x38, 0x80, 0xe0, 0x94, 0x8a, 0x18,
    0x01, 0x80, 0xc0, 0x30, 0x2c, 0x18, 0x01, 0x80, 0xe0, 0xd0, 0x2c, 0x18, 0x01, 0x84, 0xe0, 0xc4,
    0x8a, 0x18, 0x01, 0x3e, 0x07, 0x38, 0x38, 0xe7, 0x02, 0x80, 0xe0, 0xc4, 0x8a, 0x18, 0x01, 0xd0,
    0x00, 0x84, 0x70, 0x00, 0xe8, 0x80, 0xe0, 0x24, 0x8a, 0x18, 0x01, 0x80, 0xe0, 0xa4, 0x8a, 0x18,
    0x01, 0x80, 0x00, 0x92, 0x4a, 0x18, 0x01, 0x80, 0x00, 0x52, 0x4a, 0x18, 0x01, 0x80, 0x00, 0xd2,
    0x4a, 0x18, 0x01, 0x24, 0xc3, 0x40, 0x24, 0xe3, 0x20, 0x3c, 0x07, 0x00, 0x03, 0x44, 0x67, 0x5a,
    0x02, 0x3c, 0x0e, 0x40, 0x03, 0x22, 0x67, 0x20, 0xca, 0x3c, 0x0d, 0x10, 0x3b, 0x00, 0x10, 0x67,
    0x00, 0xc2, 0x3c, 0x0c, 0x04, 0x3a, 0xe0, 0x08, 0x66, 0xe0, 0xba, 0x3c, 0x0b, 0x40, 0x38, 0x80,
    0x04, 0x64, 0x80, 0x22, 0x3c, 0x0a, 0x10, 0x38, 0xa0, 0x02, 0x64, 0xa0, 0x2a, 0x3c, 0x09, 0x04,
    0x30, 0xe0, 0x01, 0x64, 0xe0, 0x3a, 0x3e, 0x06, 0x34, 0x00, 0xdf, 0x6c, 0xc6, 0xf9, 0x63, 0x5a,
    0x31, 0x63, 0x39, 0xd1, 0x63, 0x18, 0xc9, 0x62, 0xf7, 0xc1, 0x60, 0x84, 0xb9, 0x60, 0xa5, 0x21,
    0x60, 0xe7, 0x29, 0x3e, 0x07, 0x38, 0x80, 0xe0, 0x54, 0x8a, 0x18, 0x01, 0x00, 0x60, 0x47, 0xb6,
    0x00, 0x38, 0xe0, 0x08, 0x80, 0xe0, 0x08, 0x8a, 0x18, 0x01, 0x00, 0x60, 0x47, 0xb6, 0x00, 0x38,
    0xe0, 0x70, 0x80, 0xe0, 0x08, 0x8a, 0x18, 0x01, 0x28, 0xe3, 0x98, 0x3e, 0x07, 0x30, 0x80, 0xc0,
    0xe8, 0x8a, 0x18, 0x01, 0x6c, 0xe7, 0x11, 0x80, 0xe0, 0x18, 0x8a, 0x18, 0x01, 0x80, 0x00, 0x98,
    0x8a, 0x18, 0x01, 0x25, 0x03, 0x38, 0xd0, 0x40, 0x8a, 0xdb, 0x00, 0xef, 0x80, 0xe0, 0x00, 0x8a,
    0x18, 0x01, 0x46, 0x8d, 0xbf, 0x38, 0xe0, 0xf0, 0x80, 0xe0, 0x08, 0x8a, 0x18, 0x01, 0x46, 0x69,
    0xbf, 0x24, 0xc3, 0xc8, 0x30, 0xe6, 0x90, 0x3e, 0x07, 0x38, 0x80, 0xe0, 0x24, 0x8a, 0x18, 0x01,
    0x24, 0xc3, 0xe8, 0x30, 0xe6, 0x90, 0x3e, 0x07, 0x38, 0x80, 0xe0, 0xa4, 0x8a, 0x18, 0x01, 0x00,
    0xef, 0x80, 0xe0, 0x92, 0x4a, 0x18, 0x01, 0x80, 0xe0, 0x52, 0x4a, 0x18, 0x01, 0x80, 0xe0, 0xd2,
    0x4a, 0x18, 0x01, 0x38, 0xa0, 0x7e, 0x80, 0xa0, 0x00, 0xa2, 0x18, 0x01, 0x83, 0x60, 0x80, 0xa2,
    0x18, 0x01, 0x6c, 0xf7, 0x41, 0x00, 0xff, 0x3e, 0x07, 0x30, 0x80, 0xc0, 0xc0, 0xa2, 0x18, 0x01,
    0x6c, 0xe7, 0x12, 0x3e, 0x07, 0x38, 0x80, 0xe0, 0x20, 0xa2, 0x18, 0x01, 0x30, 0xd8, 0xff, 0x3e,
    0x06, 0x38, 0x80, 0xe0, 0xa0, 0xa2, 0x18, 0x01, 0x84, 0xe0, 0xba, 0xf0, 0xa8, 0x00, 0xd0, 0x20,
    0x7d, 0xd0, 0x6c, 0xe6, 0x12, 0x3e, 0x07, 0x38, 0x80, 0xe0, 0x60, 0xa2, 0x18, 0x01, 0x80, 0xa0,
    0x00, 0x62, 0x18, 0x01, 0x83, 0x80, 0x80, 0x62, 0x18, 0x01, 0x6c, 0xfd, 0x41, 0x00, 0xff, 0x3e,
    0x07, 0x30, 0x80, 0xc0, 0xc0, 0x62, 0x18, 0x01, 0x6c, 0xe7, 0x12, 0x3e, 0x07, 0x38, 0x80, 0xe0,
    0x20, 0x62, 0x18, 0x01, 0x30, 0xfe, 0xff, 0x3e, 0x07, 0x30, 0x80, 0xc0, 0xa0, 0x62, 0x18, 0x01,
    0x6c, 0xe7, 0x12, 0x3e, 0x07, 0x38, 0x80, 0xe0, 0x60, 0x62, 0x18, 0x01, 0x0f, 0x85, 0xd3, 0x8a,
    0x4f, 0x27, 0x00, 0xc8, 0x80, 0xc0, 0x94, 0x8a, 0x18, 0x01, 0x64, 0xe4, 0x2d, 0x3e, 0x07, 0x38,
    0x80, 0xe0, 0x14, 0x8a, 0x18, 0x01, 0x80, 0xc0, 0xd0, 0x2c, 0x18, 0x01, 0x80, 0xe0, 0x30, 0x2c,
    0x18, 0x01, 0x0f, 0x51, 0xd8, 0xa0, 0x8e, 0x40, 0xd2, 0xca, 0x48, 0x07, 0x00, 0xe8, 0x80, 0xe0,
    0x14, 0x8a, 0x18, 0x01, 0x80, 0xe0, 0x94, 0x8a, 0x18, 0x01, 0x80, 0xe0, 0xd0, 0x2c, 0x18, 0x01,
    0x80, 0xe0, 0x30, 0x2c, 0x18, 0x01, 0x0f, 0x81, 0xd8, 0x80, 0x8e, 0x40, 0x46, 0x3d, 0xbf, 0x38,
    0xa5, 0x06, 0x46, 0xae, 0xbf, 0xd8, 0xa0, 0x77, 0x40, 0x46, 0x33, 0xbf, 0xd8, 0x80, 0x77, 0x40,
    0x46, 0x15, 0xbf, 0x38, 0xa5, 0x0e, 0x46, 0x86, 0xbf, 0x6c, 0xe6, 0x12, 0x98, 0xe7, 0x03, 0xff,
    0xff, 0xff, 0x3e, 0x07, 0x38, 0x80, 0xe0, 0x60, 0xa2, 0x18, 0x01, 0x80, 0xa0, 0x00, 0x62, 0x18,
    0x01, 0x83, 0x80, 0x80, 0x62, 0x18, 0x01, 0x6c, 0xfd, 0x41, 0x00, 0xff, 0x3e, 0x07, 0x30, 0x80,
    0xc0, 0xc0, 0x62, 0x18, 0x01, 0x6c, 0xe7, 0x12, 0x3e, 0x07, 0x38, 0x80, 0xe0, 0x20, 0x62, 0x18,
    0x01, 0x30, 0xfe, 0xff, 0x3e, 0x07, 0x30, 0x80, 0xc0, 0xa0, 0x62, 0x18, 0x01, 0x6c, 0xe7, 0x12,
    0x98, 0xe7, 0x03, 0xff, 0xff, 0xff, 0x3e, 0x07, 0x38, 0x80, 0xe0, 0x60, 0x62, 0x18, 0x01, 0x46,
    0x23, 0xbf, 0x84, 0xe0, 0xff, 0x8a, 0x18, 0x01, 0x34, 0xe7, 0x80, 0x40, 0x07, 0xb0, 0x00, 0x9f,
    0x43, 0x04, 0x4f, 0x00, 0x6f, 0x47, 0xd2, 0x48, 0x80, 0x00, 0xff, 0x8a, 0x18, 0x01, 0x80, 0x00,
    0x0c, 0x8a, 0x18, 0x01, 0x2c, 0xe3, 0x40, 0x9d, 0x87, 0x00, 0x08, 0x18, 0x01, 0x38, 0xc0, 0x4e,
    0x38, 0xe0, 0x8e, 0x64, 0xe7, 0x32, 0x80, 0xe0, 0x8c, 0x8a, 0x18, 0x01, 0x2c, 0xe3, 0x5e, 0x3e,
    0x07, 0x38, 0x80, 0xe0, 0x4c, 0x8a, 0x18, 0x01, 0x2c, 0xe3, 0x5e, 0x6c, 0xe7, 0x11, 0x3e, 0x07,
    0x38, 0x80, 0xe0, 0xcc, 0x8a, 0x18, 0x01, 0x2c, 0xe3, 0x7e, 0x3e, 0x07, 0x38, 0x80, 0xe0, 0x2c,
    0x8a, 0x18, 0x01, 0x2c, 0xe3, 0x7e, 0x6c, 0xe7, 0x11, 0x3e, 0x07, 0x38, 0x80, 0xe0, 0xac, 0x8a,
    0x18, 0x01, 0x2c, 0xe3, 0x4b, 0x3e, 0x07, 0x38, 0x80, 0xe0, 0x6c, 0x8a, 0x18, 0x01, 0x2c, 0xe3,
    0x4b, 0x6c, 0xe7, 0x11, 0x3e, 0x07, 0x38, 0x80, 0xe0, 0xec, 0x8a, 0x18, 0x01, 0x2c, 0xe3, 0x6b,
    0x3e, 0x07, 0x38, 0x80, 0xe0, 0x1c, 0x8a, 0x18, 0x01, 0x2c, 0xe3, 0x6b, 0x6c, 0xe7, 0x11, 0x3e,
    0x07, 0x38, 0x80, 0xe0, 0x9c, 0x8a, 0x18, 0x01, 0x2c, 0xe3, 0x5b, 0x3e, 0x07, 0x38, 0x80, 0xe0,
    0x5c, 0x8a, 0x18, 0x01, 0x2c, 0xe3, 0x5b, 0x6c, 0xe7, 0x11, 0x3e, 0x07, 0x38, 0x80, 0xe0, 0xdc,
    0x8a, 0x18, 0x01, 0x38, 0xe0, 0x10, 0x80, 0xe0, 0x0c, 0x8a, 0x18, 0x01, 0x00, 0xe8, 0x80, 0xe0,
    0xff, 0x8a, 0x18, 0x01, 0x84, 0xe0, 0xff, 0x8a, 0x18, 0x01, 0x34, 0xe7, 0x80, 0x40, 0x07, 0xb0,
    0x00, 0x9f, 0x43, 0x04, 0x4f, 0x00, 0x67, 0x47, 0xd2, 0x48, 0x80, 0x00, 0xff, 0x8a, 0x18, 0x01,
    0x00, 0x60, 0x47, 0xd2, 0x48, 0x47, 0xa4, 0x00, 0x05, 0x43, 0x07, 0x44, 0x07, 0x65, 0x07, 0x86,
    0x80, 0xe0, 0x80, 0xa2, 0x18, 0x01, 0x81, 0x00, 0x80, 0x62, 0x18, 0x01, 0x37, 0x27, 0xc0, 0x3c,
    0x19, 0x40, 0x00, 0xce, 0x03, 0x0c, 0x67, 0x18, 0x32, 0x35, 0x27, 0x30, 0x3c, 0x09, 0x10, 0x3a,
    0xe0, 0x10, 0x66, 0xe0, 0xba, 0x34, 0x67, 0x0c, 0x3c, 0x03, 0x04, 0x38, 0x80, 0x08, 0x64, 0x80,
    0x22, 0x37, 0xc8, 0xc0, 0x3c, 0x1e, 0x40, 0x38, 0xa0, 0x04, 0x64, 0xa0, 0x2a, 0x37, 0xa8, 0x30,
    0x3c, 0x1d, 0x10, 0x38, 0xc0, 0x02, 0x64, 0xc0, 0x32, 0x35, 0x08, 0x0c, 0x3c, 0x08, 0x04, 0x30,
    0xe0, 0x01, 0x64, 0xe0, 0x3a, 0x62, 0xf7, 0xc1, 0x60, 0x84, 0xb9, 0x60, 0xa5, 0x21, 0x60, 0xc6,
    0x29, 0x60, 0xe7, 0x31, 0x3e, 0x07, 0x38, 0x80, 0xe0, 0x80, 0x8a, 0x18, 0x01, 0x84, 0xe0, 0x50,
    0x8a, 0x18, 0x01, 0x34, 0xc7, 0x10, 0xd0, 0x21, 0xb1, 0xd0, 0xd0, 0x31, 0xb1, 0x50, 0x38, 0xe6,
    0xa0, 0x3c, 0x1b, 0x20, 0x64, 0xc7, 0x32, 0xd0, 0x21, 0xc4, 0x50, 0xd0, 0x31, 0xcd, 0x50, 0x38,
    0xe6, 0x0a, 0x3c, 0x1c, 0x20, 0x64, 0xc7, 0x32, 0x80, 0xc0, 0x50, 0x8a, 0x18, 0x01, 0x3c, 0x1a,
    0x00, 0x03, 0x44, 0x67, 0x5a, 0x02, 0x3c, 0x19, 0x40, 0x03, 0x22, 0x67, 0x20, 0xca, 0x3c, 0x09,
    0x10, 0x3b, 0x00, 0x10, 0x67, 0x00, 0xc2, 0x3c, 0x03, 0x04, 0x3a, 0xe0, 0x08, 0x66, 0xe0, 0xba,
    0x3c, 0x1e, 0x40, 0x38, 0x80, 0x04, 0x64, 0x80, 0x22, 0x3c, 0x1d, 0x10, 0x38, 0xa0, 0x02, 0x64,
    0xa0, 0x2a, 0x3c, 0x08, 0x04, 0x30, 0xc0, 0x01, 0x64, 0xc0, 0x32, 0x3e, 0x0a, 0x3c, 0x00, 0xff,
    0x6c, 0xe7, 0xf9, 0x63, 0x5a, 0x39, 0x63, 0x39, 0xd1, 0x63, 0x18, 0xc9, 0x62, 0xf7, 0xc1, 0x60,
    0x84, 0xb9, 0x60, 0xa5, 0x21, 0x60, 0xc6, 0x29, 0x3e, 0x06, 0x30, 0x80, 0xc0, 0x54, 0x8a, 0x18,
    0x01, 0x38, 0xe0, 0x30, 0x38, 0xc0, 0x90, 0x3c, 0x3b, 0x00, 0x64, 0xa7, 0x32, 0x3c, 0x3c, 0x00,
    0x64, 0xe7, 0x32, 0x80, 0xa0, 0x24, 0x8a, 0x18, 0x01, 0x80, 0xe0, 0xa4, 0x8a, 0x18, 0x01, 0x47,
    0xb4, 0x00, 0x38, 0xc6, 0xe0, 0xd0, 0x61, 0xc6, 0x6f, 0x38, 0xc6, 0x06, 0x0c, 0xdb, 0x38, 0xe6,
    0x60, 0x3e, 0x07, 0x30, 0x0f, 0x2b, 0x38, 0xc6, 0x0e, 0x0f, 0xeb, 0x2c, 0xe3, 0x40, 0x98, 0xc0,
    0x01, 0xb1, 0xda, 0x00, 0xd2, 0x8e, 0x68, 0xd0, 0x98, 0xc0, 0x00, 0xd8, 0xed, 0x00, 0xd2, 0x8e,
    0x61, 0xa0, 0x00, 0xea, 0x80, 0xe0, 0x78, 0x44, 0x18, 0x01, 0x80, 0xe0, 0xf8, 0x44, 0x18, 0x01,
    0x30, 0xe0, 0x0f, 0x80, 0xe0, 0xc6, 0x44, 0x18, 0x01, 0x24, 0xe3, 0x60, 0x40, 0x87, 0x1a, 0x38,
    0xe0, 0x04, 0x80, 0xe0, 0x00, 0x86, 0x18, 0x01, 0x24, 0xc3, 0xe0, 0x40, 0x86, 0xaa, 0x38, 0xe0,
    0x04, 0x80, 0xe0, 0x00, 0xc4, 0x18, 0x01, 0x24, 0xe3, 0x20, 0x40, 0x07, 0x4a, 0x80, 0x00, 0x48,
    0x86, 0x18, 0x01, 0x24, 0x63, 0xa0, 0x41, 0x03, 0x2a, 0x00, 0xec, 0x80, 0xe0, 0x48, 0xc4, 0x18,
    0x01, 0x00, 0x60, 0x47, 0xd2, 0x48, 0x38, 0xe0, 0x50, 0x80, 0xe0, 0x78, 0x44, 0x18, 0x01, 0x80,
    0xe0, 0xf8, 0x44, 0x18, 0x01, 0x30, 0xe0, 0x0f, 0x80, 0xe0, 0xc6, 0x44, 0x18, 0x01, 0x24, 0xe3,
    0x60, 0x41, 0x87, 0x75, 0x80, 0x00, 0x00, 0x86, 0x18, 0x01, 0x24, 0xc3, 0xe0, 0x41, 0x86, 0x8d,
    0x80, 0x00, 0x00, 0xc4, 0x18, 0x01, 0x24, 0xe3, 0x20, 0x41, 0x07, 0x2d, 0x00, 0xec, 0x80, 0xe0,
    0x48, 0x86, 0x18, 0x01, 0x24, 0x63, 0xa0, 0x40, 0x03, 0x4d, 0x80, 0x00, 0x48, 0xc4, 0x18, 0x01,
    0x00, 0x60, 0x47, 0xd2, 0x48, 0x38, 0xe0, 0x28, 0x80, 0xe0, 0x78, 0x44, 0x18, 0x01, 0x80, 0xe0,
    0xf8, 0x44, 0x18, 0x01, 0x0c, 0xeb, 0x00, 0x31, 0x8c, 0xe0, 0x61, 0xf0, 0xa8, 0x00, 0xc4, 0xe7,
    0x4a, 0x80, 0x41, 0x07, 0x08, 0x8c, 0xe0, 0x51, 0xf0, 0xa8, 0x00, 0xc4, 0xe7, 0x4a, 0x80, 0x40,
    0x07, 0x9c, 0x84, 0xe0, 0x80, 0x44, 0x18, 0x01, 0x34, 0xe7, 0x3f, 0x80, 0xe0, 0x80, 0x44, 0x18,
    0x01, 0x2c, 0x01, 0x20, 0x2c, 0xe1, 0x60, 0xd8, 0xc0, 0xf8, 0x72, 0xd3, 0x4e, 0x6e, 0x80, 0x2c,
    0xe1, 0x60, 0x00, 0xf8, 0x2c, 0xe1, 0x20, 0x2c, 0xe1, 0x60, 0xd8, 0xc0, 0xf8, 0x72, 0xd3, 0x0c,
    0x78, 0xff, 0x30, 0x21, 0x10, 0x47, 0xd2, 0x48, 0x84, 0xe0, 0x80, 0x44, 0x18, 0x01, 0x3e, 0x07,
    0x38, 0x38, 0xe7, 0xc0, 0x80, 0xe0, 0x80, 0x44, 0x18, 0x01, 0x2c, 0x01, 0x20, 0x2c, 0xe1, 0x60,
    0xd8, 0xc0, 0xf8, 0x72, 0xd3, 0x4e, 0x67, 0xbf, 0x2c, 0xe1, 0x60, 0x00, 0xf8, 0x2c, 0xe1, 0x20,
    0x2c, 0xe1, 0x60, 0xd8, 0xc0, 0xf8, 0x72, 0xd3, 0x0c, 0x78, 0xff, 0x30, 0x21, 0x10, 0x47, 0xd2,
    0x48, 0x00, 0x31, 0x8c, 0xe0, 0x61, 0xf0, 0xa8, 0x00, 0xc4, 0xe7, 0x4a, 0x80, 0x41, 0x07, 0x08,
    0x8c, 0xe0, 0x51, 0xf0, 0xa8, 0x00, 0xc4, 0xe7, 0x4a, 0x80, 0x40, 0x07, 0x3c, 0x84, 0xe0, 0x80,
    0x44, 0x18, 0x01, 0x3e, 0x07, 0x38, 0x38, 0xe7, 0xc0, 0x80, 0xe0, 0x80, 0x44, 0x18, 0x01, 0x2c,
    0x01, 0x20, 0x2c, 0xe1, 0x60, 0xd8, 0xc0, 0xf8, 0x72, 0xd3, 0x4e, 0x6e, 0x80, 0x2c, 0xe1, 0x60,
    0x00, 0xf8, 0x2c, 0xe1, 0x20, 0x2c, 0xe1, 0x60, 0xd8, 0xc0, 0xf8, 0x72, 0xd3, 0x0c, 0x78, 0xff,
    0x30, 0x21, 0x10, 0x47, 0xd2, 0x48, 0x84, 0xe0, 0x80, 0x44, 0x18, 0x01, 0x34, 0xe7, 0x3f, 0x80,
    0xe0, 0x80, 0x44, 0x18, 0x01, 0x2c, 0x01, 0x20, 0x2c, 0xe1, 0x60, 0xd8, 0xc0, 0xf8, 0x72, 0xd3,
    0x4e, 0x68, 0x7f, 0x2c, 0xe1, 0x60, 0x00, 0xf8, 0x2c, 0xe1, 0x20, 0x2c, 0xe1, 0x60, 0xd8, 0xc0,
    0xf8, 0x72, 0xd3, 0x0c, 0x78, 0xff, 0x30, 0x21, 0x10, 0x47, 0xd2, 0x48, 0x2c, 0x63, 0x7c, 0x47,
    0xd2, 0x48, 0x07, 0x47, 0x2f, 0x03, 0x44, 0x2c, 0xf8, 0x60, 0x2c, 0xe6, 0x00, 0x2c, 0x1a, 0x00,
    0x8c, 0xc0, 0x42, 0xf0, 0xa8, 0x00, 0x2c, 0xc4, 0x00, 0x8c, 0xe0, 0x64, 0x00, 0x20, 0x03, 0x6c,
    0xe7, 0x09, 0x94, 0xe7, 0xff, 0xfc, 0x00, 0x00, 0x2c, 0xe5, 0x00, 0x63, 0x27, 0x34, 0x30, 0xe7,
    0xf0, 0x94, 0xe7, 0x0f, 0xff, 0xff, 0xff, 0x62, 0xe7, 0x34, 0x8e, 0xe0, 0x02, 0xf0, 0xa8, 0x00,
    0x2c, 0xd8, 0x50, 0xd3, 0xcd, 0x96, 0x80, 0x60, 0xd9, 0x35, 0x2c, 0xda, 0x00, 0x2c, 0xe5, 0x40,
    0x60, 0xe7, 0x35, 0x2c, 0xe5, 0x00, 0x2c, 0xd8, 0x50, 0xd3, 0xcd, 0x7b, 0x00, 0x60, 0xf7, 0x35,
    0x8c, 0xe0, 0x02, 0xf0, 0xa8, 0x00, 0x2c, 0xe4, 0x40, 0x2c, 0xd8, 0x60, 0x08, 0xe6, 0x2c, 0xe4,
    0x00, 0x47, 0xd2, 0x48, 0x8c, 0x00, 0x02, 0xf0, 0xa8, 0x00, 0x47, 0xd2, 0x48, 0x46, 0x9f, 0xb0,
    0x47, 0xa4, 0x00, 0x05, 0x43, 0x8c, 0x00, 0x02, 0xf0, 0xa8, 0x00, 0x38, 0x60, 0x42, 0x4b, 0x58,
    0x90, 0x84, 0xe0, 0x50, 0x44, 0x18, 0x01, 0x34, 0xe7, 0xf7, 0x80, 0xe0, 0x50, 0x44, 0x18, 0x01,
    0x84, 0xe0, 0x30, 0x44, 0x18, 0x01, 0x34, 0xe7, 0x1f, 0x80, 0xe0, 0x30, 0x44, 0x18, 0x01, 0x84,
    0xe0, 0x70, 0x44, 0x18, 0x01, 0x34, 0xe7, 0xf8, 0x80, 0xe0, 0x70, 0x44, 0x18, 0x01, 0x84, 0xe0,
    0x08, 0x44, 0x18, 0x01, 0x34, 0xe7, 0xde, 0x80, 0xe0, 0x08, 0x44, 0x18, 0x01, 0x4a, 0x8a, 0xc0,
    0x8c, 0xa0, 0x61, 0x00, 0x80, 0x03, 0x2c, 0xea, 0x44, 0x24, 0xe7, 0x70, 0x00, 0xff, 0x00, 0xc8,
    0x60, 0xc6, 0x3e, 0x30, 0xe6, 0xff, 0x60, 0xe7, 0x28, 0x6c, 0xc6, 0x08, 0x60, 0xe7, 0x31, 0x8c,
    0xe0, 0x14, 0x00, 0x20, 0x03, 0x8c, 0xe0, 0x40, 0x00, 0x20, 0x03, 0x98, 0xe7, 0x00, 0x00, 0x00,
    0x80, 0x8c, 0xe0, 0x00, 0x00, 0x20, 0x03, 0x8c, 0x00, 0x02, 0xf0, 0xa8, 0x00, 0x47, 0xb4, 0x00,
    0x47, 0xac, 0x80, 0x05, 0x63, 0x05, 0x44, 0x98, 0x60, 0x3e, 0xb1, 0x28, 0x00, 0x00, 0x88, 0x04,
    0xaa, 0x00, 0xc0, 0x4b, 0x53, 0x1f, 0x2d, 0x4b, 0x3c, 0x47, 0xbc, 0x80, 0x46, 0xfe, 0x70, 0x8c,
    0x00, 0x22, 0xf0, 0xa8, 0x00, 0x8c, 0x00, 0x2a, 0xf0, 0xa8, 0x00, 0x80, 0x00, 0x12, 0xf0, 0xa8,
    0x00, 0x80, 0x00, 0x92, 0xf0, 0xa8, 0x00, 0x80, 0x00, 0x52, 0xf0, 0xa8, 0x00, 0x80, 0x00, 0x1a,
    0xf0, 0xa8, 0x00, 0x8c, 0x00, 0x32, 0xf0, 0xa8, 0x00, 0x8c, 0x00, 0x0a, 0xf0, 0xa8, 0x00, 0xd8,
    0xe0, 0x00, 0x03, 0x88, 0xe0, 0x3c, 0xff, 0x28, 0x00, 0x8c, 0xe0, 0x71, 0xf0, 0xa8, 0x00, 0x24,
    0xa7, 0x10, 0x40, 0x05, 0x44, 0x2c, 0xe7, 0x60, 0x00, 0xc0, 0x00, 0x88, 0x20, 0x07, 0x62, 0x20,
    0x07, 0x2c, 0x20, 0x07, 0xac, 0x20, 0x87, 0x00, 0x20, 0x07, 0x80, 0x00, 0xd8, 0x30, 0xe7, 0x12,
    0xd3, 0x4a, 0x63, 0x7f, 0x47, 0xd2, 0x48, 0x47, 0xa4, 0x00, 0x05, 0x43, 0x2c, 0xe3, 0x7c, 0x40,
    0x07, 0x60, 0x47, 0xd1, 0x38, 0x20, 0x0a, 0xa2, 0x20, 0x0a, 0x62, 0x47, 0xb4, 0x00, 0x47, 0xa4,
    0x00, 0x05, 0x45, 0x98, 0x60, 0x4b, 0x9b, 0x28, 0x00, 0x49, 0x5c, 0xef, 0x00, 0xea, 0x20, 0xea,
    0x62, 0x80, 0x00, 0x12, 0xf0, 0xa8, 0x00, 0x80, 0x00, 0x92, 0xf0, 0xa8, 0x00, 0x80, 0x00, 0x52,
    0xf0, 0xa8, 0x00, 0x8c, 0x00, 0x32, 0xf0, 0xa8, 0x00, 0x8c, 0x00, 0x0a, 0xf0, 0xa8, 0x00, 0x2c,
    0xea, 0x44, 0x2c, 0xc7, 0x68, 0x84, 0xe0, 0xbc, 0xff, 0x28, 0x00, 0x20, 0xe6, 0x50, 0x2c, 0xea,
    0x44, 0x2c, 0xc7, 0x68, 0x88, 0xe0, 0xbc, 0xff, 0x28, 0x00, 0x6c, 0xe7, 0x11, 0x20, 0xe6, 0xd0,
    0x2c, 0xea, 0x44, 0x2c, 0xc7, 0x68, 0x00, 0xe8, 0x20, 0xe6, 0x0c, 0x8c, 0x00, 0x2a, 0xf0, 0xa8,
    0x00, 0x2c, 0xca, 0x44, 0x24, 0xa6, 0x40, 0x40, 0xc5, 0xf0, 0x80, 0x00, 0x52, 0xf0, 0xa8, 0x00,
    0x80, 0x00, 0x92, 0xf0, 0xa8, 0x00, 0x24, 0x86, 0xf0, 0x40, 0x44, 0x1a, 0x80, 0x00, 0x1a, 0xf0,
    0xa8, 0x00, 0x2c, 0xc6, 0x68, 0x30, 0xe6, 0x4c, 0x8c, 0xe0, 0x22, 0xf0, 0xa8, 0x00, 0x40, 0xc5,
    0xd8, 0x38, 0xe0, 0x42, 0x20, 0xe6, 0x20, 0x2c, 0xea, 0x44, 0x2c, 0xc7, 0x68, 0x24, 0xe6, 0x80,
    0x3e, 0x07, 0x38, 0x38, 0xe7, 0x02, 0x20, 0xe6, 0x80, 0x2c, 0xea, 0x42, 0x04, 0x6a, 0x47, 0xd1,
    0x38, 0x24, 0x8a, 0x62, 0x40, 0xa4, 0x30, 0x98, 0x60, 0x3b, 0x9b, 0x28, 0x00, 0x49, 0xb0, 0xef,
    0x00, 0xec, 0x20, 0xea, 0x62, 0x98, 0x60, 0x57, 0x9b, 0x28, 0x00, 0x47, 0xc4, 0x00, 0x46, 0xa4,
    0x3b, 0x24, 0xe6, 0xc0, 0x38, 0x80, 0x90, 0xd3, 0x08, 0x7a, 0x5f, 0x00, 0xe8, 0x80, 0xe0, 0x1a,
    0xf0, 0xa8, 0x00, 0x0f, 0xe7, 0x47, 0xa5, 0x40, 0x05, 0x43, 0x05, 0x84, 0x05, 0xe5, 0x06, 0x46,
    0x05, 0xc7, 0x24, 0xe3, 0x62, 0x00, 0xf7, 0x3e, 0x07, 0x38, 0xd1, 0xd0, 0x7a, 0xac, 0x2c, 0x83,
    0x44, 0x2a, 0x24, 0x88, 0x2c, 0xc4, 0x68, 0x24, 0xe6, 0x08, 0x3e, 0x07, 0x18, 0x24, 0xe6, 0x88,
    0x3e, 0x07, 0x28, 0x24, 0xe6, 0x48, 0x3e, 0x07, 0xb8, 0x24, 0xc4, 0x40, 0xd0, 0x30, 0x64, 0x2c,
    0x6c, 0xe5, 0x10, 0x61, 0x67, 0x19, 0xd0, 0x08, 0x67, 0x82, 0x2d, 0x6f, 0x00, 0x2c, 0x0e, 0x00,
    0x24, 0xe4, 0x40, 0xd0, 0x30, 0x7e, 0x2c, 0xd0, 0x08, 0x7a, 0xfc, 0x2c, 0xe4, 0x68, 0x24, 0xc7,
    0xa0, 0x3e, 0x06, 0x30, 0x24, 0xe7, 0x60, 0x34, 0xe7, 0xfe, 0x6c, 0xe7, 0x10, 0x62, 0x07, 0x31,
    0x35, 0xb7, 0x20, 0x40, 0x0d, 0x18, 0x8c, 0xe0, 0x41, 0xf0, 0xa8, 0x00, 0x40, 0x07, 0xf0, 0x47,
    0xd1, 0x38, 0x8c, 0x00, 0x01, 0xf0, 0xa8, 0x00, 0x2c, 0x8a, 0x44, 0x8c, 0xe0, 0x6a, 0xf0, 0xa8,
    0x00, 0x2c, 0xec, 0x00, 0x2c, 0xe4, 0x68, 0x24, 0xe7, 0xc8, 0x34, 0xe7, 0x80, 0xd0, 0x40, 0x7e,
    0x6c, 0x84, 0xc0, 0x12, 0xf0, 0xa8, 0x00, 0xd0, 0x00, 0x6d, 0x10, 0x84, 0xe0, 0x1a, 0xf0, 0xa8,
    0x00, 0x40, 0x07, 0xf6, 0x2c, 0xea, 0x44, 0x2c, 0xe7, 0x68, 0x20, 0x07, 0x4c, 0x2c, 0xea, 0x44,
    0x2c, 0xe7, 0x68, 0x20, 0x07, 0xcc, 0x2c, 0xea, 0x44, 0x2c, 0xe7, 0x68, 0x20, 0x07, 0x2c, 0x2c,
    0xea, 0x44, 0x2c, 0xe7, 0x68, 0x20, 0x07, 0xac, 0x2c, 0xea, 0x44, 0x2c, 0xe7, 0x68, 0x20, 0x07,
    0x44, 0x2c, 0xea, 0x44, 0x2c, 0xe7, 0x68, 0x20, 0x07, 0xc4, 0x2c, 0xea, 0x44, 0x2c, 0xe7, 0x68,
    0x20, 0x07, 0x24, 0x2c, 0xea, 0x44, 0x2c, 0xe7, 0x68, 0x20, 0x07, 0xa4, 0x2c, 0xea, 0x44, 0x2c,
    0xe7, 0x68, 0x20, 0x07, 0x64, 0x2c, 0xea, 0x44, 0x2c, 0xe7, 0x68, 0x20, 0x07, 0xe4, 0x2c, 0xea,
    0x44, 0x2c, 0xe7, 0x68, 0x20, 0x07, 0x14, 0x2c, 0xea, 0x44, 0x2c, 0xe7, 0x68, 0x20, 0x07, 0x94,
    0x80, 0x00, 0x12, 0xf0, 0xa8, 0x00, 0x8c, 0xe0, 0x7e, 0xf0, 0xa8, 0x00, 0x40, 0x07, 0x60, 0x47,
    0xd1, 0x38, 0x2c, 0x8a, 0x44, 0x24, 0xc4, 0x18, 0xd0, 0x40, 0x6a, 0x04, 0x88, 0xe0, 0xbc, 0xff,
    0x28, 0x00, 0xd3, 0x8e, 0xbd, 0x04, 0x30, 0xc7, 0x2f, 0x2c, 0xcf, 0x00, 0x60, 0xa6, 0x84, 0x8c,
    0xe0, 0x6a, 0xf0, 0xa8, 0x00, 0x30, 0xe7, 0x30, 0x08, 0xc7, 0x8c, 0xc0, 0x2a, 0xf0, 0xa8, 0x00,
    0x2c, 0xe4, 0x50, 0xd3, 0xce, 0x63, 0x80, 0x60, 0xc6, 0x3d, 0x8c, 0xc0, 0x2a, 0xf0, 0xa8, 0x00,
    0x2c, 0xce, 0x00, 0x2c, 0xef, 0x40, 0x60, 0xe7, 0x35, 0x2c, 0xef, 0x00, 0x2c, 0xe4, 0x50, 0x02,
    0xe0, 0xd3, 0xce, 0x59, 0x00, 0x60, 0xa5, 0x3d, 0x02, 0xe8, 0x24, 0xe4, 0x40, 0xd0, 0x30, 0x7c,
    0x74, 0xd0, 0x08, 0x7e, 0xcc, 0x2c, 0xc4, 0x68, 0x3e, 0x05, 0x38, 0x20, 0xe6, 0xa0, 0x2c, 0xea,
    0x44, 0x2c, 0x87, 0x68, 0x24, 0xe4, 0x60, 0x34, 0xc7, 0x01, 0x40, 0x17, 0x30, 0x3c, 0x26, 0x00,
    0x38, 0xe0, 0x01, 0x64, 0xc0, 0x3a, 0x6c, 0xe5, 0x11, 0x34, 0xe7, 0xfe, 0x60, 0xe6, 0x39, 0x20,
    0xe4, 0x60, 0x2c, 0xea, 0x44, 0x2c, 0xc7, 0x68, 0x24, 0xe6, 0x90, 0x3e, 0x07, 0x38, 0x38, 0xe7,
    0x80, 0x20, 0xe6, 0x90, 0x2c, 0x01, 0x20, 0x2c, 0xe1, 0x60, 0x43, 0xc7, 0x88, 0x2c, 0xe1, 0x60,
    0x00, 0xf8, 0x2c, 0xe1, 0x20, 0x2c, 0xe1, 0x60, 0x44, 0xc7, 0xaf, 0x2c, 0xea, 0x44, 0x2c, 0xc7,
    0x68, 0x24, 0xe6, 0x90, 0x34, 0xe7, 0x7f, 0x20, 0xe6, 0x90, 0x2c, 0xac, 0x40, 0x34, 0xe5, 0xe0,
    0x40, 0x07, 0x30, 0x94, 0xa5, 0x1f, 0xff, 0xff, 0xff, 0x2c, 0xac, 0x00, 0x2c, 0xca, 0x44, 0x2c,
    0xe6, 0x60, 0x08, 0xe5, 0x2c, 0xec, 0x00, 0x2c, 0xe6, 0x60, 0x2c, 0xf2, 0x00, 0x24, 0xcc, 0xc0,
    0x8c, 0xe0, 0x62, 0xf0, 0xa8, 0x00, 0x20, 0xc7, 0x00, 0x24, 0xcc, 0x40, 0x8c, 0xe0, 0x62, 0xf0,
    0xa8, 0x00, 0x20, 0xc7, 0x80, 0x24, 0xcc, 0x80, 0x8c, 0xe0, 0x62, 0xf0, 0xa8, 0x00, 0x20, 0xc7,
    0x40, 0x24, 0xcc, 0x00, 0x8c, 0xe0, 0x62, 0xf0, 0xa8, 0x00, 0x20, 0xc7, 0xc0, 0x84, 0xe0, 0x12,
    0xf0, 0xa8, 0x00, 0xd0, 0x00, 0x72, 0x38, 0x2c, 0xea, 0x50, 0x00, 0xf8, 0x2c, 0xea, 0x10, 0x8c,
    0x00, 0x2a, 0xf0, 0xa8, 0x00, 0x2c, 0xea, 0x44, 0x2c, 0xc7, 0x68, 0x8c, 0xa0, 0x62, 0xf0, 0xa8,
    0x00, 0x30, 0xe6, 0x4c, 0xd2, 0x8e, 0x59, 0x14, 0x30, 0xe6, 0x44, 0xd2, 0x8a, 0x78, 0x34, 0x00,
    0xec, 0x20, 0xe6, 0x84, 0x2c, 0xea, 0x44, 0x2c, 0xc7, 0x68, 0x24, 0xe6, 0x6c, 0x3e, 0x07, 0x38,
    0x38, 0xe7, 0x40, 0x20, 0xe6, 0x6c, 0x2c, 0x01, 0x20, 0x2c, 0xe1, 0x60, 0x43, 0xc7, 0x88, 0x2c,
    0xe1, 0x60, 0x00, 0xf8, 0x2c, 0xe1, 0x20, 0x2c, 0xe1, 0x60, 0x44, 0xc7, 0xaf, 0x2c, 0xea, 0x44,
    0x2c, 0xc7, 0x68, 0x24, 0xe6, 0x6c, 0x34, 0xe7, 0xbf, 0x20, 0xe6, 0x6c, 0x2c, 0xea, 0x44, 0x2c,
    0xc7, 0x68, 0x24, 0xe6, 0x6c, 0x3e, 0x07, 0x38, 0x38, 0xe7, 0x80, 0x20, 0xe6, 0x6c, 0x2c, 0x01,
    0x20, 0x2c, 0xe1, 0x60, 0x43, 0xc7, 0x88, 0x2c, 0xe1, 0x60, 0x00, 0xf8, 0x2c, 0xe1, 0x20, 0x2c,
    0xe1, 0x60, 0x44, 0xc7, 0xaf, 0x2c, 0xea, 0x44, 0x2c, 0xc7, 0x68, 0x24, 0xe6, 0x6c, 0x34, 0xe7,
    0x7f, 0x20, 0xe6, 0x6c, 0x2c, 0xea, 0x44, 0x2c, 0xc7, 0x68, 0x30, 0x86, 0x4c, 0x8c, 0xa0, 0x62,
    0xf0, 0xa8, 0x00, 0xd2, 0x88, 0x55, 0xd8, 0x30, 0xe6, 0x44, 0xd2, 0x8a, 0x7a, 0x70, 0x8c, 0x80,
    0x22, 0xf0, 0xa8, 0x00, 0x2c, 0xef, 0x40, 0x40, 0x07, 0x90, 0x30, 0xe7, 0x30, 0x2c, 0xef, 0x00,
    0x84, 0xc0, 0x12, 0xf0, 0xa8, 0x00, 0x41, 0x86, 0x28, 0x2c, 0xea, 0x62, 0x94, 0xe7, 0x00, 0xff,
    0xff, 0x00, 0xd8, 0xc0, 0x00, 0x40, 0xd2, 0x8e, 0x6a, 0x78, 0x47, 0xb5, 0x40, 0x94, 0xf1, 0xff,
    0xe0, 0x00, 0x00, 0x24, 0xc4, 0x98, 0x64, 0x67, 0x33, 0xd3, 0xd6, 0x3a, 0xe0, 0xd0, 0x00, 0xd9,
    0x90, 0x24, 0x84, 0x40, 0xd0, 0x30, 0x4e, 0xb8, 0x80, 0x00, 0x12, 0xf0, 0xa8, 0x00, 0x00, 0xe8,
    0x80, 0xe0, 0x92, 0xf0, 0xa8, 0x00, 0x80, 0x00, 0x52, 0xf0, 0xa8, 0x00, 0x47, 0xb5, 0x40, 0x2c,
    0x04, 0x00, 0x2c, 0x05, 0x00, 0x2c, 0x06, 0x00, 0x2c, 0x0e, 0x00, 0x47, 0xb5, 0x40, 0x6c, 0xc5,
    0x10, 0x60, 0xc6, 0x19, 0x34, 0xf7, 0xc0, 0x6c, 0xe7, 0x08, 0x61, 0x66, 0x39, 0x2d, 0x6f, 0x00,
    0x2c, 0x0e, 0x00, 0x24, 0xe4, 0x40, 0xd0, 0x70, 0x78, 0x33, 0x2c, 0xc4, 0x68, 0x24, 0xa6, 0xa0,
    0x3e, 0x05, 0x28, 0x24, 0xe6, 0x60, 0x3e, 0x07, 0x38, 0x24, 0xc6, 0xe0, 0x6c, 0xe7, 0x10, 0x60,
    0xe7, 0x29, 0x34, 0xc6, 0x80, 0x6c, 0xc6, 0x08, 0x62, 0x07, 0x31, 0x46, 0xad, 0x3f, 0x8a, 0xe0,
    0xbc, 0xff, 0x28, 0x00, 0x30, 0xb7, 0x2f, 0xd3, 0xd6, 0x51, 0x00, 0xd0, 0x40, 0xd5, 0xc8, 0x64,
    0xeb, 0x1d, 0x64, 0xe7, 0x1b, 0x30, 0xc7, 0x2f, 0x3d, 0x97, 0x38, 0x64, 0xa6, 0x2a, 0x04, 0xc5,
    0x2c, 0xaf, 0x00, 0x46, 0x96, 0xbf, 0x2c, 0x0c, 0x00, 0x2c, 0x0f, 0x00, 0x47, 0xb5, 0x40, 0x84,
    0xe0, 0x1a, 0xf0, 0xa8, 0x00, 0xd0, 0x40, 0x79, 0x8f, 0x30, 0xe6, 0x64, 0x8c, 0xe0, 0x22, 0xf0,
    0xa8, 0x00, 0x0d, 0x23, 0xd8, 0x60, 0x00, 0x14, 0x64, 0x6b, 0x1d, 0x30, 0x63, 0x86, 0x3e, 0x03,
    0x19, 0x48, 0x69, 0xe0, 0x46, 0xb1, 0x3f, 0x2c, 0xea, 0x44, 0x2c, 0xe7, 0x68, 0x20, 0x07, 0x84,
    0x2c, 0xea, 0x44, 0x2c, 0xc7, 0x68, 0x24, 0xe6, 0x6c, 0x3e, 0x07, 0x38, 0x38, 0xe7, 0x40, 0x20,
    0xe6, 0x6c, 0x2c, 0x01, 0x20, 0x2c, 0xe1, 0x60, 0xd0, 0xf0, 0x7a, 0xe7, 0x2c, 0xe1, 0x60, 0x00,
    0xf8, 0x2c, 0xe1, 0x20, 0x2c, 0xe1, 0x60, 0x44, 0xc7, 0xaf, 0x0f, 0x19, 0x2c, 0xe4, 0x68, 0x24,
    0xc7, 0xa0, 0x3e, 0x06, 0x30, 0x24, 0xe7, 0x60, 0x3e, 0x07, 0x38, 0x6c, 0xe7, 0x10, 0x62, 0x07,
    0x31, 0x46, 0xf0, 0x3f, 0x34, 0xf7, 0x80, 0x6c, 0xe7, 0x08, 0x61, 0x6b, 0x39, 0x46, 0xbb, 0xdf,
    0x2c, 0xc4, 0x68, 0x3e, 0x05, 0x38, 0x20, 0xe6, 0xa0, 0x2c, 0xea, 0x44, 0x2c, 0xc7, 0x68, 0x6c,
    0xe5, 0x11, 0x3e, 0x07, 0x38, 0x20, 0xe6, 0x60, 0x2c, 0xea, 0x44, 0x2c, 0x87, 0x68, 0x24, 0xe4,
    0xe0, 0x6c, 0xe7, 0x81, 0x34, 0xc7, 0x80, 0x40, 0x17, 0x10, 0x00, 0xe8, 0x60, 0xc6, 0x3a, 0x24,
    0xe4, 0xe0, 0x34, 0xc6, 0x80, 0x6c, 0xc6, 0x80, 0x34, 0xe7, 0x3f, 0x60, 0xc6, 0x39, 0x6c, 0xe5,
    0x09, 0x34, 0xe7, 0x80, 0x60, 0xc6, 0x39, 0x20, 0xc4, 0xe0, 0x46, 0x10, 0xbf, 0x30, 0xe6, 0x44,
    0x8c, 0xe0, 0x22, 0xf0, 0xa8, 0x00, 0x0d, 0xc9, 0x2c, 0xc4, 0x68, 0x3e, 0x05, 0x38, 0x20, 0xe6,
    0xa0, 0x2c, 0xea, 0x44, 0x2c, 0xc7, 0x68, 0x6c, 0xe5, 0x11, 0x3e, 0x07, 0x38, 0x20, 0xe6, 0x60,
    0x2c, 0xea, 0x44, 0x2c, 0xa7, 0x68, 0x24, 0xe5, 0xe0, 0x34, 0xc7, 0x80, 0x40, 0x17, 0x10, 0x00,
    0xe8, 0x60, 0xc6, 0x3a, 0x34, 0xe6, 0x80, 0x20, 0xe5, 0xe0, 0x46, 0x13, 0x3f, 0x00, 0xe8, 0x20,
    0xe6, 0x84, 0x46, 0x41, 0xbf, 0x24, 0x84, 0x40, 0xd0, 0x70, 0x40, 0xa7, 0x00, 0xe8, 0x80, 0xe0,
    0x12, 0xf0, 0xa8, 0x00, 0x2c, 0x8a, 0x44, 0x04, 0xab, 0x0e, 0x8d, 0x00, 0xe2, 0x20, 0xea, 0xa2,
    0x2c, 0xea, 0x7c, 0x04, 0x6a, 0x47, 0xd1, 0x38, 0x47, 0xb5, 0x40, 0x00, 0xe8, 0x80, 0xe0, 0x12,
    0xf0, 0xa8, 0x00, 0x2c, 0xcf, 0x40, 0x2c, 0x8a, 0x44, 0x46, 0xc8, 0x3f, 0x00, 0xe4, 0x20, 0xe6,
    0x84, 0x46, 0xc2, 0xbf, 0x47, 0xa6, 0x40, 0x05, 0x43, 0x05, 0x64, 0x05, 0x85, 0x05, 0xc6, 0x05,
    0xa7, 0x2c, 0x83, 0x44, 0x2c, 0xa4, 0x68, 0x24, 0xe5, 0xc8, 0x34, 0xe7, 0x80, 0xd0, 0x40, 0x79,
    0x24, 0x24, 0xe5, 0x08, 0x3e, 0x07, 0xb8, 0x24, 0xe5, 0x88, 0x3e, 0x07, 0x30, 0x24, 0xe5, 0x48,
    0x3e, 0x07, 0x38, 0x27, 0x04, 0x40, 0xd0, 0x09, 0x89, 0x04, 0x6c, 0xe6, 0x10, 0x63, 0x27, 0xb9,
    0x32, 0xe5, 0xa0, 0x24, 0xc5, 0xa0, 0x3e, 0x06, 0x30, 0x24, 0xe5, 0x60, 0x34, 0xe7, 0xfe, 0x6c,
    0xe7, 0x10, 0x60, 0xe7, 0x31, 0x60, 0xb9, 0x3c, 0x2c, 0xe4, 0x50, 0x00, 0x80, 0xd3, 0xce, 0x59,
    0x00, 0x60, 0xa5, 0x3d, 0x00, 0x88, 0xd0, 0x09, 0x81, 0x58, 0x3e, 0x05, 0x38, 0x20, 0xf7, 0x00,
    0x2c, 0xea, 0x44, 0x2e, 0xe7, 0x68, 0x24, 0xf7, 0x60, 0x34, 0xc7, 0x01, 0xd0, 0x40, 0x49, 0x68,
    0x6c, 0xe5, 0x11, 0x34, 0xe7, 0xfe, 0x60, 0xe6, 0x39, 0x20, 0xf7, 0x60, 0x2c, 0xea, 0x44, 0x2c,
    0xc7, 0x68, 0x24, 0xe6, 0x90, 0x3e, 0x07, 0x38, 0x38, 0xe7, 0x80, 0x20, 0xe6, 0x90, 0x2c, 0x01,
    0x20, 0x2c, 0xe1, 0x60, 0x43, 0xc7, 0x88, 0x2c, 0xe1, 0x60, 0x00, 0xf8, 0x2c, 0xe1, 0x20, 0x2c,
    0xe1, 0x60, 0x44, 0xc7, 0xaf, 0x2c, 0xea, 0x44, 0x2c, 0xc7, 0x68, 0x24, 0xe6, 0x90, 0x34, 0xe7,
    0x7f, 0x20, 0xe6, 0x90, 0x2f, 0x2c, 0x00, 0x2c, 0x0d, 0x00, 0x8c, 0xa0, 0x6a, 0xf0, 0xa8, 0x00,
    0x2c, 0xab, 0x00, 0x30, 0xc5, 0x30, 0x2c, 0xec, 0x40, 0x08, 0xc7, 0x8c, 0xc0, 0x2a, 0xf0, 0xa8,
    0x00, 0x2c, 0x8a, 0x44, 0x2c, 0xe4, 0x50, 0xd3, 0xce, 0x63, 0x80, 0x60, 0xc6, 0x3d, 0x8c, 0xc0,
    0x2a, 0xf0, 0xa8, 0x00, 0x2c, 0xcd, 0x00, 0x2c, 0xec, 0x40, 0x60, 0xe7, 0x35, 0x2c, 0xec, 0x00,
    0x2c, 0xab, 0x40, 0x34, 0xe5, 0xe0, 0x40, 0x07, 0x30, 0x94, 0xa5, 0x1f, 0xff, 0xff, 0xff, 0x2c,
    0xab, 0x00, 0x2c, 0xe4, 0x60, 0x08, 0xe5, 0x2c, 0xeb, 0x00, 0x2c, 0xe4, 0x60, 0x2c, 0xee, 0x00,
    0x8c, 0xa0, 0x62, 0xf0, 0xa8, 0x00, 0x24, 0xeb, 0xc0, 0x20, 0xe5, 0x00, 0x24, 0xeb, 0x40, 0x20,
    0xe5, 0x80, 0x24, 0xeb, 0x80, 0x20, 0xe5, 0x40, 0x24, 0xeb, 0x00, 0x20, 0xe5, 0xc0, 0x8c, 0x00,
    0x2a, 0xf0, 0xa8, 0x00, 0x2c, 0xea, 0x44, 0x2c, 0xc7, 0x68, 0x00, 0xe8, 0x20, 0xe6, 0x84, 0x2c,
    0xea, 0x44, 0x2c, 0xc7, 0x68, 0x24, 0xe6, 0x6c, 0x3e, 0x07, 0x38, 0x38, 0xe7, 0x40, 0x20, 0xe6,
    0x6c, 0x2c, 0x01, 0x20, 0x2c, 0xe1, 0x60, 0x43, 0xc7, 0x88, 0x2c, 0xe1, 0x60, 0x00, 0xf8, 0x2c,
    0xe1, 0x20, 0x2c, 0xe1, 0x60, 0x44, 0xc7, 0xaf, 0x2c, 0xea, 0x44, 0x2c, 0xc7, 0x68, 0x24, 0xe6,
    0x6c, 0x34, 0xe7, 0xbf, 0x20, 0xe6, 0x6c, 0x2c, 0xea, 0x44, 0x2c, 0xc7, 0x68, 0x24, 0xe6, 0x6c,
    0x3e, 0x07, 0x38, 0x38, 0xe7, 0x80, 0x20, 0xe6, 0x6c, 0x2c, 0x01, 0x20, 0x2c, 0xe1, 0x60, 0x43,
    0xc7, 0x88, 0x2c, 0xe1, 0x60, 0x00, 0xf8, 0x2c, 0xe1, 0x20, 0x2c, 0xe1, 0x60, 0x44, 0xc7, 0xaf,
    0x2c, 0xea, 0x44, 0x2c, 0xc7, 0x68, 0x24, 0xe6, 0x6c, 0x34, 0xe7, 0x7f, 0x20, 0xe6, 0x6c, 0x2c,
    0xea, 0x44, 0x2c, 0x67, 0x68, 0x30, 0xc3, 0x4c, 0xd2, 0x8a, 0x6b, 0x50, 0x30, 0xe3, 0x44, 0xd2,
    0x8a, 0x78, 0x40, 0x8c, 0xc0, 0x22, 0xf0, 0xa8, 0x00, 0x2c, 0xec, 0x40, 0x30, 0xe7, 0x30, 0x2c,
    0xec, 0x00, 0x47, 0xb6, 0x40, 0x3c, 0x26, 0x00, 0x38, 0xe0, 0x01, 0x64, 0xc0, 0x3a, 0x0d, 0x25,
    0x84, 0xe0, 0x1a, 0xf0, 0xa8, 0x00, 0x41, 0x07, 0xbb, 0x30, 0xe3, 0x64, 0x8c, 0xe0, 0x22, 0xf0,
    0xa8, 0x00, 0x2c, 0xec, 0x40, 0x30, 0xe7, 0x30, 0x2c, 0xec, 0x00, 0x47, 0xb6, 0x40, 0x3e, 0x05,
    0x38, 0x20, 0xf7, 0x00, 0x2c, 0xea, 0x44, 0x2c, 0xc7, 0x68, 0x6c, 0xe5, 0x11, 0x3e, 0x07, 0x38,
    0x20, 0xe6, 0x60, 0x2c, 0xea, 0x44, 0x2c, 0xa7, 0x68, 0x24, 0xe5, 0xe0, 0x34, 0xc7, 0x80, 0x40,
    0x04, 0x10, 0x00, 0xe8, 0x60, 0xc6, 0x3a, 0x34, 0xe6, 0x80, 0x20, 0xe5, 0xe0, 0x0f, 0xc9, 0x6c,
    0xc6, 0x10, 0x60, 0xc6, 0xb9, 0x34, 0xe7, 0x80, 0x6c, 0xe7, 0x08, 0x63, 0x26, 0x39, 0x32, 0xe5,
    0xa0, 0x24, 0xc5, 0xa0, 0x3e, 0x06, 0x30, 0x24, 0xe5, 0x60, 0x3e, 0x07, 0x38, 0x6c, 0xe7, 0x10,
    0x60, 0xe7, 0x31, 0x46, 0x4f, 0xbf, 0x38, 0x60, 0x36, 0x48, 0x0d, 0x60, 0x2c, 0x8a, 0x44, 0x2c,
    0xa4, 0x68, 0x46, 0xf5, 0xbf, 0x30, 0xe3, 0x44, 0x8c, 0xe0, 0x22, 0xf0, 0xa8, 0x00, 0x2c, 0xec,
    0x40, 0x30, 0xe7, 0x30, 0x2c, 0xec, 0x00, 0x47, 0xb6, 0x40, 0x47, 0xa6, 0x00, 0x05, 0x63, 0x05,
    0xa4, 0x05, 0x85, 0x05, 0xc6, 0x05, 0x47, 0x2c, 0xc3, 0x44, 0x2c, 0xe6, 0x68, 0x24, 0xe7, 0xc8,
    0x34, 0xe7, 0x80, 0x40, 0x07, 0x30, 0x38, 0x60, 0xce, 0x48, 0x05, 0x60, 0x2c, 0xcb, 0x44, 0x2c,
    0x0c, 0x00, 0x2c, 0x0a, 0x00, 0x2c, 0xe6, 0x60, 0x2c, 0xed, 0x00, 0x2c, 0xe6, 0x60, 0x2c, 0xee,
    0x00, 0x47, 0xb6, 0x00, 0x47, 0xa6, 0x00, 0x05, 0x43, 0x05, 0x64, 0x05, 0x85, 0x05, 0xa6, 0x05,
    0xc7, 0x2e, 0xe3, 0x44, 0x26, 0xf7, 0x40, 0x40, 0xd7, 0x9a, 0x86, 0xe0, 0x92, 0xf0, 0xa8, 0x00,
    0x41, 0x17, 0x18, 0x86, 0xe0, 0x52, 0xf0, 0xa8, 0x00, 0x40, 0x17, 0x60, 0x47, 0xb6, 0x00, 0x49,
    0xaf, 0xbf, 0x86, 0xe0, 0x92, 0xf0, 0xa8, 0x00, 0x41, 0x97, 0x2f, 0x84, 0xe0, 0x52, 0xf0, 0xa8,
    0x00, 0x40, 0x07, 0x88, 0x40, 0x87, 0x4c, 0x00, 0xe8, 0x80, 0xe0, 0x52, 0xf0, 0xa8, 0x00, 0x47,
    0xb6, 0x00, 0x04, 0x6a, 0x04, 0x8b, 0x04, 0xac, 0x04, 0xcd, 0x04, 0xee, 0x49, 0xdb, 0xff, 0x84,
    0xe0, 0x92, 0xf0, 0xa8, 0x00, 0x41, 0x87, 0xe3, 0x84, 0xe0, 0x52, 0xf0, 0xa8, 0x00, 0x0d, 0xaf,
    0x47, 0xc6, 0x00, 0x46, 0x49, 0xef, 0x04, 0x6a, 0x04, 0x8b, 0x04, 0xac, 0x04, 0xcd, 0x04, 0xee,
    0x48, 0x8c, 0xff, 0x80, 0x00, 0x52, 0xf0, 0xa8, 0x00, 0x80, 0x00, 0x92, 0xf0, 0xa8, 0x00, 0x47,
    0xb6, 0x00, 0x47, 0xa8, 0x80, 0x84, 0xe0, 0x3a, 0xf0, 0xa8, 0x00, 0x41, 0x07, 0x88, 0x00, 0xe8,
    0x80, 0xe0, 0x9d, 0x20, 0xa8, 0x00, 0x80, 0xe0, 0x3a, 0xf0, 0xa8, 0x00, 0x00, 0xee, 0x80, 0xe0,
    0x30, 0x44, 0x18, 0x01, 0x84, 0xe0, 0x30, 0x44, 0x18, 0x01, 0x84, 0xe0, 0x30, 0x44, 0x18, 0x01,
    0x84, 0xe0, 0x30, 0x44, 0x18, 0x01, 0x84, 0xe0, 0x30, 0x44, 0x18, 0x01, 0x80, 0x00, 0x30, 0x44,
    0x18, 0x01, 0x84, 0xe0, 0x37, 0xec, 0xa8, 0x00, 0x80, 0xe0, 0x0c, 0xff, 0x28, 0x00, 0x8c, 0xe0,
    0x6c, 0xff, 0x28, 0x00, 0x40, 0x07, 0x60, 0x47, 0xd1, 0x38, 0x8e, 0xe0, 0x5c, 0xff, 0x28, 0x00,
    0x40, 0x17, 0xdc, 0x84, 0xa0, 0xcf, 0xec, 0xa8, 0x00, 0x00, 0xc0, 0x00, 0x80, 0x64, 0xe5, 0x30,
    0x34, 0xe7, 0x80, 0x40, 0x07, 0x90, 0x30, 0xe4, 0x80, 0x3e, 0x07, 0x20, 0x00, 0xd8, 0x38, 0xe0,
    0x10, 0xd2, 0xcc, 0x73, 0x7f, 0x00, 0x60, 0x47, 0xd1, 0xb8, 0x00, 0x68, 0x88, 0x80, 0xf7, 0xec,
    0xa8, 0x00, 0x8c, 0xe0, 0x5c, 0xff, 0x28, 0x00, 0x47, 0xd1, 0x38, 0x30, 0xe0, 0xfd, 0x80, 0xe0,
    0x26, 0x44, 0x18, 0x01, 0x80, 0xe0, 0x66, 0x44, 0x18, 0x01, 0x80, 0x00, 0x56, 0x44, 0x18, 0x01,
    0x80, 0x00, 0x5a, 0x44, 0x18, 0x01, 0x00, 0xe4, 0x80, 0xe0, 0xda, 0x44, 0x18, 0x01, 0x80, 0x00,
    0x3a, 0x44, 0x18, 0x01, 0x88, 0xa0, 0xf7, 0xec, 0xa8, 0x00, 0x98, 0xe0, 0x22, 0x35, 0x00, 0x00,
    0xd2, 0x8a, 0x7a, 0x18, 0x98, 0xe0, 0x01, 0xdd, 0x00, 0x00, 0xd2, 0x8a, 0x70, 0xe8, 0x84, 0xc0,
    0x0f, 0xec, 0xa8, 0x00, 0x80, 0xc0, 0x80, 0x00, 0xc0, 0x03, 0x84, 0xe0, 0x8f, 0xec, 0xa8, 0x00,
    0x80, 0xe0, 0x40, 0x00, 0xc0, 0x03, 0x80, 0xc0, 0x80, 0x80, 0xc0, 0x03, 0x80, 0xe0, 0x40, 0x80,
    0xc0, 0x03, 0x8c, 0xe0, 0x40, 0x00, 0x20, 0x03, 0x84, 0xc0, 0xcf, 0xec, 0xa8, 0x00, 0x6c, 0xc6,
    0x10, 0x84, 0xe0, 0x2f, 0xec, 0xa8, 0x00, 0x6c, 0xe7, 0xa0, 0x60, 0xc6, 0x39, 0x84, 0xe0, 0x4f,
    0xec, 0xa8, 0x00, 0x6c, 0xe7, 0x70, 0x60, 0xc6, 0x39, 0x8c, 0xc0, 0x00, 0x00, 0x20, 0x03, 0x84,
    0xe0, 0x1f, 0xec, 0xa8, 0x00, 0x41, 0x07, 0x2a, 0x00, 0xe4, 0x80, 0xe0, 0x46, 0x44, 0x18, 0x01,
    0x30, 0xe0, 0x93, 0x80, 0xe0, 0x26, 0x44, 0x18, 0x01, 0x80, 0x00, 0x86, 0x44, 0x18, 0x01, 0x00,
    0xef, 0x80, 0xe0, 0xa6, 0x44, 0x18, 0x01, 0x80, 0xe0, 0x66, 0x44, 0x18, 0x01, 0x80, 0xe0, 0xe6,
    0x44, 0x18, 0x01, 0x80, 0xe0, 0x16, 0x44, 0x18, 0x01, 0xd8, 0xe0, 0x03, 0xba, 0xd2, 0x8a, 0x70,
    0x48, 0xd3, 0x8e, 0x5f, 0x70, 0x98, 0xe0, 0x22, 0x35, 0x00, 0x00, 0xd2, 0x8a, 0x72, 0xa8, 0x98,
    0xe0, 0x01, 0xdd, 0x00, 0x00, 0xd2, 0x8a, 0x75, 0x48, 0x84, 0xe0, 0xaf, 0xec, 0xa8, 0x00, 0x40,
    0x07, 0x1a, 0x8c, 0xe0, 0x40, 0x00, 0x20, 0x03, 0x38, 0xe7, 0x08, 0x8c, 0xe0, 0x00, 0x00, 0x20,
    0x03, 0x84, 0xe0, 0x6f, 0xec, 0xa8, 0x00, 0x40, 0x07, 0xda, 0x8c, 0xe0, 0x40, 0x00, 0x20, 0x03,
    0x38, 0xe7, 0x02, 0x8c, 0xe0, 0x00, 0x00, 0x20, 0x03, 0x84, 0xe0, 0xef, 0xec, 0xa8, 0x00, 0x41,
    0x07, 0x7a, 0x8c, 0xe0, 0x40, 0x00, 0x20, 0x03, 0x94, 0xe7, 0xff, 0xff, 0xc3, 0xff, 0x8c, 0xe0,
    0x00, 0x00, 0x20, 0x03, 0x00, 0xe4, 0x80, 0xe0, 0xe2, 0x44, 0x18, 0x01, 0x00, 0xef, 0x80, 0xe0,
    0xa6, 0x44, 0x18, 0x01, 0x47, 0xb8, 0x80, 0x8c, 0xe0, 0x40, 0x00, 0x20, 0x03, 0x94, 0xe7, 0xf7,
    0xff, 0xff, 0xff, 0x8c, 0xe0, 0x00, 0x00, 0x20, 0x03, 0x84, 0xe0, 0x6f, 0xec, 0xa8, 0x00, 0x41,
    0x07, 0xd5, 0x8c, 0xe0, 0x40, 0x00, 0x20, 0x03, 0x94, 0xe7, 0xfd, 0xff, 0xff, 0xff, 0x8c, 0xe0,
    0x00, 0x00, 0x20, 0x03, 0x84, 0xe0, 0xef, 0xec, 0xa8, 0x00, 0x40, 0x07, 0x15, 0x8c, 0xc0, 0x40,
    0x00, 0x20, 0x03, 0x00, 0xff, 0x6c, 0xe7, 0x48, 0x94, 0xc6, 0xff, 0xff, 0xc3, 0xff, 0x60, 0xe7,
    0x31, 0x8c, 0xe0, 0x00, 0x00, 0x20, 0x03, 0x00, 0xe4, 0x80, 0xe0, 0xe2, 0x44, 0x18, 0x01, 0x00,
    0xef, 0x80, 0xe0, 0xa6, 0x44, 0x18, 0x01, 0x47, 0xb8, 0x80, 0x38, 0xe0, 0x28, 0x80, 0xe0, 0xba,
    0x44, 0x18, 0x01, 0x0f, 0x45, 0x38, 0xe0, 0x68, 0x80, 0xe0, 0xba, 0x44, 0x18, 0x01, 0x0c, 0x05,
    0xd8, 0xe0, 0x44, 0x6a, 0xd2, 0xca, 0x7a, 0x4f, 0x30, 0xe0, 0x01, 0x80, 0xe0, 0x24, 0x2c, 0x18,
    0x01, 0x38, 0xe0, 0x6c, 0x80, 0xe0, 0xa4, 0x2c, 0x18, 0x01, 0x30, 0xe0, 0x2d, 0x80, 0xe0, 0x64,
    0x2c, 0x18, 0x01, 0x00, 0xe8, 0x80, 0xe0, 0xe4, 0x2c, 0x18, 0x01, 0x0d, 0xfd, 0x80, 0x00, 0x24,
    0x2c, 0x18, 0x01, 0x38, 0xe0, 0x4c, 0x80, 0xe0, 0xa4, 0x2c, 0x18, 0x01, 0x30, 0xe0, 0x09, 0x80,
    0xe0, 0x64, 0x2c, 0x18, 0x01, 0x00, 0xe8, 0x80, 0xe0, 0xe4, 0x2c, 0x18, 0x01, 0x0c, 0xed, 0x80,
    0x00, 0x24, 0x2c, 0x18, 0x01, 0x38, 0xe0, 0x98, 0x80, 0xe0, 0xa4, 0x2c, 0x18, 0x01, 0x30, 0xe0,
    0x13, 0x80, 0xe0, 0x64, 0x2c, 0x18, 0x01, 0x80, 0x00, 0xe4, 0x2c, 0x18, 0x01, 0x0c, 0xf5, 0x38,
    0xe0, 0x02, 0x80, 0xe0, 0x24, 0x2c, 0x18, 0x01, 0x38, 0xe0, 0xd8, 0x80, 0xe0, 0xa4, 0x2c, 0x18,
    0x01, 0x30, 0xe0, 0x5b, 0x80, 0xe0, 0x64, 0x2c, 0x18, 0x01, 0x80, 0x00, 0xe4, 0x2c, 0x18, 0x01,
    0x0e, 0x65, 0x8c, 0xe0, 0x40, 0x00, 0x20, 0x03, 0x38, 0xe7, 0x80, 0x8c, 0xe0, 0x00, 0x00, 0x20,
    0x03, 0x84, 0xc0, 0xcf, 0xec, 0xa8, 0x00, 0x34, 0xe6, 0xc0, 0x40, 0x07, 0xd0, 0x00, 0xea, 0x80,
    0xe0, 0x00, 0x00, 0xc0, 0x03, 0x34, 0xe6, 0x30, 0x40, 0x07, 0xd0, 0x00, 0xea, 0x80, 0xe0, 0x00,
    0x80, 0xc0, 0x03, 0x84, 0xe0, 0x50, 0x44, 0x18, 0x01, 0x34, 0xe7, 0xef, 0x80, 0xe0, 0x50, 0x44,
    0x18, 0x01, 0x84, 0xe0, 0xa8, 0x44, 0x18, 0x01, 0x3e, 0x07, 0x38, 0x38, 0xe7, 0x02, 0x80, 0xe0,
    0xa8, 0x44, 0x18, 0x01, 0x84, 0xe0, 0x08, 0x44, 0x18, 0x01, 0x34, 0xe7, 0xdf, 0x80, 0xe0, 0x08,
    0x44, 0x18, 0x01, 0x47, 0xd2, 0x48, 0x8c, 0xe0, 0x40, 0x00, 0x20, 0x03, 0x94, 0xe7, 0x7f, 0xff,
    0xff, 0xff, 0x8c, 0xe0, 0x00, 0x00, 0x20, 0x03, 0x84, 0xc0, 0xcf, 0xec, 0xa8, 0x00, 0x34, 0xe6,
    0xc0, 0x40, 0x07, 0xd0, 0x00, 0xe2, 0x80, 0xe0, 0x00, 0x00, 0xc0, 0x03, 0x34, 0xe6, 0x30, 0x40,
    0x07, 0xd0, 0x00, 0xe2, 0x80, 0xe0, 0x00, 0x80, 0xc0, 0x03, 0x84, 0xe0, 0x50, 0x44, 0x18, 0x01,
    0x3e, 0x07, 0x38, 0x38, 0xe7, 0x10, 0x80, 0xe0, 0x50, 0x44, 0x18, 0x01, 0x84, 0xe0, 0x08, 0x44,
    0x18, 0x01, 0x3e, 0x07, 0x38, 0x38, 0xe7, 0x20, 0x80, 0xe0, 0x08, 0x44, 0x18, 0x01, 0x84, 0xe0,
    0xa8, 0x44, 0x18, 0x01, 0x34, 0xe7, 0xfd, 0x80, 0xe0, 0xa8, 0x44, 0x18, 0x01, 0x47, 0xd2, 0x48,
    0x8c, 0xe0, 0x40, 0x00, 0x20, 0x03, 0x94, 0xe7, 0x7f, 0xff, 0xff, 0xff, 0x8c, 0xe0, 0x00, 0x00,
    0x20, 0x03, 0x84, 0xc0, 0xcf, 0xec, 0xa8, 0x00, 0x34, 0xe6, 0xc0, 0x40, 0x07, 0xd0, 0x00, 0xe2,
    0x80, 0xe0, 0x00, 0x00, 0xc0, 0x03, 0x34, 0xe6, 0x30, 0x40, 0x07, 0xd0, 0x00, 0xe2, 0x80, 0xe0,
    0x00, 0x80, 0xc0, 0x03, 0x84, 0xe0, 0x70, 0x44, 0x18, 0x01, 0x3e, 0x07, 0x38, 0x38, 0xe7, 0x04,
    0x80, 0xe0, 0x70, 0x44, 0x18, 0x01, 0x84, 0xe0, 0x08, 0x44, 0x18, 0x01, 0x3e, 0x07, 0x38, 0x38,
    0xe7, 0x20, 0x80, 0xe0, 0x08, 0x44, 0x18, 0x01, 0x47, 0xd2, 0x48, 0x84, 0xe0, 0x50, 0x44, 0x18,
    0x01, 0x34, 0xe7, 0xf7, 0x80, 0xe0, 0x50, 0x44, 0x18, 0x01, 0x84, 0xe0, 0x30, 0x44, 0x18, 0x01,
    0x34, 0xe7, 0x1f, 0x80, 0xe0, 0x30, 0x44, 0x18, 0x01, 0x84, 0xe0, 0x70, 0x44, 0x18, 0x01, 0x34,
    0xe7, 0xf8, 0x80, 0xe0, 0x70, 0x44, 0x18, 0x01, 0x84, 0xe0, 0x08, 0x44, 0x18, 0x01, 0x34, 0xe7,
    0xde, 0x80, 0xe0, 0x08, 0x44, 0x18, 0x01, 0x8c, 0xe0, 0x40, 0x00, 0x20, 0x03, 0x38, 0xe7, 0x80,
    0x8c, 0xe0, 0x00, 0x00, 0x20, 0x03, 0x84, 0xc0, 0xcf, 0xec, 0xa8, 0x00, 0x34, 0xe6, 0xc0, 0x40,
    0x07, 0xd0, 0x00, 0xea, 0x80, 0xe0, 0x00, 0x00, 0xc0, 0x03, 0x34, 0xe6, 0x30, 0x40, 0x07, 0xd0,
    0x00, 0xea, 0x80, 0xe0, 0x00, 0x80, 0xc0, 0x03, 0x47, 0xd2, 0x48, 0x47, 0xa2, 0x00, 0x05, 0x63,
    0x05, 0x84, 0x8c, 0xa0, 0x5c, 0xff, 0x28, 0x00, 0x40, 0x05, 0x1c, 0x41, 0x03, 0x4c, 0x3e, 0x04,
    0x50, 0x00, 0xc0, 0x00, 0x80, 0x64, 0xea, 0x30, 0x34, 0xe7, 0x80, 0x40, 0x07, 0x90, 0x30, 0xe4,
    0x80, 0x3e, 0x07, 0x20, 0x00, 0xd8, 0x38, 0xe0, 0x10, 0xd2, 0xcc, 0x73, 0x7f, 0x00, 0x60, 0x47,
    0xd1, 0x28, 0x81, 0x40, 0xcf, 0xec, 0xa8, 0x00, 0x00, 0x60, 0x47, 0xb2, 0x00, 0x47, 0xd1, 0x28,
    0x3e, 0x0c, 0x50, 0x40, 0x0b, 0xf7, 0x41, 0x8b, 0x4f, 0x89, 0x80, 0x77, 0xec, 0xa8, 0x00, 0x00,
    0x60, 0x47, 0xb2, 0x00, 0x3e, 0x03, 0x38, 0x80, 0xe0, 0x20, 0xac, 0x18, 0x01, 0x6c, 0x63, 0x11,
    0x3e, 0x03, 0x18, 0x80, 0x60, 0xc0, 0xac, 0x18, 0x01, 0x38, 0xe0, 0xe8, 0x80, 0xe0, 0x40, 0xac,
    0x18, 0x01, 0x00, 0xe0, 0x84, 0xc0, 0x60, 0xac, 0x18, 0x01, 0x00, 0xf8, 0x38, 0xc0, 0x50, 0xd2,
    0xce, 0x6a, 0xff, 0x84, 0xe0, 0x60, 0xac, 0x18, 0x01, 0x34, 0xe7, 0x80, 0x41, 0x07, 0xef, 0x40,
    0x05, 0x82, 0x00, 0xc0, 0x02, 0xe2, 0x08, 0xe4, 0x24, 0xe7, 0x00, 0x80, 0xe0, 0x20, 0xac, 0x18,
    0x01, 0x82, 0xe0, 0x40, 0xac, 0x18, 0x01, 0x00, 0xe0, 0x87, 0x00, 0x60, 0xac, 0x18, 0x01, 0x00,
    0xf8, 0x3b, 0x00, 0x50, 0xd2, 0xcf, 0x8a, 0xff, 0x84, 0xe0, 0x60, 0xac, 0x18, 0x01, 0x34, 0xe7,
    0x80, 0x41, 0x07, 0xef, 0x30, 0xe6, 0x80, 0x3e, 0x07, 0x30, 0x04, 0xe6, 0xd3, 0xca, 0x65, 0x3f,
    0x84, 0xe0, 0x40, 0xac, 0x18, 0x01, 0x3e, 0x07, 0x38, 0x38, 0xe7, 0x04, 0x80, 0xe0, 0x40, 0xac,
    0x18, 0x01, 0x00, 0xe0, 0x84, 0xc0, 0x60, 0xac, 0x18, 0x01, 0x00, 0xf8, 0x38, 0xa0, 0x50, 0xd2,
    0xce, 0x5a, 0xff, 0x84, 0xe0, 0x60, 0xac, 0x18, 0x01, 0x34, 0xe7, 0x80, 0x41, 0x07, 0xef, 0x38,
    0xc0, 0x8c, 0x80, 0xc0, 0x40, 0xac, 0x18, 0x01, 0x00, 0xe0, 0x84, 0xa0, 0x60, 0xac, 0x18, 0x01,
    0x00, 0xf8, 0x3b, 0x00, 0x50, 0xd2, 0xcf, 0x8a, 0xff, 0x84, 0xe0, 0x60, 0xac, 0x18, 0x01, 0x34,
    0xe7, 0x80, 0x41, 0x07, 0xef, 0x84, 0xe0, 0x60, 0xac, 0x18, 0x01, 0x34, 0xe7, 0x20, 0x41, 0x07,
    0x2b, 0x47, 0xd2, 0x48, 0x47, 0xae, 0x80, 0x05, 0xc4, 0x05, 0x85, 0x05, 0xa6, 0x80, 0x60, 0x80,
    0xac, 0x18, 0x01, 0x38, 0xe0, 0x64, 0x80, 0xe0, 0x00, 0xac, 0x18, 0x01, 0x38, 0xe0, 0x8c, 0x80,
    0xe0, 0x40, 0xac, 0x18, 0x01, 0x00, 0xe0, 0x84, 0xc0, 0x60, 0xac, 0x18, 0x01, 0x00, 0xf8, 0x38,
    0xc0, 0x50, 0xd2, 0xce, 0x6a, 0xff, 0x84, 0xe0, 0x60, 0xac, 0x18, 0x01, 0x34, 0xe7, 0x80, 0x41,
    0x07, 0xef, 0x84, 0xe0, 0x60, 0xac, 0x18, 0x01, 0x38, 0xe0, 0xfe, 0xd3, 0x8e, 0xd2, 0xc0, 0x39,
    0xe0, 0x01, 0x34, 0xec, 0xfe, 0x39, 0x40, 0x01, 0x39, 0x60, 0x01, 0x40, 0x07, 0x90, 0x61, 0x4f,
    0x3d, 0x3e, 0x0a, 0x5a, 0x04, 0x6c, 0x04, 0x8e, 0x04, 0xaa, 0x49, 0x75, 0xff, 0x60, 0xeb, 0x64,
    0x3e, 0x07, 0x62, 0x61, 0xad, 0x55, 0x09, 0xca, 0x38, 0xc0, 0xfe, 0xd3, 0xda, 0x6e, 0xbf, 0x40,
    0x0d, 0x30, 0x04, 0x6c, 0x04, 0x8e, 0x04, 0xad, 0x48, 0xe5, 0xff, 0x00, 0x68, 0x47, 0xbe, 0x80,
    0x06, 0xe6, 0x80, 0x60, 0x80, 0xac, 0x18, 0x01, 0x38, 0xe0, 0x64, 0x80, 0xe0, 0x00, 0xac, 0x18,
    0x01, 0x38, 0xe0, 0x8c, 0x80, 0xe0, 0x40, 0xac, 0x18, 0x01, 0x00, 0xe0, 0x84, 0xc0, 0x60, 0xac,
    0x18, 0x01, 0x00, 0xf8, 0x38, 0xc0, 0x50, 0xd2, 0xce, 0x6a, 0xff, 0x84, 0xe0, 0x60, 0xac, 0x18,
    0x01, 0x34, 0xe7, 0x80, 0x41, 0x07, 0xef, 0x84, 0xe0, 0x60, 0xac, 0x18, 0x01, 0x3e, 0x05, 0x38,
    0x80, 0xe0, 0x20, 0xac, 0x18, 0x01, 0x6c, 0xe5, 0x11, 0x80, 0xe0, 0xc0, 0xac, 0x18, 0x01, 0x38,
    0xe0, 0xec, 0x80, 0xe0, 0x40, 0xac, 0x18, 0x01, 0x00, 0xe0, 0x84, 0xc0, 0x60, 0xac, 0x18, 0x01,
    0x00, 0xf8, 0x3b, 0x40, 0x50, 0xd2, 0xcf, 0xaa, 0xff, 0x84, 0xe0, 0x60, 0xac, 0x18, 0x01, 0x34,
    0xe7, 0x80, 0x41, 0x07, 0xef, 0x38, 0xe0, 0x9a, 0x80, 0xe0, 0x40, 0xac, 0x18, 0x01, 0x00, 0xe0,
    0x84, 0xc0, 0x60, 0xac, 0x18, 0x01, 0x00, 0xf8, 0x38, 0xc0, 0x50, 0xd2, 0xce, 0x6a, 0xff, 0x84,
    0xe0, 0x60, 0xac, 0x18, 0x01, 0x34, 0xe7, 0x80, 0x41, 0x07, 0xef, 0x84, 0xe0, 0xa0, 0xac, 0x18,
    0x01, 0x3e, 0x07, 0x30, 0xd2, 0x21, 0x7c, 0xa0, 0x00, 0xa8, 0x3b, 0x00, 0x10, 0x33, 0x20, 0x15,
    0x00, 0xb8, 0xd2, 0x8b, 0x75, 0x20, 0x83, 0x00, 0x40, 0xac, 0x18, 0x01, 0x00, 0xe0, 0x87, 0x40,
    0x60, 0xac, 0x18, 0x01, 0x00, 0xf8, 0x3b, 0x40, 0x50, 0xd2, 0xcf, 0xaa, 0xff, 0x84, 0xe0, 0x60,
    0xac, 0x18, 0x01, 0x34, 0xe7, 0x80, 0x41, 0x07, 0xef, 0x84, 0xe0, 0xa0, 0xac, 0x18, 0x01, 0x3e,
    0x07, 0x38, 0x6c, 0xc6, 0x10, 0x60, 0xc6, 0x39, 0x34, 0xe5, 0xc0, 0x41, 0x07, 0x10, 0x2c, 0xc4,
    0x00, 0x00, 0x92, 0xd3, 0xee, 0x5b, 0xdf, 0x00, 0x68, 0x47, 0xd2, 0x48, 0x83, 0x20, 0x40, 0xac,
    0x18, 0x01, 0x00, 0xe0, 0x87, 0x40, 0x60, 0xac, 0x18, 0x01, 0x00, 0xf8, 0x3b, 0x40, 0x50, 0xd2,
    0xcf, 0xaa, 0xff, 0x84, 0xe0, 0x60, 0xac, 0x18, 0x01, 0x34, 0xe7, 0x80, 0x40, 0x07, 0xbd, 0x84,
    0xe0, 0x60, 0xac, 0x18, 0x01, 0x34, 0xe7, 0x80, 0x41, 0x07, 0xd7, 0x0d, 0xd7, 0x00, 0x31, 0x06,
    0xe6, 0x38, 0xc0, 0x4c, 0x20, 0xc3, 0x00, 0x20, 0x83, 0x80, 0x40, 0x87, 0x7c, 0x3e, 0x05, 0x38,
    0x20, 0xe3, 0xc0, 0x22, 0xe3, 0x20, 0x38, 0xe0, 0xec, 0x20, 0xe3, 0x40, 0x2c, 0x01, 0x20, 0x2c,
    0xe1, 0x60, 0x43, 0xc7, 0x88, 0x2c, 0xe1, 0x60, 0x00, 0xf8, 0x2c, 0xe1, 0x20, 0x2c, 0xe1, 0x60,
    0x44, 0xc7, 0xaf, 0x30, 0xc3, 0x60, 0x24, 0x63, 0x60, 0x24, 0xe6, 0x00, 0x34, 0xe7, 0x80, 0x41,
    0x07, 0x5f, 0x30, 0x21, 0x10, 0x47, 0xd2, 0x48, 0x6c, 0xe5, 0x11, 0x20, 0xe3, 0xc0, 0x3e, 0x05,
    0x38, 0x20, 0xe3, 0x20, 0x38, 0xe0, 0xe8, 0x20, 0xe3, 0x40, 0x2c, 0x01, 0x20, 0x2c, 0xe1, 0x60,
    0x43, 0xc7, 0x88, 0x2c, 0xe1, 0x60, 0x00, 0xf8, 0x2c, 0xe1, 0x20, 0x2c, 0xe1, 0x60, 0x44, 0xc7,
    0xaf, 0x30, 0xc3, 0x60, 0x24, 0xe3, 0x60, 0x24, 0xe6, 0x00, 0x34, 0xe7, 0x80, 0x41, 0x07, 0x5f,
    0x22, 0xe3, 0x20, 0x38, 0xe0, 0x24, 0x20, 0xe3, 0x40, 0x2c, 0x01, 0x20, 0x2c, 0xe1, 0x60, 0x43,
    0xc7, 0x88, 0x2c, 0xe1, 0x60, 0x00, 0xf8, 0x2c, 0xe1, 0x20, 0x2c, 0xe1, 0x60, 0x44, 0xc7, 0xaf,
    0x24, 0x63, 0x60, 0x24, 0xe6, 0x00, 0x34, 0xe7, 0x80, 0x41, 0x07, 0x5f, 0x30, 0x21, 0x10, 0x47,
    0xd2, 0x48, 0x06, 0xe3, 0x07, 0x04, 0x07, 0x25, 0x40, 0x86, 0x2c, 0x40, 0x46, 0xc4, 0x84, 0xc0,
    0x00, 0x44, 0x18, 0x01, 0x3e, 0x06, 0x30, 0x38, 0xc6, 0x20, 0x80, 0xc0, 0x00, 0x44, 0x18, 0x01,
    0x98, 0x60, 0x40, 0x84, 0x18, 0x01, 0x04, 0x97, 0x04, 0xb8, 0x04, 0xd9, 0x0e, 0x13, 0x98, 0x60,
    0x00, 0x02, 0x18, 0x01, 0x04, 0x97, 0x04, 0xb8, 0x04, 0xd9, 0x0f, 0x23, 0x98, 0x60, 0x00, 0xac,
    0x18, 0x01, 0x04, 0x97, 0x04, 0xb8, 0x04, 0xd9, 0x0e, 0x83, 0x47, 0xaa, 0x80, 0x05, 0xa3, 0x05,
    0x64, 0x26, 0xe4, 0x80, 0x40, 0x97, 0x1c, 0x2d, 0x84, 0x60, 0x28, 0xe4, 0xc0, 0x40, 0x07, 0x34,
    0x01, 0x40, 0x0e, 0x80, 0x26, 0xeb, 0x80, 0x6c, 0xea, 0x80, 0x08, 0xec, 0x24, 0x6b, 0x00, 0x24,
    0x87, 0x00, 0x24, 0xa7, 0x80, 0x04, 0xcd, 0x04, 0xf7, 0x4a, 0x47, 0xff, 0x30, 0xea, 0x80, 0x3e,
    0x07, 0x52, 0x28, 0xeb, 0xc0, 0xd3, 0xce, 0xaf, 0xbf, 0x47, 0xba, 0x80, 0x2d, 0x84, 0x60, 0x28,
    0xe4, 0xc0, 0x40, 0x07, 0xef, 0x01, 0x40, 0x0e, 0x80, 0x26, 0xeb, 0x80, 0x6c, 0xea, 0x40, 0x08,
    0xec, 0x24, 0x6b, 0x00, 0x28, 0x87, 0x80, 0x24, 0xa7, 0xc0, 0x04, 0xcd, 0x04, 0xf7, 0x48, 0xab,
    0xff, 0x30, 0xea, 0x80, 0x3e, 0x07, 0x52, 0x28, 0xeb, 0xc0, 0xd3, 0xce, 0xaf, 0xbf, 0x47, 0xba,
    0x80, 0x00, 0x31, 0x38, 0xe0, 0x4c, 0x20, 0xe3, 0x00, 0x20, 0x83, 0x80, 0x40, 0x86, 0x96, 0x3e,
    0x05, 0x38, 0x20, 0xe3, 0xc0, 0x38, 0xe0, 0xcc, 0x20, 0xe3, 0x40, 0x2c, 0x01, 0x20, 0x2c, 0xe1,
    0x60, 0x43, 0xc7, 0x88, 0x2c, 0xe1, 0x60, 0x00, 0xf8, 0x2c, 0xe1, 0x20, 0x2c, 0xe1, 0x60, 0x44,
    0xc7, 0xaf, 0x30, 0xc3, 0x60, 0x24, 0xe3, 0x60, 0x24, 0xe6, 0x00, 0x34, 0xe7, 0x80, 0x41, 0x07,
    0x5f, 0x00, 0xe9, 0x20, 0xe3, 0x40, 0x2c, 0x01, 0x20, 0x2c, 0xe1, 0x60, 0x43, 0xc7, 0x88, 0x2c,
    0xe1, 0x60, 0x00, 0xf8, 0x2c, 0xe1, 0x20, 0x2c, 0xe1, 0x60, 0x44, 0xc7, 0xaf, 0x24, 0xe3, 0x60,
    0x24, 0xe6, 0x00, 0x34, 0xe7, 0x80, 0x41, 0x07, 0x5f, 0x24, 0x63, 0xa0, 0x3e, 0x03, 0x18, 0x30,
    0x21, 0x10, 0x47, 0xd2, 0x48, 0x6c, 0xe5, 0x11, 0x20, 0xe3, 0xc0, 0x3e, 0x05, 0x38, 0x20, 0xe3,
    0x20, 0x38, 0xe0, 0xec, 0x20, 0xe3, 0x40, 0x2c, 0x01, 0x20, 0x2c, 0xe1, 0x60, 0x43, 0xc7, 0x88,
    0x2c, 0xe1, 0x60, 0x00, 0xf8, 0x2c, 0xe1, 0x20, 0x2c, 0xe1, 0x60, 0x44, 0xc7, 0xaf, 0x30, 0xc3,
    0x60, 0x24, 0xe3, 0x60, 0x24, 0xe6, 0x00, 0x34, 0xe7, 0x80, 0x41, 0x07, 0x5f, 0x00, 0xe9, 0x20,
    0xe3, 0x40, 0x2c, 0x01, 0x20, 0x2c, 0xe1, 0x60, 0x43, 0xc7, 0x88, 0x2c, 0xe1, 0x60, 0x00, 0xf8,
    0x2c, 0xe1, 0x20, 0x2c, 0xe1, 0x60, 0x44, 0xc7, 0xaf, 0x24, 0xe3, 0x60, 0x24, 0xe6, 0x00, 0x34,
    0xe7, 0x80, 0x41, 0x07, 0x5f, 0x24, 0x63, 0xa0, 0x3e, 0x03, 0x18, 0x30, 0x21, 0x10, 0x47, 0xd2,
    0x48, 0x06, 0xe3, 0x07, 0x04, 0x40, 0x85, 0x0c, 0x40, 0x45, 0x84, 0x84, 0xe0, 0x00, 0x44, 0x18,
    0x01, 0x3e, 0x07, 0x38, 0x38, 0xe7, 0x20, 0x80, 0xe0, 0x00, 0x44, 0x18, 0x01, 0x98, 0x60, 0x40,
    0x84, 0x18, 0x01, 0x04, 0x97, 0x04, 0xb8, 0x0d, 0x7d, 0x98, 0x60, 0x00, 0x02, 0x18, 0x01, 0x04,
    0x97, 0x04, 0xb8, 0x0d, 0xdd, 0x98, 0x60, 0x00, 0xac, 0x18, 0x01, 0x04, 0x97, 0x04, 0xb8, 0x0d,
    0x1d, 0x00, 0x31, 0x07, 0x46, 0x38, 0xc0, 0x4c, 0x20, 0xc3, 0x00, 0x20, 0x83, 0x80, 0xd0, 0x20,
    0x71, 0xd0, 0x3e, 0x05, 0x38, 0x20, 0xe3, 0xc0, 0x33, 0x03, 0x40, 0x38, 0xe0, 0xc8, 0x20, 0xe3,
    0x40, 0x2c, 0x01, 0x20, 0x2c, 0xe1, 0x60, 0x43, 0xc7, 0x88, 0x2c, 0xe1, 0x60, 0x00, 0xf8, 0x2c,
    0xe1, 0x20, 0x2c, 0xe1, 0x60, 0x44, 0xc7, 0xaf, 0x30, 0xa3, 0x60, 0x24, 0xe3, 0x60, 0x24, 0xe5,
    0x00, 0x34, 0xe7, 0x80, 0x41, 0x07, 0x5f, 0x32, 0xe3, 0x20, 0x30, 0x88, 0xff, 0x00, 0xc0, 0x03,
    0x22, 0x44, 0x04, 0x3c, 0x60, 0xfa, 0x34, 0x24, 0xe7, 0x00, 0x20, 0xf7, 0x00, 0x23, 0x38, 0x00,
    0x2c, 0x01, 0x20, 0x2c, 0xe1, 0x60, 0x43, 0xc7, 0x88, 0x2c, 0xe1, 0x60, 0x00, 0xf8, 0x2c, 0xe1,
    0x20, 0x2c, 0xe1, 0x60, 0x44, 0xc7, 0xaf, 0x24, 0xe5, 0x00, 0x24, 0xe5, 0x00, 0x34, 0xe7, 0x80,
    0x41, 0x07, 0x5f, 0x30, 0xe6, 0x80, 0x3e, 0x07, 0x30, 0xd3, 0x48, 0x6d, 0x3f, 0x60, 0xfa, 0x44,
    0xc4, 0xe7, 0xff, 0xff, 0x20, 0xf7, 0x00, 0x38, 0xe0, 0x24, 0x20, 0xf8, 0x00, 0x2c, 0x01, 0x20,
    0x2c, 0xe1, 0x60, 0x43, 0xc7, 0x88, 0x2c, 0xe1, 0x60, 0x00, 0xf8, 0x2c, 0xe1, 0x20, 0x2c, 0xe1,
    0x60, 0x44, 0xc7, 0xaf, 0x24, 0xe5, 0x00, 0x24, 0xe5, 0x00, 0x34, 0xe7, 0x80, 0x41, 0x07, 0x5f,
    0x30, 0x21, 0x10, 0x47, 0xd2, 0x48, 0x6c, 0xe5, 0x11, 0x20, 0xe3, 0xc0, 0x32, 0xe3, 0x20, 0x3e,
    0x05, 0x38, 0x20, 0xe3, 0x20, 0x33, 0x03, 0x40, 0x38, 0xe0, 0xe8, 0x20, 0xe3, 0x40, 0x2c, 0x01,
    0x20, 0x2c, 0xe1, 0x60, 0x43, 0xc7, 0x88, 0x2c, 0xe1, 0x60, 0x00, 0xf8, 0x2c, 0xe1, 0x20, 0x2c,
    0xe1, 0x60, 0x44, 0xc7, 0xaf, 0x30, 0xa3, 0x60, 0x24, 0x63, 0x60, 0x24, 0xe5, 0x00, 0x34, 0xe7,
    0x80, 0x41, 0x07, 0x5f, 0x0d, 0x8b, 0x06, 0xe3, 0x07, 0x04, 0x07, 0x25, 0x40, 0x86, 0xe8, 0x40,
    0x46, 0x60, 0x47, 0xd2, 0x48, 0x98, 0x60, 0x00, 0x02, 0x18, 0x01, 0x04, 0x97, 0x04, 0xb8, 0x04,
    0xd9, 0x0c, 0x1d, 0x98, 0x60, 0x00, 0xac, 0x18, 0x01, 0x04, 0x97, 0x04, 0xb8, 0x04, 0xd9, 0x0d,
    0x2d, 0x00, 0x31, 0x07, 0x67, 0x38, 0xe0, 0x4c, 0x20, 0xe3, 0x00, 0x20, 0x83, 0x80, 0xd0, 0x20,
    0x6a, 0x70, 0x3e, 0x05, 0x38, 0x20, 0xe3, 0xc0, 0x33, 0x23, 0x40, 0x38, 0xe0, 0xc8, 0x20, 0xe3,
    0x40, 0x2c, 0x01, 0x20, 0x2c, 0xe1, 0x60, 0x43, 0xc7, 0x88, 0x2c, 0xe1, 0x60, 0x00, 0xf8, 0x2c,
    0xe1, 0x20, 0x2c, 0xe1, 0x60, 0x44, 0xc7, 0xaf, 0x30, 0xa3, 0x60, 0x24, 0xe3, 0x60, 0x24, 0xe5,
    0x00, 0x34, 0xe7, 0x80, 0x41, 0x07, 0x5f, 0x38, 0xe0, 0x8a, 0x20, 0xf9, 0x00, 0x2c, 0x01, 0x20,
    0x2c, 0xe1, 0x60, 0x43, 0xc7, 0x88, 0x2c, 0xe1, 0x60, 0x00, 0xf8, 0x2c, 0xe1, 0x20, 0x2c, 0xe1,
    0x60, 0x44, 0xc7, 0xaf, 0x24, 0xe5, 0x00, 0x24, 0xe5, 0x00, 0x34, 0xe7, 0x80, 0x41, 0x07, 0x5f,
    0x32, 0xe8, 0xff, 0x33, 0x03, 0xa0, 0x00, 0x80, 0x44, 0x17, 0xfc, 0x3b, 0x40, 0x10, 0x23, 0x59,
    0x00, 0x2c, 0x01, 0x20, 0x2c, 0xe1, 0x60, 0x43, 0xc7, 0x88, 0x2c, 0xe1, 0x60, 0x00, 0xf8, 0x2c,
    0xe1, 0x20, 0x2c, 0xe1, 0x60, 0x44, 0xc7, 0xaf, 0x24, 0xe5, 0x00, 0x24, 0xe5, 0x00, 0x34, 0xe7,
    0x80, 0x41, 0x07, 0x5f, 0x24, 0xf8, 0x00, 0x60, 0xdb, 0x24, 0x20, 0xe6, 0x00, 0x30, 0xe4, 0x80,
    0x3e, 0x07, 0x20, 0xd3, 0x6e, 0x4d, 0x3f, 0x30, 0xe0, 0x15, 0x20, 0xf9, 0x00, 0x2c, 0x01, 0x20,
    0x2c, 0xe1, 0x60, 0x43, 0xc7, 0x88, 0x2c, 0xe1, 0x60, 0x00, 0xf8, 0x2c, 0xe1, 0x20, 0x2c, 0xe1,
    0x60, 0x44, 0xc7, 0xaf, 0x24, 0xe5, 0x00, 0x24, 0xe5, 0x00, 0x34, 0xe7, 0x80, 0x41, 0x07, 0x5f,
    0x24, 0xc3, 0xa0, 0x60, 0xfb, 0x44, 0xc0, 0xc7, 0xff, 0xff, 0x24, 0x7b, 0x00, 0x30, 0x21, 0x10,
    0x47, 0xd2, 0x48, 0x6c, 0xe5, 0x11, 0x20, 0xe3, 0xc0, 0x3e, 0x05, 0x38, 0x20, 0xe3, 0x20, 0x33,
    0x23, 0x40, 0x38, 0xe0, 0xec, 0x20, 0xe3, 0x40, 0x2c, 0x01, 0x20, 0x2c, 0xe1, 0x60, 0x43, 0xc7,
    0x88, 0x2c, 0xe1, 0x60, 0x00, 0xf8, 0x2c, 0xe1, 0x20, 0x2c, 0xe1, 0x60, 0x44, 0xc7, 0xaf, 0x30,
    0xa3, 0x60, 0x24, 0xe3, 0x60, 0x24, 0xe5, 0x00, 0x34, 0xe7, 0x80, 0x41, 0x07, 0x5f, 0x0e, 0x63,
    0x06, 0xe3, 0x07, 0x04, 0x40, 0x85, 0x18, 0x40, 0x45, 0x90, 0x38, 0x60, 0xff, 0x47, 0xd2, 0x48,
    0x98, 0x60, 0x00, 0x02, 0x18, 0x01, 0x04, 0x97, 0x04, 0xb8, 0x0f, 0xb5, 0x98, 0x60, 0x00, 0xac,
    0x18, 0x01, 0x04, 0x97, 0x04, 0xb8, 0x0f, 0x55, 0x40, 0x03, 0xfa, 0xcf, 0x03, 0x42, 0x80, 0x2e,
    0xf8, 0x48, 0x40, 0x17, 0x64, 0x2c, 0x78, 0x50, 0x2c, 0xe3, 0x40, 0x30, 0xc3, 0x24, 0x00, 0xa0,
    0xd2, 0xce, 0x44, 0x80, 0x0d, 0x60, 0x04, 0x66, 0x2c, 0xe6, 0x40, 0x30, 0xc6, 0x24, 0xd2, 0x8e,
    0x40, 0x80, 0x00, 0xb8, 0xd3, 0xee, 0x54, 0xff, 0x2c, 0x78, 0x70, 0x41, 0x03, 0x60, 0x47, 0xd2,
    0x48, 0x2e, 0xf8, 0x68, 0x40, 0x17, 0xc4, 0x2c, 0xe3, 0x40, 0x30, 0xc3, 0x24, 0x00, 0xa0, 0xd2,
    0xce, 0x44, 0x80, 0x0f, 0x5f, 0x04, 0x66, 0x2c, 0xe6, 0x40, 0x30, 0xc6, 0x24, 0xd2, 0x8e, 0x48,
    0x7f, 0x00, 0xb8, 0xd3, 0xee, 0x54, 0xff, 0x00, 0x60, 0x47, 0xd2, 0x48, 0x40, 0x03, 0x5c, 0xcf,
    0x63, 0x42, 0x80, 0x2f, 0x5b, 0x48, 0x40, 0x1a, 0x0c, 0x2f, 0x3b, 0x50, 0x2c, 0xf9, 0x40, 0x00,
    0x60, 0xd2, 0x8e, 0x51, 0x40, 0x32, 0xf9, 0x24, 0x03, 0x00, 0x38, 0x60, 0x24, 0x0f, 0x20, 0x07,
    0x37, 0x2c, 0xf7, 0x40, 0x32, 0xf7, 0x24, 0x30, 0xc3, 0x24, 0xd2, 0x8e, 0x5f, 0x00, 0x04, 0x66,
    0x03, 0x18, 0xd3, 0xf5, 0x8b, 0x7f, 0x47, 0xd2, 0x48, 0x2c, 0xe4, 0x40, 0x2c, 0xf9, 0x00, 0x2c,
    0xdb, 0x50, 0x08, 0xc3, 0x2c, 0xe4, 0x50, 0x2c, 0xe6, 0x10, 0x2c, 0xe4, 0x70, 0x2c, 0xe6, 0x30,
    0x2c, 0xe4, 0x48, 0x2c, 0xe6, 0x08, 0x2c, 0xe4, 0x68, 0x2c, 0xe6, 0x28, 0x47, 0xd2, 0x48, 0x40,
    0x03, 0xb0, 0xcc, 0xe3, 0x42, 0x80, 0x2c, 0x87, 0x30, 0x2c, 0xa7, 0x28, 0x47, 0xd2, 0x48, 0x41,
    0x03, 0x10, 0x00, 0x6f, 0x47, 0xd2, 0x48, 0x38, 0xe0, 0x22, 0xd3, 0xc8, 0x71, 0xff, 0xcc, 0xe3,
    0x42, 0x80, 0x2f, 0x47, 0x48, 0x40, 0x1a, 0x64, 0x2f, 0x27, 0x50, 0x2c, 0xf9, 0x40, 0x32, 0xf9,
    0x24, 0x03, 0x00, 0xd2, 0xce, 0x44, 0x80, 0x0f, 0xd0, 0x07, 0x37, 0x2c, 0xf7, 0x40, 0x32, 0xf7,
    0x24, 0xd2, 0x8e, 0x4a, 0x40, 0x03, 0x18, 0xd3, 0xf5, 0x84, 0xff, 0x30, 0xe4, 0x50, 0x6c, 0xe7,
    0x40, 0x08, 0xe3, 0x98, 0xc5, 0x00, 0x00, 0x00, 0x01, 0x2c, 0xc7, 0x20, 0x00, 0xe8, 0x20, 0xe3,
    0x14, 0x00, 0x60, 0x47, 0xd2, 0x48, 0x40, 0x19, 0xa7, 0x2c, 0xf9, 0x50, 0xd3, 0xce, 0x56, 0x5f,
    0x2c, 0xf9, 0x70, 0xd3, 0xca, 0x7f, 0x9f, 0x2c, 0xb9, 0x28, 0x0e, 0x2f, 0x47, 0xaa, 0x80, 0x05,
    0xa3, 0x40, 0x03, 0x4e, 0x24, 0xe3, 0x14, 0x40, 0x07, 0x36, 0xcc, 0xc3, 0x42, 0x80, 0x40, 0x06,
    0xa6, 0x2c, 0xe6, 0x60, 0x40, 0x07, 0xfa, 0x05, 0x63, 0x01, 0x80, 0x01, 0x40, 0x0e, 0xc0, 0x01,
    0x58, 0x01, 0x72, 0x38, 0xe0, 0xa2, 0xd2, 0x94, 0x74, 0xc0, 0x2c, 0xab, 0x74, 0x42, 0x05, 0x4f,
    0x2c, 0xe6, 0x60, 0x04, 0x6d, 0x04, 0x8a, 0x94, 0xa5, 0xff, 0xff, 0xff, 0xfe, 0x47, 0xd1, 0x38,
    0x3d, 0x83, 0x60, 0x65, 0x8c, 0x1a, 0x2c, 0x0b, 0x34, 0xcc, 0xcd, 0x42, 0x80, 0x01, 0x58, 0x01,
    0x72, 0x38, 0xe0, 0xa2, 0xd2, 0xd4, 0x76, 0xbf, 0x2c, 0xe6, 0x60, 0x04, 0x6d, 0x38, 0x80, 0xa2,
    0x00, 0xa0, 0x47, 0xd1, 0x38, 0x3d, 0x83, 0x60, 0x65, 0x8c, 0x1a, 0x20, 0x0d, 0x14, 0x04, 0x6c,
    0x47, 0xba, 0x80, 0x01, 0x80, 0x04, 0x6c, 0x47, 0xba, 0x80, 0x47, 0xa8, 0x80, 0x8c, 0x60, 0x61,
    0xf0, 0xa8, 0x00, 0x4a, 0x7b, 0xff, 0x8c, 0x60, 0x51, 0xf0, 0xa8, 0x00, 0x48, 0x3b, 0xff, 0x00,
    0x60, 0x47, 0xb8, 0x80, 0x47, 0xa9, 0x80, 0x05, 0xc3, 0x05, 0x85, 0xcd, 0x63, 0x72, 0x80, 0x06,
    0xeb, 0x2d, 0xab, 0x40, 0x38, 0xa0, 0x24, 0xd3, 0x8a, 0x49, 0x00, 0x00, 0x67, 0x47, 0xb9, 0x80,
    0x6c, 0xe4, 0x40, 0x90, 0xe7, 0x08, 0x65, 0x28, 0x00, 0x2c, 0xe7, 0x40, 0x47, 0xd2, 0x38, 0x00,
    0x00, 0x14, 0xa6, 0xa4, 0x00, 0x14, 0xa6, 0xe4, 0x00, 0x14, 0xa7, 0x2b, 0x00, 0x14, 0xa7, 0x72,
    0x00, 0x14, 0xa7, 0xb9, 0x00, 0x14, 0xa5, 0xfb, 0x00, 0x14, 0xa7, 0xde, 0x00, 0x14, 0xa8, 0x6e,
    0x00, 0x14, 0xa5, 0xfb, 0x00, 0x14, 0xa8, 0x7a, 0x00, 0x14, 0xa8, 0xd0, 0x00, 0x14, 0xa5, 0xfb,
    0x00, 0x14, 0xa8, 0xe2, 0x00, 0x14, 0xa9, 0x29, 0x00, 0x14, 0xa5, 0xfb, 0x00, 0x14, 0xa5, 0xfb,
    0x00, 0x14, 0xa5, 0xfb, 0x00, 0x14, 0xa5, 0xfb, 0x00, 0x14, 0xa5, 0xfb, 0x00, 0x14, 0xa5, 0xfb,
    0x00, 0x14, 0xa5, 0xfb, 0x00, 0x14, 0xa5, 0xfb, 0x00, 0x14, 0xa5, 0xfb, 0x00, 0x14, 0xa5, 0xfb,
    0x00, 0x14, 0xa5, 0xfb, 0x00, 0x14, 0xa5, 0xfb, 0x00, 0x14, 0xa5, 0xfb, 0x00, 0x14, 0xa5, 0xfb,
    0x00, 0x14, 0xa5, 0xfb, 0x00, 0x14, 0xa5, 0xfb, 0x00, 0x14, 0xa5, 0xfb, 0x00, 0x14, 0xa5, 0xfb,
    0x00, 0x14, 0xa5, 0xfb, 0x00, 0x14, 0xa9, 0xab, 0x00, 0x14, 0xa9, 0xbb, 0x00, 0x14, 0xa9, 0xca,
    0x00, 0x14, 0xaa, 0x3a, 0xc4, 0xed, 0x03, 0xa0, 0x3e, 0x07, 0x38, 0x38, 0xe7, 0x20, 0xc0, 0xed,
    0x03, 0xa0, 0x6c, 0xec, 0x40, 0x90, 0xe7, 0x7c, 0xff, 0x28, 0x00, 0x24, 0xc7, 0x00, 0xc0, 0xcd,
    0xe3, 0xa0, 0xc4, 0xcd, 0x13, 0xa0, 0x24, 0xe7, 0xc0, 0x60, 0xc6, 0x38, 0x6c, 0xec, 0x40, 0x90,
    0xe7, 0x02, 0xff, 0x28, 0x00, 0x24, 0xe7, 0x00, 0x60, 0xc6, 0x39, 0xc0, 0xcd, 0x13, 0xa0, 0x00,
    0x60, 0x47, 0xb9, 0x80, 0xc4, 0xed, 0x03, 0xa0, 0x3e, 0x07, 0x38, 0x38, 0xe7, 0x20, 0xc0, 0xed,
    0x03, 0xa0, 0x6c, 0xac, 0x40, 0x90, 0xa5, 0x46, 0xff, 0x28, 0x00, 0x24, 0xe5, 0x00, 0xc0, 0xed,
    0xa3, 0xa0, 0x24, 0xe5, 0x80, 0xc0, 0xed, 0x63, 0xa0, 0xc4, 0xcd, 0x13, 0xa0, 0x24, 0xa5, 0xc0,
    0x60, 0xc6, 0x28, 0x6c, 0xec, 0x40, 0x90, 0xe7, 0x26, 0xff, 0x28, 0x00, 0x24, 0xe7, 0x00, 0x60,
    0xc6, 0x39, 0xc0, 0xcd, 0x13, 0xa0, 0x00, 0x60, 0x47, 0xb9, 0x80, 0xc4, 0xed, 0x03, 0xa0, 0x3e,
    0x07, 0x38, 0x38, 0xe7, 0x80, 0xc0, 0xed, 0x03, 0xa0, 0x6c, 0xac, 0x40, 0x90, 0xa5, 0x61, 0xff,
    0x28, 0x00, 0x24, 0xe5, 0x00, 0xc0, 0xed, 0x83, 0xa0, 0x24, 0xe5, 0x80, 0xc0, 0xed, 0x43, 0xa0,
    0xc4, 0xcd, 0x13, 0xa0, 0x24, 0xa5, 0xc0, 0x60, 0xc6, 0x28, 0x6c, 0xec, 0x40, 0x90, 0xe7, 0x11,
    0xff, 0x28, 0x00, 0x24, 0xe7, 0x00, 0x60, 0xc6, 0x39, 0xc0, 0xcd, 0x13, 0xa0, 0x00, 0x60, 0x47,
    0xb9, 0x80, 0xc4, 0xed, 0x03, 0xa0, 0x3e, 0x07, 0x38, 0x38, 0xe7, 0x40, 0xc0, 0xed, 0x03, 0xa0,
    0x6c, 0xac, 0x40, 0x90, 0xa5, 0x6d, 0xff, 0x28, 0x00, 0x24, 0xe5, 0x00, 0xc0, 0xed, 0xc3, 0xa0,
    0x24, 0xe5, 0x80, 0xc0, 0xed, 0x23, 0xa0, 0xc4, 0xcd, 0x13, 0xa0, 0x24, 0xa5, 0xc0, 0x60, 0xc6,
    0x28, 0x6c, 0xec, 0x40, 0x90, 0xe7, 0x1d, 0xff, 0x28, 0x00, 0x24, 0xe7, 0x00, 0x60, 0xc6, 0x39,
    0xc0, 0xcd, 0x13, 0xa0, 0x00, 0x60, 0x47, 0xb9, 0x80, 0x00, 0xec, 0x64, 0xec, 0x3b, 0x90, 0xe7,
    0x5b, 0xff, 0x28, 0x00, 0x24, 0xc7, 0x00, 0xc0, 0xcd, 0x50, 0x20, 0x24, 0xc7, 0x80, 0xc0, 0xcd,
    0xd0, 0x20, 0x24, 0xe7, 0x40, 0xc0, 0xed, 0x00, 0x20, 0x00, 0x60, 0x47, 0xb9, 0x80, 0x25, 0x6b,
    0x18, 0xd0, 0x40, 0xb2, 0x90, 0x98, 0xc0, 0x6f, 0xff, 0x28, 0x00, 0x00, 0xe0, 0x00, 0xa0, 0x04,
    0x85, 0x28, 0xa6, 0x80, 0xd3, 0x8a, 0xc6, 0x80, 0x00, 0xf8, 0x3e, 0x07, 0x38, 0x30, 0xa4, 0x80,
    0x30, 0xc6, 0x50, 0x38, 0x80, 0x10, 0xd2, 0xce, 0x49, 0x7f, 0xc4, 0xcd, 0x03, 0xc0, 0x34, 0xc6,
    0x0f, 0x00, 0xea, 0x64, 0xe4, 0x3b, 0x6c, 0xe7, 0x80, 0x90, 0xe7, 0x1f, 0xff, 0x28, 0x00, 0x24,
    0xe7, 0x80, 0x34, 0xe7, 0xf0, 0x60, 0xc6, 0x39, 0xc0, 0xcd, 0x03, 0xc0, 0x38, 0xa0, 0x50, 0x64,
    0xa4, 0x2b, 0x90, 0xa5, 0x6f, 0xff, 0x28, 0x00, 0x24, 0xe5, 0xa0, 0xc0, 0xed, 0x83, 0xc0, 0xc4,
    0xed, 0x43, 0xc0, 0x34, 0xe7, 0x0f, 0x38, 0xe7, 0x20, 0xc0, 0xed, 0x43, 0xc0, 0xc0, 0x0d, 0xc3,
    0xc0, 0xc4, 0xed, 0x23, 0xc0, 0x34, 0xe7, 0x0f, 0x24, 0x85, 0xe0, 0x34, 0xc4, 0xf0, 0x60, 0xe7,
    0x31, 0xc0, 0xed, 0x23, 0xc0, 0x24, 0xe5, 0x90, 0xc0, 0xed, 0xa3, 0xc0, 0x0e, 0xf8, 0x25, 0x6b,
    0x18, 0xd0, 0x00, 0xb8, 0xb4, 0x00, 0x60, 0x47, 0xb9, 0x80, 0x24, 0xab, 0x98, 0xd0, 0x40, 0x5d,
    0xc4, 0x2c, 0xab, 0x5e, 0xd2, 0x08, 0xcf, 0x0c, 0x30, 0xe5, 0x0f, 0x6c, 0xcc, 0x40, 0x61, 0x47,
    0x34, 0x2c, 0xeb, 0x6e, 0xd3, 0x8e, 0xa2, 0x2c, 0x2d, 0x4b, 0x6e, 0x3e, 0x0a, 0x60, 0x6c, 0xea,
    0x11, 0x35, 0xe7, 0xc0, 0x24, 0x6e, 0x80, 0x28, 0x8b, 0xcc, 0x04, 0xac, 0x24, 0xce, 0x60, 0x24,
    0xee, 0x00, 0x48, 0x3d, 0xbf, 0x21, 0x8d, 0xe8, 0x24, 0xed, 0x18, 0x34, 0xe7, 0x3f, 0x60, 0xef,
    0x39, 0x20, 0xed, 0x18, 0xcc, 0xee, 0x72, 0x80, 0x2d, 0x47, 0x1e, 0x00, 0x60, 0x47, 0xb9, 0x80,
    0xd0, 0x00, 0xc6, 0x04, 0x40, 0x8c, 0x60, 0x41, 0x4c, 0x79, 0x29, 0x8b, 0x26, 0x00, 0x60, 0x47,
    0xb9, 0x80, 0xd0, 0x40, 0xcf, 0x38, 0x20, 0x0b, 0x18, 0x4b, 0xa7, 0x8f, 0xcc, 0xae, 0x72, 0x80,
    0xc4, 0xed, 0x03, 0xc0, 0x3e, 0x07, 0x38, 0xc4, 0xcd, 0x83, 0xc0, 0x3e, 0x06, 0x30, 0x6c, 0xe7,
    0x10, 0x08, 0xe6, 0x2c, 0xe5, 0x0b, 0xc4, 0xed, 0x43, 0xc0, 0x3e, 0x07, 0x38, 0xc4, 0xcd, 0xc3,
    0xc0, 0x3e, 0x06, 0x30, 0x6c, 0xe7, 0x10, 0x08, 0xe6, 0x2c, 0xe5, 0x2b, 0xc4, 0xed, 0x23, 0xc0,
    0x3e, 0x07, 0x38, 0xc4, 0xcd, 0xa3, 0xc0, 0x0e, 0x38, 0xd0, 0x00, 0xca, 0xd8, 0xda, 0x2d, 0x43,
    0xc0, 0xc4, 0xed, 0x43, 0xc0, 0x34, 0xe7, 0x0f, 0x38, 0xe7, 0x20, 0xc0, 0xed, 0x43, 0xc0, 0xda,
    0x0d, 0xc3, 0xc0, 0xc0, 0x0d, 0xc3, 0xc0, 0xcc, 0xc3, 0x72, 0x80, 0x00, 0xe8, 0x20, 0xe6, 0x18,
    0xd9, 0xed, 0x03, 0xc0, 0xd9, 0x6d, 0x83, 0xc0, 0xd9, 0x8d, 0x23, 0xc0, 0xd9, 0x4d, 0xa3, 0xc0,
    0x48, 0x13, 0x8f, 0xcc, 0xae, 0x72, 0x80, 0x24, 0xef, 0x00, 0x3e, 0x07, 0x38, 0x24, 0xcb, 0x00,
    0x3e, 0x06, 0x30, 0x6c, 0xe7, 0x10, 0x08, 0xe6, 0x2c, 0xe5, 0x0b, 0x24, 0xf1, 0x00, 0x3e, 0x07,
    0x38, 0x24, 0xd0, 0x00, 0x3e, 0x06, 0x30, 0x6c, 0xe7, 0x10, 0x08, 0xe6, 0x2c, 0xe5, 0x2b, 0x24,
    0xec, 0x00, 0x3e, 0x07, 0x38, 0x24, 0xca, 0x00, 0x3e, 0x06, 0x30, 0x6c, 0xe7, 0x10, 0x08, 0xe6,
    0x2c, 0xe5, 0x1b, 0x49, 0x3d, 0x8f, 0x00, 0x60, 0x47, 0xb9, 0x80, 0xd0, 0x10, 0xc9, 0xc4, 0xd0,
    0x48, 0xc6, 0x37, 0x20, 0x0b, 0x98, 0x00, 0x60, 0x47, 0xb9, 0x80, 0x40, 0x8c, 0xe0, 0xd0, 0x40,
    0xce, 0xd7, 0x20, 0x0b, 0xa4, 0x00, 0x60, 0x47, 0xb9, 0x80, 0x24, 0x8b, 0x98, 0xd0, 0x40, 0x41,
    0x57, 0x28, 0xeb, 0xe6, 0x3e, 0x07, 0x3a, 0x38, 0xc0, 0x26, 0x64, 0xe7, 0x33, 0x64, 0xe7, 0x63,
    0xd8, 0xc0, 0x08, 0xe4, 0x65, 0x87, 0x35, 0x3c, 0x2c, 0x00, 0x00, 0xe8, 0x65, 0x8c, 0x3a, 0x2c,
    0xeb, 0x4e, 0xd3, 0x8e, 0xc7, 0x00, 0x24, 0xab, 0xa4, 0xd0, 0x40, 0x53, 0x94, 0x2d, 0x8b, 0x4e,
    0x6c, 0xac, 0x21, 0x24, 0x6e, 0x80, 0x28, 0x97, 0xb4, 0x3e, 0x05, 0x28, 0x24, 0xce, 0x60, 0x24,
    0xee, 0x00, 0x48, 0x26, 0xbf, 0xcc, 0xee, 0x72, 0x80, 0x6d, 0x4c, 0x20, 0x24, 0x6e, 0x80, 0x28,
    0x87, 0xf4, 0x34, 0xaa, 0x0f, 0x24, 0xce, 0x60, 0x24, 0xee, 0x00, 0x4b, 0xba, 0xbf, 0xcc, 0xee,
    0x72, 0x80, 0x2d, 0x47, 0x3e, 0x00, 0x60, 0x47, 0xb9, 0x80, 0x24, 0xeb, 0x98, 0xd0, 0x40, 0x71,
    0xc7, 0x24, 0x63, 0x80, 0x28, 0x8b, 0xb4, 0x24, 0xae, 0x60, 0x24, 0xce, 0x00, 0x48, 0xbd, 0xbf,
    0x6d, 0x43, 0x20, 0xcc, 0xee, 0x72, 0x80, 0x24, 0x6e, 0x80, 0x28, 0x87, 0xf4, 0x24, 0xae, 0x60,
    0x24, 0xce, 0x00, 0x49, 0xed, 0xbf, 0x6c, 0x63, 0x21, 0x3e, 0x03, 0x18, 0x61, 0xaa, 0x1c, 0xd0,
    0x20, 0xc3, 0x84, 0x38, 0x80, 0xff, 0xd2, 0x98, 0x42, 0x64, 0xd0, 0x00, 0xcc, 0xa4, 0xcd, 0x6e,
    0x72, 0x80, 0x2c, 0xeb, 0x4e, 0xd3, 0x8e, 0xd7, 0x00, 0x24, 0xeb, 0xa4, 0xd0, 0x40, 0x7f, 0xa4,
    0x2d, 0xab, 0x4e, 0x6c, 0xad, 0x21, 0x24, 0x6e, 0x80, 0x28, 0x8b, 0xb4, 0x3e, 0x05, 0x28, 0x24,
    0xce, 0x60, 0x24, 0xee, 0x00, 0x4a, 0xfc, 0xbf, 0xcc, 0xee, 0x72, 0x80, 0x6d, 0x4d, 0x20, 0x0e,
    0xdb, 0x00, 0xe8, 0x20, 0xeb, 0x18, 0x0f, 0x31, 0xd2, 0x08, 0xc1, 0xf0, 0x6c, 0xec, 0xc0, 0x30,
    0xc7, 0x22, 0x2c, 0xcb, 0x01, 0x30, 0xc7, 0x2c, 0x2c, 0xcb, 0x21, 0x30, 0xe7, 0x2a, 0x2c, 0xeb,
    0x11, 0x00, 0x60, 0x47, 0xb9, 0x80, 0x28, 0x0b, 0x26, 0x00, 0x60, 0x47, 0xb9, 0x80, 0x20, 0x0b,
    0x18, 0x00, 0x8e, 0x4a, 0x92, 0x7f, 0xd9, 0xed, 0x03, 0xc0, 0xc4, 0xed, 0x03, 0xc0, 0x34, 0xe7,
    0x0f, 0x24, 0xc3, 0x28, 0x60, 0xe7, 0x31, 0xc0, 0xed, 0x03, 0xc0, 0xd9, 0x6d, 0x83, 0xc0, 0x24,
    0xe3, 0xa8, 0xc0, 0xed, 0x83, 0xc0, 0xda, 0x2d, 0x43, 0xc0, 0xc4, 0xed, 0x43, 0xc0, 0x34, 0xe7,
    0x0f, 0x38, 0xe7, 0x20, 0xc0, 0xed, 0x43, 0xc0, 0xda, 0x0d, 0xc3, 0xc0, 0xc0, 0x0d, 0xc3, 0xc0,
    0xd9, 0x8d, 0x23, 0xc0, 0xc4, 0xed, 0x23, 0xc0, 0x34, 0xe7, 0x0f, 0x24, 0xc3, 0x68, 0x60, 0xe7,
    0x31, 0xc0, 0xed, 0x23, 0xc0, 0xd9, 0x4d, 0xa3, 0xc0, 0x24, 0xe3, 0xe8, 0xc0, 0xed, 0xa3, 0xc0,
    0x0c, 0x11, 0xc4, 0xed, 0x03, 0xc0, 0x6c, 0xcc, 0x19, 0x34, 0xe7, 0x0f, 0x60, 0xc6, 0x39, 0xc0,
    0xcd, 0x03, 0xc0, 0x94, 0xec, 0x00, 0x00, 0xff, 0x00, 0x6c, 0xe7, 0x09, 0xc0, 0xed, 0x83, 0xc0,
    0xc4, 0xed, 0x43, 0xc0, 0x34, 0xe7, 0x0f, 0x38, 0xe7, 0x20, 0xc0, 0xed, 0x43, 0xc0, 0xc0, 0x0d,
    0xc3, 0xc0, 0xc4, 0xcd, 0x23, 0xc0, 0x94, 0xec, 0x00, 0xff, 0x00, 0x00, 0x6c, 0xe7, 0x11, 0x34,
    0xc6, 0x0f, 0x60, 0xe7, 0x31, 0xc0, 0xed, 0x23, 0xc0, 0x3e, 0x0c, 0x38, 0xc0, 0xed, 0xa3, 0xc0,
    0x46, 0x9a, 0xbf, 0x00, 0xe2, 0x60, 0xe7, 0x65, 0x6c, 0xe7, 0x40, 0x61, 0x45, 0x3d, 0x38, 0xe0,
    0xf0, 0xd3, 0xd4, 0x7e, 0xc0, 0x39, 0x40, 0x08, 0x39, 0x80, 0x08, 0x01, 0xe0, 0x46, 0xef, 0x3f,
    0x00, 0xc2, 0x60, 0xc6, 0x65, 0x6c, 0xc6, 0xc0, 0x38, 0xe0, 0x26, 0x60, 0xe7, 0x35, 0x2c, 0xeb,
    0x01, 0x38, 0xe0, 0x2a, 0x60, 0xe7, 0x35, 0x2c, 0xeb, 0x21, 0x38, 0xe0, 0x2e, 0x60, 0xe7, 0x35,
    0x2c, 0xeb, 0x11, 0x00, 0x60, 0x47, 0xb9, 0x80, 0x3e, 0x0a, 0x60, 0x6c, 0xea, 0x11, 0x35, 0xe7,
    0xc0, 0x46, 0xc3, 0x3f, 0x24, 0x63, 0x80, 0x28, 0x8b, 0x8c, 0x24, 0xae, 0x60, 0x24, 0xce, 0x00,
    0x4a, 0x2a, 0xbf, 0x2c, 0x6b, 0x1e, 0xcd, 0x4e, 0x72, 0x80, 0x2c, 0xea, 0x5e, 0x34, 0xe7, 0xc0,
    0x6c, 0xe7, 0x10, 0x2c, 0xea, 0x1e, 0x2d, 0x6a, 0x5e, 0x24, 0x6e, 0x80, 0x28, 0x8a, 0xcc, 0x24,
    0xae, 0x60, 0x24, 0xce, 0x00, 0x48, 0xd2, 0xbf, 0x08, 0x6b, 0x2c, 0x6a, 0x1e, 0xcc, 0xee, 0x72,
    0x80, 0x2c, 0xe7, 0x5e, 0x3e, 0x07, 0x38, 0x20, 0xed, 0xe8, 0x24, 0xcd, 0x18, 0xcc, 0xee, 0x72,
    0x80, 0x2c, 0xe7, 0x5e, 0x34, 0xc6, 0x3f, 0x6c, 0xe7, 0x11, 0x34, 0xe7, 0xc0, 0x60, 0xc6, 0x39,
    0x20, 0xcd, 0x18, 0xcd, 0x4e, 0x72, 0x80, 0x24, 0x6e, 0x80, 0x28, 0x8a, 0xb4, 0x24, 0xae, 0x60,
    0x24, 0xce, 0x00, 0x49, 0xdc, 0xbf, 0x2c, 0x6a, 0x3e, 0xcd, 0x4e, 0x72, 0x80, 0x2c, 0xea, 0x7e,
    0x6c, 0xe7, 0x10, 0x2c, 0xea, 0x3e, 0x2d, 0x6a, 0x7e, 0x24, 0x6e, 0x80, 0x28, 0x8a, 0xf4, 0x24,
    0xae, 0x60, 0x24, 0xce, 0x00, 0x48, 0xcc, 0xbf, 0x08, 0x6b, 0x2c, 0x6a, 0x3e, 0xcc, 0xce, 0x72,
    0x80, 0x00, 0xe8, 0x20, 0xe6, 0x98, 0x00, 0x60, 0x47, 0xb9, 0x80, 0x31, 0xad, 0x50, 0xcd, 0x6e,
    0x72, 0x80, 0x46, 0x0f, 0xbf, 0x31, 0x4c, 0x10, 0x94, 0xaa, 0x00, 0xff, 0x00, 0x00, 0x24, 0x63,
    0x80, 0x28, 0x8b, 0xac, 0x6c, 0xa5, 0x11, 0x24, 0xce, 0x60, 0x24, 0xee, 0x00, 0x4a, 0xbd, 0x3f,
    0xcc, 0xee, 0x72, 0x80, 0x24, 0x6e, 0x80, 0x28, 0x87, 0xec, 0x3e, 0x0a, 0x28, 0x24, 0xce, 0x60,
    0x24, 0xee, 0x00, 0x4b, 0xed, 0x3f, 0xce, 0xee, 0x72, 0x80, 0x46, 0x6c, 0xbf, 0xcd, 0x6e, 0x72,
    0x80, 0x2c, 0xeb, 0x4e, 0x6d, 0xa7, 0x41, 0x46, 0xd5, 0xbf, 0x38, 0xa0, 0x50, 0xd3, 0xda, 0x56,
    0x20, 0xcd, 0x6e, 0x72, 0x80, 0x39, 0xa0, 0x50, 0x46, 0x59, 0xbf, 0x31, 0x4d, 0x10, 0x94, 0xaa,
    0x00, 0xff, 0x00, 0x00, 0x24, 0x6e, 0x80, 0x28, 0x8b, 0xac, 0x6c, 0xa5, 0x11, 0x24, 0xce, 0x60,
    0x24, 0xee, 0x00, 0x4b, 0xe5, 0x3f, 0xcc, 0xee, 0x72, 0x80, 0x24, 0x6e, 0x80, 0x28, 0x87, 0xec,
    0x3e, 0x0a, 0x28, 0x24, 0xce, 0x60, 0x24, 0xee, 0x00, 0x4a, 0x45, 0x3f, 0xcd, 0x6e, 0x72, 0x80,
    0x46, 0xce, 0xbf, 0x31, 0xad, 0x6f, 0xcd, 0x6e, 0x72, 0x80, 0x46, 0x1a, 0xbf, 0x47, 0xa8, 0x80,
    0x8c, 0x60, 0x61, 0xf0, 0xa8, 0x00, 0x40, 0x03, 0x2e, 0x20, 0x03, 0x14, 0x20, 0x03, 0x94, 0x30,
    0x63, 0x34, 0x00, 0x80, 0xd8, 0xa0, 0x28, 0x80, 0x49, 0x96, 0x0f, 0x8f, 0x00, 0x61, 0xf0, 0xa8,
    0x00, 0xcc, 0x18, 0x02, 0x80, 0x98, 0xe0, 0x35, 0x40, 0xa8, 0x00, 0x98, 0xc0, 0x23, 0x40, 0xa8,
    0x00, 0xd3, 0x8e, 0x69, 0x20, 0x04, 0xa7, 0x00, 0x80, 0x2a, 0xf8, 0xc0, 0x38, 0xe0, 0xe8, 0x98,
    0xc0, 0x23, 0x40, 0xa8, 0x00, 0x60, 0xe7, 0x35, 0x90, 0xe7, 0x23, 0x40, 0xa8, 0x00, 0x38, 0xc0,
    0x18, 0x64, 0xe7, 0x35, 0x00, 0xf8, 0x64, 0xe7, 0x33, 0x0c, 0xc0, 0x30, 0xa5, 0x18, 0x30, 0x84,
    0x18, 0xd2, 0x88, 0x79, 0x80, 0x28, 0xc5, 0x80, 0xd2, 0xee, 0x6c, 0xff, 0xcc, 0xb8, 0x02, 0x80,
    0x30, 0xa5, 0x18, 0x30, 0x84, 0x18, 0xd2, 0xc8, 0x7f, 0x7f, 0x8c, 0x60, 0x51, 0xf0, 0xa8, 0x00,
    0x40, 0x03, 0x2e, 0x20, 0x03, 0x14, 0x20, 0x03, 0x94, 0x30, 0x63, 0x34, 0x00, 0x80, 0xd8, 0xa0,
    0x28, 0x80, 0x48, 0xd2, 0x0f, 0x8f, 0x00, 0x51, 0xf0, 0xa8, 0x00, 0xcc, 0x18, 0x02, 0x80, 0x98,
    0xe0, 0x18, 0x20, 0xa8, 0x00, 0x98, 0xc0, 0x0c, 0x20, 0xa8, 0x00, 0xd3, 0x8e, 0x69, 0x20, 0x04,
    0xa7, 0x00, 0x80, 0x2a, 0xf8, 0xc0, 0x38, 0xe0, 0xe8, 0x98, 0xc0, 0x0c, 0x20, 0xa8, 0x00, 0x60,
    0xe7, 0x35, 0x90, 0xe7, 0x0c, 0x20, 0xa8, 0x00, 0x38, 0xc0, 0x18, 0x64, 0xe7, 0x35, 0x00, 0xf8,
    0x64, 0xe7, 0x33, 0x0c, 0xc0, 0x30, 0xa5, 0x18, 0x30, 0x84, 0x18, 0xd2, 0x88, 0x79, 0x80, 0x28,
    0xc5, 0x80, 0xd2, 0xee, 0x6c, 0xff, 0xcc, 0xb8, 0x02, 0x80, 0x30, 0xa5, 0x18, 0x30, 0x84, 0x18,
    0xd2, 0xc8, 0x7f, 0x7f, 0x47, 0xb8, 0x80, 0x00, 0x47, 0xaa, 0xc0, 0x05, 0x43, 0x05, 0xa5, 0x40,
    0x03, 0x5a, 0x24, 0xe3, 0x00, 0x41, 0x07, 0x9a, 0x44, 0x05, 0x8a, 0x05, 0x64, 0x01, 0x80, 0x0e,
    0xc0, 0x01, 0x98, 0x01, 0x74, 0xd3, 0x18, 0xd2, 0x20, 0x24, 0xea, 0x00, 0x24, 0x6a, 0x80, 0x24,
    0x8b, 0x00, 0x24, 0xab, 0x80, 0x24, 0xca, 0x60, 0x49, 0x4a, 0x3f, 0x2c, 0xea, 0x44, 0x24, 0xcb,
    0x00, 0xd2, 0xce, 0x60, 0x7f, 0x2c, 0x01, 0x20, 0x2c, 0xca, 0x64, 0x2c, 0xe1, 0x60, 0xd3, 0x8e,
    0x6c, 0xbf, 0x2c, 0xe1, 0x60, 0x00, 0xf8, 0x2c, 0xe1, 0x20, 0x2c, 0xe1, 0x60, 0xd3, 0xcc, 0x7a,
    0xff, 0x01, 0x98, 0x01, 0x74, 0xd3, 0x5a, 0xc2, 0x3f, 0x00, 0x60, 0x47, 0xba, 0xc0, 0x44, 0x05,
    0xdf, 0x05, 0x64, 0x01, 0x80, 0x0e, 0xc0, 0x01, 0x98, 0x01, 0x72, 0xd3, 0x18, 0xd7, 0x7f, 0x24,
    0xea, 0x00, 0x24, 0x6a, 0x80, 0x28, 0x8b, 0x80, 0x24, 0xab, 0xc0, 0x24, 0xca, 0x60, 0x48, 0xbc,
    0x3f, 0x2c, 0xea, 0x44, 0x28, 0xcb, 0x80, 0xd2, 0xce, 0x60, 0x7f, 0x2c, 0x01, 0x20, 0x2c, 0xca,
    0x64, 0x2c, 0xe1, 0x60, 0xd3, 0x8e, 0x6c, 0xbf, 0x2c, 0xe1, 0x60, 0x00, 0xf8, 0x2c, 0xe1, 0x20,
    0x2c, 0xe1, 0x60, 0xd3, 0xcc, 0x7a, 0xff, 0x0c, 0x0f, 0x47, 0xa4, 0x00, 0x05, 0x43, 0x40, 0x03,
    0x14, 0x2c, 0xe3, 0x50, 0x41, 0x07, 0x38, 0x04, 0x6a, 0x50, 0x8a, 0x30, 0x48, 0xf3, 0xff, 0x2c,
    0xea, 0x68, 0x2c, 0xea, 0x18, 0x24, 0xea, 0x38, 0x20, 0xea, 0xb8, 0x00, 0x60, 0x47, 0xb4, 0x00,
    0x47, 0xd1, 0x38, 0x42, 0x03, 0x27, 0x00, 0x6f, 0x47, 0xb4, 0x00, 0x47, 0xac, 0x80, 0x8c, 0xe0,
    0x68, 0x30, 0xa8, 0x00, 0x34, 0xe7, 0x01, 0xd0, 0x40, 0x7f, 0xd0, 0x98, 0x60, 0x1a, 0x80, 0xa8,
    0x00, 0x8c, 0x60, 0x21, 0xf0, 0xa8, 0x00, 0x98, 0xe0, 0x23, 0x40, 0xa8, 0x00, 0x8c, 0xe0, 0x11,
    0xf0, 0xa8, 0x00, 0x98, 0xe0, 0x35, 0x40, 0xa8, 0x00, 0xd3, 0x86, 0x7f, 0x40, 0x01, 0x48, 0x0c,
    0xe0, 0x8c, 0xe0, 0x61, 0xf0, 0xa8, 0x00, 0xd8, 0x67, 0x2a, 0x80, 0x8c, 0x60, 0x21, 0xf0, 0xa8,
    0x00, 0x98, 0xe0, 0x35, 0x40, 0xa8, 0x00, 0xd3, 0x86, 0x78, 0x80, 0x21, 0x43, 0x60, 0x4b, 0x7b,
    0xff, 0x41, 0x03, 0x07, 0x01, 0x68, 0x0f, 0xa0, 0x8c, 0xe0, 0x68, 0x30, 0xa8, 0x00, 0x34, 0xe7,
    0x04, 0xd0, 0x40, 0x7c, 0x10, 0x8c, 0x00, 0x21, 0xf0, 0xa8, 0x00, 0x01, 0x60, 0x8c, 0x60, 0x51,
    0xf0, 0xa8, 0x00, 0x98, 0xe0, 0x18, 0x20, 0xa8, 0x00, 0xd3, 0x86, 0x76, 0xc0, 0x01, 0x44, 0x0c,
    0xe0, 0x8c, 0xe0, 0x51, 0xf0, 0xa8, 0x00, 0xd8, 0x67, 0x2a, 0x80, 0x8c, 0x60, 0x11, 0xf0, 0xa8,
    0x00, 0x98, 0xe0, 0x18, 0x20, 0xa8, 0x00, 0xd3, 0x86, 0x71, 0x80, 0x21, 0x43, 0x60, 0x4b, 0x53,
    0xff, 0x41, 0x03, 0x07, 0x3c, 0x0b, 0x00, 0x00, 0xef, 0x64, 0x67, 0x02, 0x47, 0xbc, 0x80, 0x8c,
    0xe0, 0x68, 0x30, 0xa8, 0x00, 0x34, 0xe7, 0x04, 0x41, 0x07, 0x98, 0x8c, 0x00, 0x11, 0xf0, 0xa8,
    0x00, 0x00, 0x6f, 0x47, 0xbc, 0x80, 0x98, 0x60, 0xcf, 0x9b, 0x28, 0x00, 0x4b, 0xa3, 0x77, 0x0c,
    0xf3, 0x98, 0x60, 0xd8, 0x5b, 0x28, 0x00, 0x48, 0xc3, 0x77, 0x8c, 0x00, 0x11, 0xf0, 0xa8, 0x00,
    0x00, 0x6f, 0x0e, 0x1f, 0x98, 0x60, 0x60, 0x5b, 0x28, 0x00, 0x4a, 0x7d, 0x77, 0x0c, 0x7b, 0x38,
    0xe0, 0xc4, 0x80, 0xe0, 0xc0, 0xa4, 0x18, 0x01, 0x80, 0xe0, 0x20, 0xa4, 0x18, 0x01, 0x38, 0xe0,
    0x10, 0x80, 0xe0, 0x50, 0xa4, 0x18, 0x01, 0x80, 0xe0, 0xd0, 0xa4, 0x18, 0x01, 0x38, 0xe0, 0x0c,
    0x80, 0xe0, 0x00, 0xa4, 0x18, 0x01, 0x38, 0xe0, 0x28, 0x80, 0xe0, 0x80, 0xa4, 0x18, 0x01, 0x38,
    0xe0, 0x18, 0x80, 0xe0, 0x40, 0xa4, 0x18, 0x01, 0x47, 0xd2, 0x48, 0x00, 0x31, 0x84, 0xe0, 0x28,
    0xa4, 0x18, 0x01, 0x34, 0xe7, 0x80, 0x40, 0x07, 0xef, 0x84, 0xe0, 0x00, 0xa4, 0x18, 0x01, 0x3e,
    0x07, 0x19, 0x3c, 0x23, 0xb0, 0x38, 0xe0, 0x50, 0x64, 0x63, 0x3a, 0x84, 0xe0, 0x44, 0xa4, 0x18,
    0x01, 0x3e, 0x07, 0x39, 0x20, 0xe1, 0xe0, 0x24, 0xe1, 0xe0, 0x34, 0xe7, 0x60, 0x41, 0x07, 0x77,
    0x38, 0xe0, 0x50, 0xd2, 0x86, 0x7c, 0x80, 0x3e, 0x03, 0x38, 0x80, 0xe0, 0x08, 0xa4, 0x18, 0x01,
    0x30, 0x21, 0x10, 0x47, 0xd2, 0x48, 0x38, 0xe0, 0xb0, 0x80, 0xe0, 0x08, 0xa4, 0x18, 0x01, 0x20,
    0x01, 0xe0, 0x24, 0xe1, 0xe0, 0x3e, 0x07, 0x39, 0x43, 0x27, 0xfb, 0x24, 0xe1, 0xe0, 0x00, 0xf8,
    0x3e, 0x07, 0x39, 0x20, 0xe1, 0xe0, 0x24, 0xe1, 0xe0, 0x3e, 0x07, 0x39, 0x44, 0x27, 0xf7, 0x3e,
    0x03, 0x38, 0x80, 0xe0, 0x08, 0xa4, 0x18, 0x01, 0x30, 0x21, 0x10, 0x47, 0xd2, 0x48, 0x47, 0xa8,
    0x80, 0x84, 0xe0, 0x28, 0xa4, 0x18, 0x01, 0x34, 0xe7, 0x80, 0x00, 0x6f, 0x41, 0x07, 0x60, 0x47,
    0xb8, 0x80, 0x4a, 0x5b, 0xff, 0x47, 0xb8, 0x80, 0x3e, 0x03, 0x18, 0x80, 0x60, 0x08, 0xa4, 0x18,
    0x01, 0x47, 0xd2, 0x48, 0x00, 0x31, 0x84, 0xe0, 0x44, 0xa4, 0x18, 0x01, 0x3e, 0x07, 0x39, 0x20,
    0xe1, 0xe0, 0x24, 0xe1, 0xe0, 0x34, 0xe7, 0x60, 0x41, 0x07, 0x77, 0x38, 0xe0, 0x50, 0xd2, 0x86,
    0x7c, 0x80, 0x3e, 0x03, 0x38, 0x80, 0xe0, 0x08, 0xa4, 0x18, 0x01, 0x30, 0x21, 0x10, 0x47, 0xd2,
    0x48, 0x38, 0xe0, 0xb0, 0x80, 0xe0, 0x08, 0xa4, 0x18, 0x01, 0x20, 0x01, 0xe0, 0x24, 0xe1, 0xe0,
    0x3e, 0x07, 0x39, 0x43, 0x27, 0xfb, 0x24, 0xe1, 0xe0, 0x00, 0xf8, 0x3e, 0x07, 0x39, 0x20, 0xe1,
    0xe0, 0x24, 0xe1, 0xe0, 0x3e, 0x07, 0x39, 0x44, 0x27, 0xf7, 0x3e, 0x03, 0x38, 0x80, 0xe0, 0x08,
    0xa4, 0x18, 0x01, 0x30, 0x21, 0x10, 0x47, 0xd2, 0x48, 0x04, 0xc3, 0x84, 0xe0, 0x44, 0xa4, 0x18,
    0x01, 0x34, 0xe7, 0x60, 0x00, 0x6f, 0x41, 0x07, 0x70, 0x3e, 0x06, 0x38, 0x80, 0xe0, 0x08, 0xa4,
    0x18, 0x01, 0x00, 0x60, 0x47, 0xd2, 0x48, 0x00, 0x31, 0x24, 0xe3, 0x00, 0x3e, 0x07, 0x31, 0x40,
    0x06, 0x6c, 0x38, 0xa0, 0xb0, 0x84, 0xe0, 0x44, 0xa4, 0x18, 0x01, 0x3e, 0x07, 0x39, 0x20, 0xe1,
    0xe0, 0x24, 0xe1, 0xe0, 0x34, 0xe7, 0x60, 0x41, 0x07, 0x77, 0x38, 0xe0, 0x50, 0xd2, 0x8c, 0x77,
    0x80, 0x3e, 0x06, 0x38, 0x80, 0xe0, 0x08, 0xa4, 0x18, 0x01, 0x00, 0x78, 0x24, 0xe3, 0x00, 0x3e,
    0x07, 0x31, 0x41, 0x06, 0xcb, 0x30, 0x21, 0x10, 0x47, 0xd2, 0x48, 0x80, 0xa0, 0x08, 0xa4, 0x18,
    0x01, 0x20, 0x01, 0xe0, 0x24, 0xe1, 0xe0, 0x3e, 0x07, 0x39, 0x43, 0x27, 0xeb, 0x24, 0xe1, 0xe0,
    0x00, 0xf8, 0x3e, 0x07, 0x39, 0x20, 0xe1, 0xe0, 0x24, 0xe1, 0xe0, 0x3e, 0x07, 0x39, 0x44, 0x27,
    0xf7, 0x0c, 0x0f, 0x00, 0x47, 0xa8, 0x80, 0x84, 0x80, 0x04, 0x1c, 0xa8, 0x00, 0xd2, 0x28, 0x4a,
    0x80, 0x8c, 0xe0, 0x68, 0x30, 0xa8, 0x00, 0x34, 0xe7, 0x04, 0x00, 0x6f, 0x41, 0x07, 0x4a, 0x47,
    0xb8, 0x80, 0x6c, 0xe4, 0x40, 0x90, 0xe7, 0x20, 0x4d, 0x28, 0x00, 0x2c, 0xe7, 0x40, 0x47, 0xd2,
    0x38, 0x00, 0x00, 0x00, 0x00, 0x14, 0xb2, 0x39, 0x00, 0x14, 0xb2, 0x26, 0x00, 0x14, 0xb2, 0x26,
    0x00, 0x14, 0xb2, 0x21, 0x00, 0x14, 0xb2, 0x1c, 0x00, 0x14, 0xb2, 0x21, 0x00, 0x6c, 0x47, 0xb8,
    0x80, 0x00, 0x62, 0x47, 0xb8, 0x80, 0x88, 0xe0, 0xf0, 0x1c, 0xa8, 0x00, 0x3c, 0x27, 0x00, 0x00,
    0xca, 0x00, 0xe8, 0x64, 0x67, 0x32, 0x47, 0xb8, 0x80, 0x00, 0x64, 0x47, 0xb8, 0x80, 0x98, 0x60,
    0x0c, 0x5b, 0x28, 0x00, 0x4b, 0xd4, 0x77, 0x00, 0x6f, 0x47, 0xb8, 0x80, 0x47, 0xa1, 0x00, 0x05,
    0xa3, 0x05, 0xe4, 0x40, 0x03, 0x2a, 0x00, 0xec, 0x60, 0xe3, 0x3a, 0x08, 0xe4, 0x25, 0xc7, 0x00,
    0x40, 0x0e, 0xe2, 0x6d, 0x8e, 0xc0, 0x01, 0x60, 0x01, 0x40, 0x02, 0x08, 0x40, 0x0c, 0xe2, 0x8c,
    0x60, 0x61, 0xf0, 0xa8, 0x00, 0x04, 0x8a, 0x4a, 0x26, 0x3f, 0x40, 0x03, 0x90, 0x60, 0xf0, 0x56,
    0x61, 0x6b, 0x39, 0x01, 0x58, 0xd3, 0x58, 0xaa, 0x40, 0x40, 0x0e, 0x78, 0x30, 0x6d, 0x80, 0x00,
    0xa0, 0x00, 0x8c, 0x60, 0xe3, 0x22, 0x08, 0xef, 0x60, 0xcb, 0x2f, 0x20, 0xc7, 0x00, 0x00, 0x78,
    0x30, 0xa5, 0x10, 0xd2, 0xca, 0xc0, 0xff, 0x47, 0xb1, 0x00, 0x38, 0xe0, 0x88, 0xd3, 0x0e, 0xa4,
    0x3f, 0x0c, 0x6f, 0x05, 0x6c, 0x0c, 0xaf, 0x47, 0xa1, 0x00, 0x05, 0xa3, 0x05, 0xe4, 0x40, 0x03,
    0xaa, 0x00, 0xec, 0x60, 0xe3, 0x3a, 0x08, 0xe4, 0x25, 0xc7, 0x00, 0x40, 0x0e, 0x12, 0x6d, 0x8e,
    0xc0, 0x01, 0x60, 0x01, 0x40, 0x02, 0x08, 0x40, 0x0c, 0x12, 0x8c, 0x60, 0x61, 0xf0, 0xa8, 0x00,
    0x30, 0x8a, 0x04, 0x4a, 0x92, 0x3f, 0x40, 0x03, 0x90, 0x60, 0xf0, 0x56, 0x61, 0x6b, 0x39, 0x01,
    0x58, 0xd3, 0x58, 0xaa, 0x40, 0x40, 0x0e, 0x78, 0x30, 0x6d, 0x80, 0x00, 0xa0, 0x00, 0x8c, 0x60,
    0xe3, 0x22, 0x08, 0xef, 0x60, 0xcb, 0x2f, 0x20, 0xc7, 0x00, 0x00, 0x78, 0x30, 0xa5, 0x10, 0xd2,
    0xca, 0xc0, 0xff, 0x47, 0xb1, 0x00, 0x38, 0xe0, 0x48, 0xd3, 0x0e, 0xa8, 0x3f, 0x0c, 0x6f, 0x05,
    0x6c, 0x0c, 0xaf, 0x47, 0xaa, 0x80, 0x05, 0x83, 0x2c, 0xa3, 0x48, 0x40, 0x05, 0x6c, 0x01, 0x60,
    0x00, 0xc0, 0x39, 0xa0, 0x24, 0x0d, 0x40, 0x01, 0x78, 0x04, 0xcb, 0xd3, 0x96, 0x56, 0x40, 0x64,
    0xc6, 0x6b, 0x2c, 0xec, 0x50, 0x61, 0x47, 0x34, 0x24, 0xea, 0x20, 0x41, 0x07, 0x37, 0x04, 0x6a,
    0x48, 0x90, 0x47, 0x20, 0x6a, 0x20, 0x2c, 0xac, 0x48, 0x01, 0x78, 0x04, 0xcb, 0xd3, 0xca, 0xb4,
    0x7f, 0x2c, 0x6c, 0x70, 0x40, 0x03, 0x3c, 0x2c, 0xcc, 0x68, 0x40, 0x06, 0x6c, 0x01, 0x60, 0x00,
    0xe0, 0x39, 0xa0, 0x24, 0x0e, 0xc0, 0x01, 0x78, 0x04, 0xeb, 0xd3, 0x96, 0x66, 0x40, 0x2c, 0x6c,
    0x70, 0x64, 0xe7, 0x6b, 0x61, 0x43, 0x3c, 0x24, 0xea, 0x20, 0x41, 0x07, 0x37, 0x04, 0x6a, 0x4a,
    0x9f, 0x87, 0x20, 0x6a, 0x20, 0x2c, 0xcc, 0x68, 0x01, 0x78, 0x04, 0xeb, 0xd3, 0xcc, 0xb4, 0x7f,
    0x47, 0xba, 0x80, 0x47, 0xa8, 0x80, 0x84, 0xe0, 0x72, 0x44, 0x18, 0x01, 0x3e, 0x07, 0x39, 0xd1,
    0x40, 0x73, 0x08, 0x48, 0x6b, 0x7f, 0xd1, 0x40, 0x3b, 0x70, 0x4b, 0x3a, 0x7f, 0x98, 0x60, 0x3f,
    0xec, 0xa8, 0x00, 0x00, 0x80, 0x38, 0xa0, 0x2c, 0x49, 0x93, 0x77, 0x00, 0xea, 0x8c, 0xe0, 0x28,
    0x1c, 0xa8, 0x00, 0x8c, 0xe0, 0x18, 0x1c, 0xa8, 0x00, 0x00, 0xe8, 0x8c, 0xe0, 0x38, 0x1c, 0xa8,
    0x00, 0x80, 0x00, 0x04, 0x1c, 0xa8, 0x00, 0x8c, 0x00, 0x34, 0x1c, 0xa8, 0x00, 0x88, 0x00, 0x44,
    0x1c, 0xa8, 0x00, 0x84, 0xe0, 0x3c, 0xe7, 0x28, 0x00, 0xd0, 0x40, 0x78, 0xb0, 0x8c, 0x60, 0x73,
    0x27, 0x28, 0x00, 0x98, 0x80, 0x29, 0xc7, 0x28, 0x00, 0x4b, 0x09, 0xff, 0x8c, 0x00, 0x33, 0x27,
    0x28, 0x00, 0x8c, 0x60, 0x65, 0xa7, 0x28, 0x00, 0x98, 0x80, 0x2b, 0x27, 0x28, 0x00, 0x49, 0xd1,
    0xff, 0x8c, 0x00, 0x25, 0xa7, 0x28, 0x00, 0x8c, 0x60, 0x7e, 0x67, 0x28, 0x00, 0x98, 0x80, 0x35,
    0xa7, 0x28, 0x00, 0x4a, 0x61, 0xff, 0x8c, 0x00, 0x3e, 0x67, 0x28, 0x00, 0x8c, 0x60, 0x4b, 0x27,
    0x28, 0x00, 0x98, 0x80, 0x29, 0xc7, 0x28, 0x00, 0x4b, 0xd9, 0xff, 0x8c, 0x00, 0x0b, 0x27, 0x28,
    0x00, 0x8c, 0x60, 0x55, 0xa7, 0x28, 0x00, 0x98, 0x80, 0x2b, 0x27, 0x28, 0x00, 0x49, 0x69, 0xff,
    0x8c, 0x00, 0x15, 0xa7, 0x28, 0x00, 0x8c, 0x60, 0x41, 0x67, 0x28, 0x00, 0x98, 0x80, 0x35, 0xa7,
    0x28, 0x00, 0x4a, 0x89, 0xff, 0x8c, 0x00, 0x01, 0x67, 0x28, 0x00, 0x8c, 0x60, 0x61, 0xf0, 0xa8,
    0x00, 0x40, 0x03, 0xb0, 0xcc, 0x63, 0x42, 0x80, 0x40, 0x03, 0x60, 0x48, 0x65, 0xff, 0x8c, 0x60,
    0x51, 0xf0, 0xa8, 0x00, 0x40, 0x03, 0xcc, 0xcc, 0x63, 0x42, 0x80, 0x40, 0x03, 0x34, 0x47, 0xc8,
    0x80, 0x0d, 0x05, 0x8c, 0xe0, 0x68, 0x30, 0xa8, 0x00, 0x34, 0xe7, 0x04, 0xd0, 0x00, 0x78, 0x8f,
    0x98, 0x60, 0xea, 0x5b, 0x28, 0x00, 0x4a, 0xf1, 0xb7, 0x0c, 0x83, 0x98, 0x60, 0xfc, 0x5b, 0x28,
    0x00, 0x47, 0xc8, 0x80, 0x46, 0xf4, 0x6d, 0x47, 0xb8, 0x80, 0x98, 0x60, 0x0e, 0x5b, 0x28, 0x00,
    0x4b, 0x11, 0xb7, 0x98, 0x60, 0x39, 0x67, 0x28, 0x00, 0x38, 0x80, 0x28, 0x4a, 0x13, 0x77, 0x98,
    0x60, 0x0d, 0x67, 0x28, 0x00, 0x38, 0x80, 0x28, 0x4a, 0xa3, 0x77, 0x98, 0x60, 0x23, 0x67, 0x28,
    0x00, 0x38, 0x80, 0x28, 0x4a, 0x43, 0x77, 0x98, 0x60, 0x1b, 0x67, 0x28, 0x00, 0x38, 0x80, 0x30,
    0x4a, 0xfd, 0x77, 0x98, 0x60, 0x1e, 0xe7, 0x28, 0x00, 0x00, 0x82, 0x49, 0x3d, 0x77, 0x84, 0x80,
    0x3c, 0xe7, 0x28, 0x00, 0x00, 0x9c, 0x98, 0x60, 0x3c, 0xe7, 0x28, 0x00, 0x94, 0x84, 0x3f, 0x80,
    0x00, 0x00, 0x4b, 0x6d, 0x77, 0x84, 0x80, 0x18, 0xe7, 0x28, 0x00, 0x00, 0x9c, 0x98, 0x60, 0x18,
    0xe7, 0x28, 0x00, 0x94, 0x84, 0x3f, 0x80, 0x00, 0x00, 0x48, 0x8d, 0x77, 0x84, 0x80, 0x2f, 0x67,
    0x28, 0x00, 0x00, 0x9c, 0x98, 0x60, 0x2f, 0x67, 0x28, 0x00, 0x94, 0x84, 0x3f, 0x80, 0x00, 0x00,
    0x4a, 0xd5, 0x77, 0x84, 0x80, 0x27, 0x67, 0x28, 0x00, 0x00, 0x9c, 0x98, 0x60, 0x27, 0x67, 0x28,
    0x00, 0x94, 0x84, 0x3f, 0x80, 0x00, 0x00, 0x49, 0xa5, 0x77, 0x84, 0x80, 0xe1, 0x67, 0x28, 0x00,
    0x6c, 0x84, 0x10, 0x84, 0xe0, 0x61, 0x67, 0x28, 0x00, 0x60, 0x84, 0x39, 0x00, 0x9c, 0x98, 0x60,
    0x21, 0x67, 0x28, 0x00, 0x94, 0x84, 0x3f, 0xff, 0x80, 0x00, 0x4b, 0x39, 0x77, 0x84, 0x80, 0xe9,
    0xc7, 0x28, 0x00, 0x6c, 0x84, 0x10, 0x84, 0xe0, 0x69, 0xc7, 0x28, 0x00, 0x60, 0x84, 0x39, 0x00,
    0x9c, 0x98, 0x60, 0x29, 0xc7, 0x28, 0x00, 0x94, 0x84, 0x3f, 0xff, 0x80, 0x00, 0x48, 0x29, 0x77,
    0x84, 0x80, 0xeb, 0x27, 0x28, 0x00, 0x6c, 0x84, 0x10, 0x84, 0xe0, 0x6b, 0x27, 0x28, 0x00, 0x60,
    0x84, 0x39, 0x00, 0x9c, 0x98, 0x60, 0x2b, 0x27, 0x28, 0x00, 0x94, 0x84, 0x3f, 0xff, 0x80, 0x00,
    0x4a, 0xd1, 0x77, 0x84, 0x80, 0xf5, 0xa7, 0x28, 0x00, 0x6c, 0x84, 0x10, 0x84, 0xe0, 0x75, 0xa7,
    0x28, 0x00, 0x60, 0x84, 0x39, 0x00, 0x9c, 0x98, 0x60, 0x35, 0xa7, 0x28, 0x00, 0x94, 0x84, 0x3f,
    0xff, 0x80, 0x00, 0x49, 0x41, 0x77, 0x0f, 0x81, 0x47, 0xa4, 0x00, 0x05, 0x45, 0x86, 0xe0, 0x04,
    0x1c, 0xa8, 0x00, 0xd1, 0xe9, 0x7a, 0xa8, 0x6c, 0xf7, 0x40, 0x90, 0xe7, 0x18, 0x6d, 0x28, 0x00,
    0x2c, 0xe7, 0x40, 0x47, 0xd2, 0x38, 0x00, 0x00, 0x00, 0x14, 0xb7, 0x5b, 0x00, 0x14, 0xb6, 0x61,
    0x00, 0x14, 0xb6, 0x61, 0x00, 0x14, 0xb6, 0x30, 0x00, 0x14, 0xb6, 0x30, 0x00, 0x14, 0xb6, 0x30,
    0x38, 0xe0, 0x10, 0xd2, 0x8c, 0x76, 0xc4, 0x80, 0x00, 0x04, 0x1c, 0xa8, 0x00, 0x38, 0xe0, 0x10,
    0x88, 0xe0, 0x30, 0x1c, 0xa8, 0x00, 0x98, 0xe0, 0x00, 0x08, 0x40, 0x03, 0x8c, 0xe0, 0x20, 0x1c,
    0xa8, 0x00, 0x98, 0x60, 0x00, 0x08, 0x40, 0x03, 0x38, 0x80, 0x10, 0x47, 0xc4, 0x00, 0x46, 0x50,
    0x70, 0x38, 0xe0, 0x10, 0xd2, 0x8c, 0x72, 0xb8, 0x88, 0xc0, 0xf0, 0x1c, 0xa8, 0x00, 0x60, 0xe5,
    0x34, 0x88, 0xe0, 0x70, 0x1c, 0xa8, 0x00, 0x88, 0xa0, 0x50, 0x1c, 0xa8, 0x00, 0x88, 0xc0, 0x90,
    0x1c, 0xa8, 0x00, 0x60, 0xe5, 0x34, 0x88, 0xe0, 0x10, 0x1c, 0xa8, 0x00, 0x88, 0x80, 0xb0, 0x1c,
    0xa8, 0x00, 0x88, 0xa0, 0xf0, 0x1c, 0xa8, 0x00, 0xd2, 0x88, 0x5a, 0x80, 0x8c, 0xe0, 0x68, 0x30,
    0xa8, 0x00, 0x34, 0xe7, 0x40, 0xd0, 0x40, 0x7f, 0xac, 0xd0, 0x11, 0x77, 0x6c, 0x01, 0x40, 0x88,
    0x80, 0x90, 0x1c, 0xa8, 0x00, 0x00, 0xc0, 0xd8, 0xe0, 0x00, 0x40, 0xd3, 0x8e, 0x4c, 0x80, 0x8c,
    0xe0, 0x68, 0x30, 0xa8, 0x00, 0x34, 0xe7, 0x40, 0x00, 0xc8, 0xd0, 0x40, 0x7f, 0x82, 0x60, 0xe6,
    0x51, 0x41, 0x07, 0xc8, 0x88, 0xc0, 0xb0, 0x1c, 0xa8, 0x00, 0x88, 0x80, 0xf0, 0x1c, 0xa8, 0x00,
    0xd3, 0xcc, 0x46, 0x0c, 0x8c, 0xe0, 0x68, 0x30, 0xa8, 0x00, 0x34, 0xe7, 0x20, 0xd0, 0x40, 0x76,
    0x3c, 0x84, 0xe0, 0x3f, 0xec, 0xa8, 0x00, 0x34, 0xe7, 0x06, 0x38, 0xc0, 0x04, 0xd2, 0x8e, 0x66,
    0x7c, 0x38, 0xc0, 0x02, 0xd2, 0x8e, 0x69, 0xbc, 0xd0, 0x00, 0x72, 0xcc, 0x84, 0xe0, 0x08, 0x1c,
    0xa8, 0x00, 0xd0, 0x40, 0x7b, 0xac, 0x84, 0xe0, 0x04, 0x1c, 0xa8, 0x00, 0xd0, 0x28, 0x7c, 0xfc,
    0xd0, 0x30, 0x73, 0x82, 0xd0, 0x60, 0x77, 0x8c, 0x88, 0xc0, 0xb0, 0x1c, 0xa8, 0x00, 0x88, 0xe0,
    0xf0, 0x1c, 0xa8, 0x00, 0x60, 0x86, 0x3d, 0xd8, 0xc0, 0x00, 0x40, 0xd3, 0x0c, 0x41, 0x3c, 0x8c,
    0x60, 0x60, 0x1c, 0xa8, 0x00, 0xd8, 0x80, 0x00, 0x40, 0x48, 0x84, 0xc0, 0x88, 0x00, 0x50, 0x1c,
    0xa8, 0x00, 0x88, 0x00, 0x10, 0x1c, 0xa8, 0x00, 0x47, 0xb4, 0x00, 0x38, 0xe0, 0x10, 0xd2, 0x8c,
    0x76, 0xf0, 0x88, 0x00, 0x50, 0x1c, 0xa8, 0x00, 0x88, 0x00, 0x10, 0x1c, 0xa8, 0x00, 0x88, 0x00,
    0x70, 0x1c, 0xa8, 0x00, 0x88, 0x00, 0x30, 0x1c, 0xa8, 0x00, 0x8c, 0x00, 0x20, 0x1c, 0xa8, 0x00,
    0x8c, 0xe0, 0x78, 0x1c, 0xa8, 0x00, 0xd0, 0x20, 0x7c, 0xb8, 0x24, 0xe4, 0x00, 0x80, 0xe0, 0x3f,
    0xec, 0xa8, 0x00, 0x24, 0xe4, 0x80, 0x80, 0xe0, 0xbf, 0xec, 0xa8, 0x00, 0x24, 0xe4, 0x40, 0x80,
    0xe0, 0x7f, 0xec, 0xa8, 0x00, 0x24, 0xe4, 0xc0, 0x80, 0xe0, 0xff, 0xec, 0xa8, 0x00, 0x24, 0xe4,
    0x20, 0x80, 0xe0, 0x00, 0x1c, 0xa8, 0x00, 0x24, 0xe4, 0xa0, 0x80, 0xe0, 0x80, 0x1c, 0xa8, 0x00,
    0x24, 0xe4, 0x60, 0x80, 0xe0, 0x40, 0x1c, 0xa8, 0x00, 0x24, 0xe4, 0xe0, 0x80, 0xe0, 0xc0, 0x1c,
    0xa8, 0x00, 0x84, 0xe0, 0xc0, 0x1c, 0xa8, 0x00, 0x6c, 0xe7, 0x10, 0x84, 0xc0, 0x40, 0x1c, 0xa8,
    0x00, 0x60, 0xe7, 0x31, 0x88, 0xe0, 0x30, 0x1c, 0xa8, 0x00, 0x8c, 0xe0, 0x68, 0x30, 0xa8, 0x00,
    0x34, 0xe7, 0x20, 0xd0, 0x40, 0x78, 0x90, 0x84, 0xe0, 0x3f, 0xec, 0xa8, 0x00, 0x34, 0xe7, 0x06,
    0x38, 0xc0, 0x04, 0xd2, 0x8e, 0x66, 0x64, 0x38, 0xc0, 0x02, 0xd2, 0x8e, 0x69, 0xa4, 0xd0, 0x00,
    0x7c, 0xb8, 0x84, 0xe0, 0x08, 0x1c, 0xa8, 0x00, 0xd0, 0x40, 0x7d, 0x18, 0x84, 0xe0, 0x04, 0x1c,
    0xa8, 0x00, 0xd0, 0x20, 0x7b, 0x94, 0xd0, 0x10, 0x77, 0x38, 0xd0, 0x48, 0x77, 0x4f, 0x00, 0x60,
    0x00, 0x80, 0x47, 0xc4, 0x00, 0x46, 0x19, 0xd0, 0xd0, 0x21, 0x7f, 0x8c, 0x88, 0xe0, 0xf0, 0x1c,
    0xa8, 0x00, 0x8c, 0x60, 0x60, 0x1c, 0xa8, 0x00, 0x08, 0x67, 0xd8, 0x80, 0x00, 0x40, 0x47, 0xc4,
    0x00, 0x46, 0xe8, 0x30, 0x2c, 0xe3, 0x40, 0x2c, 0x67, 0x60, 0x8c, 0x60, 0x20, 0x1c, 0xa8, 0x00,
    0x38, 0x80, 0x10, 0x47, 0xc4, 0x00, 0x46, 0x40, 0x30, 0x38, 0x60, 0xb4, 0x48, 0x78, 0x7f, 0x38,
    0x60, 0xca, 0x49, 0x38, 0x7f, 0x38, 0x60, 0x72, 0x48, 0xd8, 0x7f, 0x38, 0x60, 0x22, 0x47, 0xc4,
    0x00, 0x46, 0xc6, 0x1f, 0x98, 0x60, 0x11, 0x5b, 0x28, 0x00, 0x84, 0x80, 0x3f, 0xec, 0xa8, 0x00,
    0x4b, 0x19, 0x37, 0x8c, 0xe0, 0x68, 0x30, 0xa8, 0x00, 0x34, 0xe7, 0x20, 0xd0, 0x00, 0x7d, 0xaf,
    0x98, 0x60, 0x09, 0x5b, 0x28, 0x00, 0x84, 0x80, 0xbf, 0xec, 0xa8, 0x00, 0x4b, 0x89, 0x37, 0x8c,
    0xe0, 0x68, 0x30, 0xa8, 0x00, 0x34, 0xe7, 0x20, 0xd0, 0x00, 0x7f, 0xcf, 0x98, 0x60, 0x09, 0x5b,
    0x28, 0x00, 0x84, 0x80, 0x7f, 0xec, 0xa8, 0x00, 0x4b, 0x51, 0x37, 0x8c, 0xe0, 0x68, 0x30, 0xa8,
    0x00, 0x34, 0xe7, 0x20, 0xd0, 0x00, 0x7c, 0x4f, 0x98, 0x60, 0x09, 0x5b, 0x28, 0x00, 0x84, 0x80,
    0xff, 0xec, 0xa8, 0x00, 0x4b, 0xc1, 0x37, 0x8c, 0xe0, 0x68, 0x30, 0xa8, 0x00, 0x34, 0xe7, 0x20,
    0xd0, 0x00, 0x7e, 0x0f, 0x98, 0x60, 0x09, 0x5b, 0x28, 0x00, 0x84, 0x80, 0x00, 0x1c, 0xa8, 0x00,
    0x4b, 0x3e, 0x37, 0x8c, 0xe0, 0x68, 0x30, 0xa8, 0x00, 0x34, 0xe7, 0x20, 0xd0, 0x00, 0x7d, 0x77,
    0x98, 0x60, 0x09, 0x5b, 0x28, 0x00, 0x84, 0x80, 0x80, 0x1c, 0xa8, 0x00, 0x4b, 0xae, 0x37, 0x8c,
    0xe0, 0x68, 0x30, 0xa8, 0x00, 0x34, 0xe7, 0x20, 0xd0, 0x00, 0x7f, 0x37, 0x98, 0x60, 0x09, 0x5b,
    0x28, 0x00, 0x84, 0x80, 0x40, 0x1c, 0xa8, 0x00, 0x4b, 0x76, 0x37, 0x8c, 0xe0, 0x68, 0x30, 0xa8,
    0x00, 0x34, 0xe7, 0x20, 0xd0, 0x00, 0x7c, 0xd7, 0x98, 0x60, 0x53, 0x9b, 0x28, 0x00, 0x84, 0x80,
    0xc0, 0x1c, 0xa8, 0x00, 0x4b, 0xe6, 0x37, 0x0c, 0x15, 0x24, 0xe4, 0xc0, 0x80, 0xe0, 0x3f, 0xec,
    0xa8, 0x00, 0x24, 0xe4, 0x40, 0x80, 0xe0, 0xbf, 0xec, 0xa8, 0x00, 0x24, 0xe4, 0x80, 0x80, 0xe0,
    0x7f, 0xec, 0xa8, 0x00, 0x24, 0xe4, 0x00, 0x80, 0xe0, 0xff, 0xec, 0xa8, 0x00, 0x24, 0xe4, 0xe0,
    0x80, 0xe0, 0x00, 0x1c, 0xa8, 0x00, 0x24, 0xe4, 0x60, 0x80, 0xe0, 0x80, 0x1c, 0xa8, 0x00, 0x24,
    0xe4, 0xa0, 0x80, 0xe0, 0x40, 0x1c, 0xa8, 0x00, 0x24, 0xe4, 0x20, 0x80, 0xe0, 0xc0, 0x1c, 0xa8,
    0x00, 0x0e, 0x31, 0x00, 0x60, 0x00, 0x88, 0x49, 0x37, 0x80, 0x8c, 0xe0, 0x68, 0x30, 0xa8, 0x00,
    0x34, 0xe7, 0x20, 0xd0, 0x40, 0x7f, 0x90, 0x80, 0x00, 0x04, 0x1c, 0xa8, 0x00, 0x98, 0xe0, 0x00,
    0x08, 0x40, 0x03, 0x8c, 0xe0, 0x20, 0x1c, 0xa8, 0x00, 0x38, 0xe0, 0x10, 0x88, 0xe0, 0x30, 0x1c,
    0xa8, 0x00, 0x98, 0x60, 0x00, 0x08, 0x40, 0x03, 0x38, 0x80, 0x10, 0x47, 0xc4, 0x00, 0x46, 0x51,
    0x50, 0x4b, 0x36, 0x3b, 0x0d, 0xd1, 0x84, 0xe0, 0x04, 0x1c, 0xa8, 0x00, 0xd0, 0x20, 0x7b, 0x48,
    0xd0, 0x50, 0x71, 0x6b, 0x8c, 0x60, 0x60, 0x1c, 0xa8, 0x00, 0xd8, 0x80, 0x00, 0x40, 0x47, 0xc4,
    0x00, 0x46, 0xe6, 0x50, 0x98, 0x60, 0xe5, 0x5b, 0x28, 0x00, 0x4a, 0x5c, 0x37, 0x86, 0xe0, 0x04,
    0x1c, 0xa8, 0x00, 0xd0, 0x51, 0x75, 0x93, 0xd8, 0xe0, 0xff, 0x80, 0xd3, 0xd4, 0x74, 0x93, 0x8c,
    0xe0, 0x68, 0x30, 0xa8, 0x00, 0x34, 0xe7, 0x40, 0x01, 0x48, 0xd0, 0x00, 0x7a, 0x13, 0x98, 0x60,
    0xfd, 0x5b, 0x28, 0x00, 0x4b, 0xf4, 0x37, 0x01, 0x48, 0x46, 0x6e, 0x3f, 0x48, 0x6a, 0x3b, 0x46,
    0xb3, 0x3f, 0x8c, 0x60, 0x60, 0x1c, 0xa8, 0x00, 0xd8, 0x80, 0x00, 0x40, 0x48, 0xe1, 0x40, 0x46,
    0xbf, 0x3f, 0x98, 0x60, 0x29, 0x5b, 0x28, 0x00, 0x84, 0x80, 0xbf, 0xec, 0xa8, 0x00, 0x4a, 0xa4,
    0x37, 0x0d, 0xab, 0x48, 0x9d, 0xe7, 0x46, 0x35, 0xbf, 0x4b, 0x93, 0x57, 0x46, 0x65, 0xbf, 0x00,
    0x60, 0x00, 0x88, 0x49, 0x9d, 0x80, 0x8c, 0xe0, 0x68, 0x30, 0xa8, 0x00, 0x34, 0xe7, 0x20, 0xd0,
    0x40, 0x7e, 0x30, 0x80, 0x00, 0x08, 0x1c, 0xa8, 0x00, 0x80, 0x00, 0x04, 0x1c, 0xa8, 0x00, 0x98,
    0xe0, 0x00, 0x08, 0x40, 0x03, 0x8c, 0xe0, 0x20, 0x1c, 0xa8, 0x00, 0x38, 0xe0, 0x10, 0x88, 0xe0,
    0x30, 0x1c, 0xa8, 0x00, 0x98, 0x60, 0x00, 0x08, 0x40, 0x03, 0x38, 0x80, 0x10, 0x4b, 0x76, 0x40,
    0x46, 0x39, 0x3f, 0x98, 0x60, 0x9b, 0x5b, 0x28, 0x00, 0x49, 0x70, 0x37, 0x46, 0xac, 0x3f, 0x88,
    0x80, 0xb0, 0x1c, 0xa8, 0x00, 0xd8, 0xc0, 0x00, 0x40, 0xd3, 0x8c, 0x47, 0x40, 0x8c, 0x60, 0x60,
    0x1c, 0xa8, 0x00, 0xd8, 0x80, 0x00, 0x40, 0x47, 0xc4, 0x00, 0x46, 0xcf, 0x10, 0x49, 0x59, 0xe7,
    0x46, 0x34, 0x3f, 0x4a, 0xd5, 0x57, 0x46, 0x64, 0x3f, 0x98, 0x60, 0x53, 0x5b, 0x28, 0x00, 0x48,
    0x80, 0x37, 0x00, 0xc8, 0x46, 0x5b, 0xdf, 0x8c, 0x60, 0x60, 0x1c, 0xa8, 0x00, 0x47, 0xc4, 0x00,
    0x46, 0xb3, 0x10, 0x8c, 0x60, 0x60, 0x1c, 0xa8, 0x00, 0x48, 0x8c, 0x40, 0x46, 0x02, 0x3f, 0x00,
    0x60, 0x00, 0x80, 0x49, 0x74, 0x40, 0x46, 0x6c, 0x3f, 0x60, 0x86, 0x25, 0xd8, 0xe0, 0x00, 0x40,
    0xd3, 0x0e, 0x42, 0xa0, 0x88, 0xe0, 0x90, 0x1c, 0xa8, 0x00, 0x8c, 0x60, 0x60, 0x1c, 0xa8, 0x00,
    0x08, 0x67, 0xd8, 0x80, 0x00, 0x40, 0x47, 0xc4, 0x00, 0x46, 0x29, 0x10, 0x00, 0x60, 0x00, 0x80,
    0x48, 0x52, 0x40, 0x46, 0x90, 0x3f, 0x98, 0x60, 0x97, 0x5b, 0x28, 0x00, 0x84, 0x80, 0xbf, 0xec,
    0xa8, 0x00, 0x4a, 0x17, 0xd7, 0x0d, 0xd3, 0x88, 0xe0, 0xf0, 0x1c, 0xa8, 0x00, 0x88, 0x80, 0xb0,
    0x1c, 0xa8, 0x00, 0x8c, 0x60, 0x60, 0x1c, 0xa8, 0x00, 0x08, 0x67, 0x60, 0x84, 0x3d, 0x47, 0xc4,
    0x00, 0x46, 0x3a, 0x10, 0x88, 0xe0, 0x90, 0x1c, 0xa8, 0x00, 0x8c, 0x60, 0x60, 0x1c, 0xa8, 0x00,
    0x08, 0x67, 0x47, 0xc4, 0x00, 0x46, 0x12, 0x10, 0x00, 0xf1, 0x2b, 0x00, 0x06, 0xe3, 0x8c, 0x80,
    0x72, 0x00, 0xa8, 0x00, 0x44, 0x04, 0xd4, 0x8c, 0xc0, 0x52, 0x00, 0xa8, 0x00, 0x00, 0xa0, 0x0f,
    0x40, 0x00, 0xb8, 0x30, 0xc6, 0x0c, 0xd3, 0x0a, 0x49, 0x80, 0x04, 0x66, 0x2c, 0xe6, 0x40, 0x24,
    0xe7, 0x00, 0xd2, 0xee, 0x7f, 0x7f, 0x24, 0xe6, 0xa8, 0x40, 0x07, 0x17, 0x47, 0xd2, 0x48, 0x00,
    0x60, 0x47, 0xd2, 0x48, 0x06, 0xe3, 0x8c, 0x80, 0x72, 0x00, 0xa8, 0x00, 0x44, 0x04, 0xd4, 0x8c,
    0xc0, 0x52, 0x00, 0xa8, 0x00, 0x00, 0xa0, 0x0f, 0x40, 0x00, 0xb8, 0x30, 0xc6, 0x0c, 0xd3, 0x0a,
    0x49, 0x80, 0x04, 0x66, 0x2c, 0xe6, 0x40, 0x24, 0xe7, 0x40, 0xd2, 0xee, 0x7f, 0x7f, 0x24, 0xe6,
    0xa8, 0x40, 0x07, 0x17, 0x47, 0xd2, 0x48, 0x00, 0x60, 0x47, 0xd2, 0x48, 0x47, 0xa4, 0x00, 0x05,
    0x43, 0x98, 0x60, 0x3f, 0x5b, 0x28, 0x00, 0x04, 0x8a, 0x49, 0x5d, 0xd7, 0x98, 0x60, 0x30, 0xdb,
    0x28, 0x00, 0x2c, 0x8a, 0x40, 0x49, 0xed, 0xd7, 0x98, 0x60, 0xa4, 0xdb, 0x28, 0x00, 0x2c, 0x8a,
    0x60, 0x49, 0x2d, 0xd7, 0x98, 0x60, 0x7c, 0xdb, 0x28, 0x00, 0x2c, 0x8a, 0x50, 0x49, 0x8d, 0xd7,
    0x98, 0x60, 0xf2, 0xdb, 0x28, 0x00, 0x2c, 0x8a, 0x70, 0x47, 0xc4, 0x00, 0x46, 0xed, 0x75, 0x47,
    0xac, 0x80, 0x8c, 0xc0, 0x72, 0x00, 0xa8, 0x00, 0xd1, 0x00, 0x65, 0x30, 0x8d, 0x40, 0x52, 0x00,
    0xa8, 0x00, 0x00, 0xe0, 0x0f, 0x40, 0x00, 0xf8, 0x31, 0x4a, 0x0c, 0xd3, 0x0e, 0x6e, 0xd0, 0x2e,
    0xea, 0x40, 0x24, 0xb7, 0x40, 0xd2, 0xc6, 0x58, 0xff, 0x24, 0xaa, 0xa8, 0x40, 0x05, 0x57, 0xd0,
    0x00, 0xac, 0x50, 0x2d, 0x6a, 0x58, 0x2c, 0xeb, 0x70, 0x34, 0xe7, 0x80, 0x00, 0x60, 0x41, 0x07,
    0x6e, 0x2c, 0xcb, 0x50, 0x94, 0xa6, 0xff, 0xff, 0xff, 0x00, 0x2c, 0xea, 0x64, 0x60, 0xe7, 0x2d,
    0x2c, 0xea, 0x14, 0x6c, 0xc6, 0x39, 0x20, 0xca, 0xb4, 0x38, 0xe0, 0x10, 0x20, 0xea, 0x34, 0x3e,
    0x06, 0x20, 0x40, 0x04, 0xe8, 0x8c, 0xe0, 0x68, 0x30, 0xa8, 0x00, 0x34, 0xe7, 0x04, 0x41, 0x07,
    0x9a, 0x04, 0x6b, 0x4a, 0x4b, 0xff, 0x2e, 0xea, 0x40, 0x24, 0xf7, 0x00, 0x3e, 0x07, 0x39, 0x45,
    0x07, 0xb0, 0x2c, 0x6a, 0x44, 0x2c, 0x8a, 0x78, 0xd2, 0xc6, 0x4f, 0x40, 0x2c, 0xea, 0x58, 0x40,
    0x07, 0x60, 0x2c, 0x07, 0x30, 0x20, 0x0a, 0x34, 0x00, 0xe8, 0x20, 0xea, 0xa8, 0x2c, 0xea, 0x60,
    0x00, 0x68, 0x40, 0x07, 0x48, 0x04, 0x6a, 0x2c, 0x8a, 0x78, 0x28, 0xaa, 0xd4, 0x00, 0xc8, 0x47,
    0xd1, 0x38, 0x00, 0x68, 0x47, 0xbc, 0x80, 0x2c, 0xaa, 0x54, 0x00, 0xbc, 0x94, 0xa5, 0x3f, 0xff,
    0xff, 0xff, 0x4b, 0x62, 0x37, 0x0f, 0x8f, 0x98, 0x60, 0x06, 0xdb, 0x28, 0x00, 0x49, 0x9e, 0xd7,
    0x0e, 0x17, 0x38, 0x60, 0xb4, 0x4b, 0xcf, 0x3f, 0x38, 0x60, 0x0a, 0x4a, 0x4f, 0x3f, 0x38, 0x60,
    0xa2, 0x4b, 0x0f, 0x3f, 0x00, 0x6f, 0x47, 0xbc, 0x80, 0x47, 0xaa, 0x80, 0x05, 0x43, 0x05, 0xa6,
    0x24, 0xe3, 0xa8, 0xd0, 0x60, 0x7f, 0xd0, 0x2d, 0x63, 0x48, 0x2c, 0xeb, 0x70, 0x34, 0xe7, 0x80,
    0xd0, 0x40, 0x76, 0xb0, 0x9f, 0x45, 0x00, 0x03, 0x00, 0x00, 0x98, 0xe0, 0x00, 0x03, 0x00, 0x00,
    0x65, 0x85, 0x3a, 0x2c, 0x8b, 0x00, 0x40, 0x0c, 0x14, 0x2e, 0xe3, 0x40, 0x2c, 0xf7, 0x60, 0xd2,
    0x88, 0x7f, 0x80, 0x00, 0xa0, 0x00, 0xc0, 0x0e, 0x80, 0x2c, 0xf7, 0x60, 0x08, 0xe6, 0x08, 0xc4,
    0x2c, 0xc6, 0x40, 0x2c, 0xc7, 0x00, 0x00, 0xb2, 0x04, 0xc5, 0xd3, 0xd8, 0x5f, 0x7f, 0x2c, 0x0b,
    0x20, 0x2d, 0x8b, 0x10, 0x34, 0xed, 0xfc, 0x6c, 0xe7, 0x20, 0x98, 0xe7, 0xc0, 0x10, 0x00, 0x00,
    0x2c, 0xeb, 0x30, 0x24, 0xea, 0x34, 0xd0, 0x40, 0x72, 0x50, 0x00, 0xe8, 0x20, 0xea, 0x34, 0x2c,
    0x0a, 0x14, 0x2d, 0x6a, 0x18, 0x2c, 0xeb, 0x50, 0x94, 0xe7, 0xff, 0xff, 0xff, 0x00, 0x2c, 0xea,
    0x24, 0x2c, 0xeb, 0x40, 0x2c, 0xea, 0x04, 0x2c, 0xea, 0x38, 0x2e, 0xea, 0x40, 0x2c, 0xd7, 0x60,
    0xd2, 0x8e, 0x65, 0x00, 0x2c, 0xcb, 0x00, 0x2c, 0xca, 0x38, 0x40, 0x4d, 0xb0, 0x00, 0xe4, 0x20,
    0xea, 0x34, 0x04, 0x6c, 0x47, 0xba, 0x80, 0x24, 0x77, 0x40, 0x00, 0x80, 0x2c, 0xaa, 0x58, 0x00,
    0xc0, 0x00, 0xe6, 0x4a, 0x63, 0x00, 0x00, 0xe2, 0x20, 0xea, 0x34, 0x21, 0xaa, 0xa8, 0x04, 0x6c,
    0x0c, 0x9f, 0x8c, 0xe0, 0x68, 0x30, 0xa8, 0x00, 0x34, 0xe7, 0x04, 0x98, 0x60, 0xc0, 0x00, 0x00,
    0x01, 0x40, 0x07, 0xcb, 0x98, 0x60, 0x8e, 0xdb, 0x28, 0x00, 0x4a, 0x5c, 0xd7, 0x98, 0x60, 0xc0,
    0x00, 0x00, 0x01, 0x47, 0xba, 0x80, 0x8c, 0xe0, 0x68, 0x30, 0xa8, 0x00, 0x34, 0xe7, 0x04, 0x98,
    0x60, 0xc0, 0x00, 0x00, 0x01, 0x40, 0x07, 0xf5, 0x98, 0x60, 0x3e, 0xdb, 0x28, 0x00, 0x4a, 0x8c,
    0xd7, 0x98, 0x60, 0xc0, 0x00, 0x00, 0x01, 0x47, 0xba, 0x80, 0x8c, 0xe0, 0x68, 0x30, 0xa8, 0x00,
    0x34, 0xe7, 0x04, 0x40, 0x07, 0x30, 0x98, 0x60, 0x61, 0xdb, 0x28, 0x00, 0x4b, 0x94, 0xd7, 0x2c,
    0x0b, 0x30, 0x98, 0x60, 0xc0, 0x00, 0x00, 0x01, 0x47, 0xba, 0x80, 0x47, 0xac, 0x80, 0x8c, 0xa0,
    0x72, 0x00, 0xa8, 0x00, 0xd1, 0x00, 0x53, 0x10, 0x8d, 0x40, 0x52, 0x00, 0xa8, 0x00, 0x00, 0xc0,
    0x0f, 0x40, 0x00, 0xd8, 0x31, 0x4a, 0x0c, 0xd3, 0x0c, 0x59, 0xe0, 0x2c, 0xea, 0x40, 0x24, 0xe7,
    0x40, 0xd2, 0xc6, 0x78, 0xff, 0x24, 0xea, 0xa8, 0x40, 0x07, 0x57, 0x40, 0x0a, 0xa6, 0x00, 0xc0,
    0x40, 0x47, 0x4c, 0x25, 0x6a, 0x34, 0x40, 0x4b, 0x86, 0x8c, 0xe0, 0x58, 0x1c, 0xa8, 0x00, 0x40,
    0xc7, 0x1c, 0x2c, 0xea, 0x60, 0x40, 0x07, 0xd8, 0x04, 0x6a, 0x00, 0x80, 0x00, 0xa0, 0x38, 0xc0,
    0x10, 0x47, 0xd1, 0x38, 0x8c, 0xe0, 0x68, 0x30, 0xa8, 0x00, 0x34, 0xe7, 0x20, 0x41, 0x07, 0x50,
    0x00, 0xc8, 0x04, 0x66, 0x47, 0xbc, 0x80, 0x98, 0x60, 0xb5, 0xdb, 0x28, 0x00, 0x38, 0x80, 0x10,
    0x4b, 0x10, 0xd7, 0x00, 0xc8, 0x0e, 0xdf, 0x8c, 0xe0, 0x68, 0x30, 0xa8, 0x00, 0x34, 0xe7, 0x02,
    0x40, 0x07, 0x07, 0x98, 0x60, 0x89, 0xdb, 0x28, 0x00, 0x49, 0x40, 0xd7, 0x00, 0xc8, 0x0c, 0xaf,
    0x00, 0xcf, 0x04, 0x66, 0x47, 0xbc, 0x80, 0x00, 0x80, 0x2c, 0xaa, 0x58, 0x00, 0xc0, 0x00, 0xe6,
    0x48, 0xfe, 0x00, 0x00, 0xe2, 0x20, 0xea, 0x34, 0x21, 0x6a, 0xa8, 0x00, 0xc8, 0x0e, 0xb7, 0x47,
    0xa4, 0x00, 0x05, 0x43, 0x00, 0x6f, 0x24, 0xea, 0xa8, 0x40, 0x07, 0x1c, 0x24, 0xea, 0x34, 0x40,
    0x07, 0xb4, 0x8c, 0xe0, 0x68, 0x30, 0xa8, 0x00, 0x34, 0xe7, 0x40, 0x41, 0x07, 0x94, 0x2c, 0xea,
    0x58, 0x40, 0x07, 0x60, 0x2c, 0x07, 0x30, 0x20, 0x0a, 0x34, 0x2c, 0xea, 0x40, 0x24, 0x67, 0x40,
    0x00, 0x80, 0x00, 0xa0, 0x00, 0xc0, 0x38, 0xe0, 0x10, 0x4b, 0x36, 0x00, 0x20, 0x0a, 0xa8, 0x00,
    0x60, 0x47, 0xb4, 0x00, 0x2c, 0xea, 0x40, 0x98, 0x60, 0xad, 0xdb, 0x28, 0x00, 0x24, 0x87, 0x00,
    0x4b, 0x27, 0x57, 0x0f, 0x4f, 0x47, 0xa4, 0x00, 0x05, 0x43, 0x24, 0xe3, 0xa8, 0x40, 0x07, 0xf0,
    0x8c, 0xe0, 0x68, 0x30, 0xa8, 0x00, 0x34, 0xe7, 0x40, 0x41, 0x07, 0xd8, 0x2c, 0x6a, 0x40, 0x00,
    0x80, 0x4b, 0xe1, 0x00, 0x24, 0xea, 0xa8, 0x41, 0x07, 0x10, 0x00, 0xe8, 0x20, 0xea, 0xa8, 0x00,
    0x60, 0x47, 0xb4, 0x00, 0x2c, 0xe3, 0x40, 0x98, 0x60, 0x8b, 0xdb, 0x28, 0x00, 0x24, 0x87, 0x00,
    0x4b, 0x2b, 0x57, 0x0e, 0x6f, 0x04, 0xe3, 0x9b, 0x00, 0x0a, 0x00, 0xa8, 0x00, 0x40, 0xa3, 0x30,
    0x9b, 0x00, 0x11, 0x00, 0xa8, 0x00, 0x41, 0xc3, 0x0a, 0x00, 0x60, 0x8c, 0xe0, 0x72, 0x00, 0xa8,
    0x00, 0x44, 0x07, 0xbc, 0x02, 0xe0, 0x00, 0x60, 0x00, 0x80, 0x33, 0x38, 0x38, 0x8c, 0xe0, 0x52,
    0x00, 0xa8, 0x00, 0x08, 0xe4, 0x24, 0xc7, 0x28, 0x04, 0xb8, 0x27, 0x58, 0x00, 0xd2, 0x8d, 0xa2,
    0x40, 0x04, 0xb9, 0x27, 0x59, 0x00, 0xd2, 0x8d, 0xad, 0x80, 0x2c, 0x07, 0x00, 0x00, 0x67, 0x02,
    0xf8, 0x30, 0x84, 0x0c, 0x8c, 0xe0, 0x72, 0x00, 0xa8, 0x00, 0xd3, 0x4f, 0x7c, 0xbf, 0x47, 0xd2,
    0x48, 0x2c, 0xa7, 0x00, 0x0f, 0x5f, 0x00, 0x6f, 0x41, 0x47, 0x6f, 0x9b, 0x00, 0x03, 0x00, 0xa8,
    0x00, 0x0c, 0x57, 0x8c, 0xe0, 0x40, 0xe3, 0x00, 0x03, 0x6c, 0x63, 0xc0, 0x94, 0xe7, 0xe0, 0x3f,
    0xff, 0xff, 0x60, 0x63, 0x39, 0x8c, 0x60, 0x00, 0xe3, 0x00, 0x03, 0x47, 0xd2, 0x48, 0x47, 0xa8,
    0xc0, 0x8c, 0xe0, 0x68, 0x30, 0xa8, 0x00, 0x34, 0xe7, 0x02, 0xd0, 0x40, 0x7e, 0xd0, 0x8c, 0xe0,
    0x50, 0xe3, 0x00, 0x03, 0x94, 0xe7, 0xef, 0xff, 0xff, 0xff, 0x8c, 0xe0, 0x10, 0xe3, 0x00, 0x03,
    0x84, 0xe0, 0x72, 0x44, 0x18, 0x01, 0x98, 0xe7, 0x01, 0xff, 0xff, 0xff, 0x3e, 0x07, 0x38, 0x80,
    0xe0, 0x72, 0x44, 0x18, 0x01, 0x00, 0xe5, 0x80, 0xe0, 0xc0, 0x44, 0x18, 0x01, 0x38, 0xe0, 0x50,
    0x80, 0xe0, 0x85, 0x44, 0x18, 0x01, 0x38, 0xe0, 0x06, 0x80, 0xe0, 0x34, 0x44, 0x18, 0x01, 0x30,
    0xe0, 0x03, 0x80, 0xe0, 0xac, 0x44, 0x18, 0x01, 0x80, 0xe0, 0xdc, 0x44, 0x18, 0x01, 0x84, 0xe0,
    0x90, 0x44, 0x18, 0x01, 0x3e, 0x07, 0x38, 0x38, 0xe7, 0x30, 0x80, 0xe0, 0x90, 0x44, 0x18, 0x01,
    0x84, 0xe0, 0x70, 0x44, 0x18, 0x01, 0x98, 0xe7, 0x01, 0xff, 0xff, 0xff, 0x3e, 0x07, 0x38, 0x80,
    0xe0, 0x70, 0x44, 0x18, 0x01, 0x84, 0xe0, 0x80, 0x44, 0x18, 0x01, 0x34, 0xe7, 0x1f, 0x80, 0xe0,
    0x80, 0x44, 0x18, 0x01, 0x2c, 0x01, 0x20, 0x2c, 0xe1, 0x60, 0xd8, 0xc0, 0xe7, 0xc0, 0xd3, 0x4e,
    0x6e, 0x80, 0x2c, 0xe1, 0x60, 0x00, 0xf8, 0x2c, 0xe1, 0x20, 0x2c, 0xe1, 0x60, 0xd8, 0xc0, 0xe7,
    0xc0, 0xd3, 0x0c, 0x78, 0xff, 0x30, 0xe0, 0x07, 0x80, 0xe0, 0x20, 0x44, 0x18, 0x01, 0x47, 0xb8,
    0xc0, 0x98, 0x60, 0x67, 0xdb, 0x28, 0x00, 0x48, 0xfe, 0x57, 0x0c, 0x8b, 0x47, 0xa2, 0x00, 0x05,
    0x87, 0x6c, 0x63, 0x20, 0x8c, 0x83, 0x00, 0x13, 0x00, 0x03, 0x8c, 0xa3, 0x20, 0x13, 0x00, 0x03,
    0x8c, 0xc3, 0x10, 0x13, 0x00, 0x03, 0x91, 0x63, 0x30, 0x13, 0x00, 0x03, 0x98, 0xe7, 0x00, 0x20,
    0x00, 0x00, 0x8c, 0xe3, 0x30, 0x13, 0x00, 0x03, 0x99, 0x40, 0x00, 0x00, 0x0c, 0x00, 0x2c, 0xeb,
    0x40, 0x94, 0xe7, 0x00, 0x20, 0x00, 0x00, 0x40, 0x07, 0xf8, 0x01, 0x5f, 0x41, 0x0a, 0x4f, 0x98,
    0x60, 0x57, 0xdb, 0x28, 0x00, 0x04, 0x8c, 0x48, 0xd6, 0x57, 0x2c, 0xeb, 0x40, 0x94, 0xe7, 0x00,
    0x20, 0x00, 0x00, 0x41, 0x07, 0xe7, 0x47, 0xb2, 0x00, 0x47, 0xa2, 0x00, 0x05, 0x83, 0x05, 0x44,
    0x48, 0xd1, 0x7f, 0x05, 0x63, 0x2c, 0xe3, 0x40, 0x24, 0x67, 0x40, 0x40, 0x0a, 0x38, 0x00, 0x80,
    0x00, 0xa0, 0x00, 0xc0, 0x00, 0xe2, 0x49, 0x87, 0xff, 0x34, 0xec, 0xfe, 0x40, 0x07, 0x10, 0x00,
    0xe2, 0x20, 0xeb, 0xa8, 0x47, 0xb2, 0x00, 0x00, 0x80, 0x00, 0xa0, 0x00, 0xc0, 0x00, 0xea, 0x4a,
    0xdb, 0xff, 0x34, 0xec, 0xfe, 0x40, 0x07, 0xf7, 0x00, 0xe8, 0x20, 0xeb, 0xa8, 0x47, 0xb2, 0x00,
    0x47, 0xa3, 0x00, 0x05, 0x43, 0x05, 0xa4, 0x26, 0x23, 0x80, 0x2a, 0x03, 0x88, 0x26, 0x43, 0xc0,
    0x2a, 0x63, 0xb0, 0x3c, 0x24, 0x00, 0x98, 0xe0, 0x00, 0x00, 0x00, 0x01, 0x66, 0x87, 0x02, 0x29,
    0xc3, 0xc8, 0x24, 0xc3, 0x70, 0x30, 0xe6, 0xff, 0x6d, 0x87, 0x08, 0x3c, 0x26, 0x00, 0x65, 0x8c,
    0x02, 0x25, 0x63, 0x00, 0x3e, 0x0b, 0x39, 0x3d, 0x07, 0x00, 0x98, 0xe0, 0x00, 0x00, 0x00, 0x40,
    0x65, 0xe7, 0x02, 0x8c, 0xe0, 0x68, 0x30, 0xa8, 0x00, 0x34, 0xe7, 0x10, 0x40, 0x07, 0xc4, 0x3c,
    0x24, 0x00, 0x98, 0x60, 0x08, 0x3b, 0x28, 0x00, 0x98, 0xe0, 0xa0, 0x3b, 0x28, 0x00, 0x98, 0x80,
    0x90, 0x3b, 0x28, 0x00, 0x64, 0x84, 0x3a, 0x04, 0xab, 0x24, 0xca, 0x40, 0x4b, 0x9c, 0x57, 0x6c,
    0xab, 0x58, 0x60, 0xa5, 0x71, 0x60, 0xa5, 0x61, 0x94, 0xd0, 0xff, 0xe0, 0x00, 0x00, 0x6c, 0xc6,
    0xc0, 0x34, 0xf1, 0xc0, 0x6c, 0xe7, 0x80, 0x60, 0xc6, 0x39, 0x34, 0xf2, 0xf0, 0x6c, 0xe7, 0x68,
    0x60, 0xc6, 0x39, 0x34, 0xf3, 0xf8, 0x6c, 0xe7, 0x88, 0x60, 0xc6, 0x39, 0x24, 0x6a, 0x40, 0x00,
    0x80, 0x60, 0xa5, 0x79, 0x60, 0xc6, 0xa1, 0x00, 0xe8, 0x4b, 0x35, 0xff, 0x41, 0x0d, 0x7c, 0x24,
    0x6a, 0x40, 0x00, 0x80, 0x00, 0xa0, 0x00, 0xc8, 0x00, 0xe4, 0x49, 0x15, 0xff, 0x24, 0xaa, 0x00,
    0x8c, 0x80, 0x44, 0xe3, 0x00, 0x03, 0x3e, 0x05, 0x39, 0x3c, 0x47, 0x00, 0x00, 0xc8, 0x64, 0xc0,
    0x32, 0x34, 0xa5, 0xf0, 0x6c, 0xa5, 0x80, 0x08, 0xc5, 0x3e, 0x06, 0x30, 0x00, 0xe8, 0x60, 0xe7,
    0x36, 0x60, 0xe7, 0x21, 0x8c, 0xe0, 0x04, 0xe3, 0x00, 0x03, 0x00, 0x60, 0x47, 0xb3, 0x00, 0x47,
    0xa2, 0x00, 0x05, 0x83, 0x05, 0x44, 0x05, 0x65, 0x48, 0xbc, 0x7f, 0x40, 0x03, 0xb6, 0x24, 0xc3,
    0xa8, 0x34, 0xe6, 0x20, 0x41, 0x07, 0x7c, 0x34, 0xe6, 0x40, 0x41, 0x07, 0xf0, 0x04, 0x8a, 0x04,
    0xab, 0x00, 0xc8, 0x47, 0xc2, 0x00, 0x46, 0xce, 0x5f, 0x8c, 0xe0, 0x68, 0x30, 0xa8, 0x00, 0x34,
    0xe7, 0x20, 0x98, 0x60, 0x40, 0x00, 0x00, 0x01, 0x41, 0x07, 0x60, 0x47, 0xb2, 0x00, 0x98, 0x60,
    0xaa, 0x3b, 0x28, 0x00, 0x04, 0x8c, 0x4a, 0xe0, 0x57, 0x98, 0x60, 0x40, 0x00, 0x00, 0x01, 0x47,
    0xb2, 0x00, 0x8c, 0xe0, 0x68, 0x30, 0xa8, 0x00, 0x34, 0xe7, 0x20, 0x98, 0x60, 0x80, 0x00, 0x00,
    0x01, 0x40, 0x07, 0x5b, 0x98, 0x60, 0x82, 0x3b, 0x28, 0x00, 0x04, 0x8c, 0x4b, 0xbf, 0x97, 0x98,
    0x60, 0x80, 0x00, 0x00, 0x01, 0x47, 0xb2, 0x00, 0x8c, 0xe0, 0x68, 0x30, 0xa8, 0x00, 0x34, 0xe7,
    0x04, 0x98, 0x60, 0x80, 0x00, 0x00, 0x01, 0x40, 0x07, 0x2d, 0x98, 0x60, 0xf4, 0x3b, 0x28, 0x00,
    0x04, 0x8c, 0x4a, 0x2f, 0x97, 0x98, 0x60, 0x80, 0x00, 0x00, 0x01, 0x47, 0xb2, 0x00, 0x47, 0xa2,
    0x00, 0x05, 0x83, 0x05, 0x44, 0x05, 0x65, 0x4a, 0xa8, 0x7f, 0x40, 0x03, 0xb6, 0x24, 0xc3, 0xa8,
    0x34, 0xe6, 0x20, 0x41, 0x07, 0x7c, 0x34, 0xe6, 0x40, 0x41, 0x07, 0xf0, 0x04, 0x8a, 0x04, 0xab,
    0x00, 0xc8, 0x47, 0xc2, 0x00, 0x46, 0x2b, 0x9f, 0x8c, 0xe0, 0x68, 0x30, 0xa8, 0x00, 0x34, 0xe7,
    0x20, 0x98, 0x60, 0x40, 0x00, 0x00, 0x01, 0x41, 0x07, 0x60, 0x47, 0xb2, 0x00, 0x98, 0x60, 0xbe,
    0x3b, 0x28, 0x00, 0x04, 0x8c, 0x49, 0xfb, 0x97, 0x98, 0x60, 0x40, 0x00, 0x00, 0x01, 0x47, 0xb2,
    0x00, 0x8c, 0xe0, 0x68, 0x30, 0xa8, 0x00, 0x34, 0xe7, 0x20, 0x98, 0x60, 0x80, 0x00, 0x00, 0x01,
    0x40, 0x07, 0x5b, 0x98, 0x60, 0x16, 0x3b, 0x28, 0x00, 0x04, 0x8c, 0x48, 0x6b, 0x97, 0x98, 0x60,
    0x80, 0x00, 0x00, 0x01, 0x47, 0xb2, 0x00, 0x8c, 0xe0, 0x68, 0x30, 0xa8, 0x00, 0x34, 0xe7, 0x04,
    0x98, 0x60, 0x80, 0x00, 0x00, 0x01, 0x40, 0x07, 0x2d, 0x98, 0x60, 0xf4, 0x3b, 0x28, 0x00, 0x04,
    0x8c, 0x49, 0x33, 0x97, 0x98, 0x60, 0x80, 0x00, 0x00, 0x01, 0x47, 0xb2, 0x00, 0x47, 0xa2, 0x00,
    0x05, 0x63, 0x05, 0x84, 0x38, 0x60, 0x01, 0x4a, 0xb7, 0xbf, 0x05, 0x43, 0x40, 0x03, 0x16, 0x24,
    0xe3, 0xa8, 0x40, 0x27, 0x7c, 0x40, 0x47, 0x28, 0x48, 0xde, 0xdf, 0x04, 0xc3, 0x04, 0x6a, 0x04,
    0x8b, 0x04, 0xac, 0x47, 0xc2, 0x00, 0x46, 0xcc, 0x9f, 0x8c, 0xe0, 0x68, 0x30, 0xa8, 0x00, 0x34,
    0xe7, 0x20, 0x98, 0x60, 0x40, 0x00, 0x00, 0x01, 0x41, 0x07, 0x60, 0x47, 0xb2, 0x00, 0x98, 0x60,
    0xb5, 0x3b, 0x28, 0x00, 0x4b, 0xed, 0x97, 0x98, 0x60, 0x40, 0x00, 0x00, 0x01, 0x47, 0xb2, 0x00,
    0x8c, 0xe0, 0x68, 0x30, 0xa8, 0x00, 0x34, 0xe7, 0x20, 0x98, 0x60, 0x80, 0x00, 0x00, 0x01, 0x40,
    0x07, 0x3b, 0x98, 0x60, 0x05, 0x3b, 0x28, 0x00, 0x4b, 0x75, 0x97, 0x98, 0x60, 0x80, 0x00, 0x00,
    0x01, 0x47, 0xb2, 0x00, 0x8c, 0xe0, 0x68, 0x30, 0xa8, 0x00, 0x34, 0xe7, 0x04, 0x98, 0x60, 0x80,
    0x00, 0x00, 0x01, 0x40, 0x07, 0x1d, 0x98, 0x60, 0x89, 0x3b, 0x28, 0x00, 0x4b, 0xa5, 0x97, 0x98,
    0x60, 0x80, 0x00, 0x00, 0x01, 0x47, 0xb2, 0x00, 0x47, 0xa2, 0x00, 0x05, 0x63, 0x05, 0x84, 0x00,
    0x60, 0x4b, 0x63, 0xbf, 0x05, 0x43, 0x40, 0x03, 0x76, 0x24, 0xc3, 0xa8, 0x34, 0xe6, 0x20, 0x41,
    0x07, 0x82, 0x34, 0xe6, 0x40, 0x41, 0x07, 0x28, 0x48, 0xca, 0xdf, 0x04, 0xc3, 0x04, 0x6a, 0x04,
    0x8b, 0x04, 0xac, 0x47, 0xc2, 0x00, 0x46, 0xc9, 0x1f, 0x8c, 0xe0, 0x68, 0x30, 0xa8, 0x00, 0x34,
    0xe7, 0x20, 0x98, 0x60, 0x40, 0x00, 0x00, 0x01, 0x41, 0x07, 0x60, 0x47, 0xb2, 0x00, 0x98, 0x60,
    0xcb, 0x3b, 0x28, 0x00, 0x4b, 0xf1, 0x97, 0x98, 0x60, 0x40, 0x00, 0x00, 0x01, 0x47, 0xb2, 0x00,
    0x8c, 0xe0, 0x68, 0x30, 0xa8, 0x00, 0x34, 0xe7, 0x20, 0x98, 0x60, 0x80, 0x00, 0x00, 0x01, 0x40,
    0x07, 0x3b, 0x98, 0x60, 0xe3, 0x3b, 0x28, 0x00, 0x4b, 0x61, 0x97, 0x98, 0x60, 0x80, 0x00, 0x00,
    0x01, 0x47, 0xb2, 0x00, 0x8c, 0xe0, 0x68, 0x30, 0xa8, 0x00, 0x34, 0xe7, 0x04, 0x98, 0x60, 0x80,
    0x00, 0x00, 0x01, 0x40, 0x07, 0x1d, 0x98, 0x60, 0x1d, 0x3b, 0x28, 0x00, 0x4b, 0xbe, 0x97, 0x98,
    0x60, 0x80, 0x00, 0x00, 0x01, 0x47, 0xb2, 0x00, 0x47, 0xac, 0x80, 0x8c, 0xe0, 0x68, 0x30, 0xa8,
    0x00, 0x34, 0xe7, 0x02, 0x41, 0x07, 0xea, 0x8c, 0xe0, 0x72, 0x00, 0xa8, 0x00, 0x44, 0x07, 0x9c,
    0x01, 0x60, 0x01, 0x40, 0x0e, 0x20, 0x01, 0x78, 0x31, 0x4a, 0x0c, 0x8c, 0xe0, 0x72, 0x00, 0xa8,
    0x00, 0xd3, 0x16, 0x7a, 0x40, 0x8c, 0xe0, 0x52, 0x00, 0xa8, 0x00, 0x60, 0x67, 0x54, 0x24, 0xe3,
    0xa8, 0x40, 0x07, 0xa7, 0x4b, 0x4e, 0x7f, 0x01, 0x78, 0x31, 0x4a, 0x0c, 0x8c, 0xe0, 0x72, 0x00,
    0xa8, 0x00, 0xd3, 0x4e, 0xbc, 0x7f, 0x80, 0x00, 0x64, 0x1c, 0xa8, 0x00, 0x8c, 0x00, 0x18, 0x1c,
    0xa8, 0x00, 0x8c, 0x00, 0x28, 0x1c, 0xa8, 0x00, 0x47, 0xbc, 0x80, 0x98, 0x60, 0x7b, 0x3b, 0x28,
    0x00, 0x49, 0x06, 0x97, 0x0f, 0x17, 0x47, 0xac, 0x80, 0x8c, 0xe0, 0x68, 0x30, 0xa8, 0x00, 0x34,
    0xe7, 0x02, 0xd0, 0x40, 0x76, 0x90, 0x8c, 0xc0, 0x71, 0xf0, 0xa8, 0x00, 0x24, 0xe6, 0x10, 0x40,
    0x07, 0xfc, 0x01, 0x60, 0x01, 0x40, 0x0c, 0xa0, 0x01, 0x78, 0x8c, 0xc0, 0x71, 0xf0, 0xa8, 0x00,
    0x31, 0x4a, 0x12, 0x24, 0xe6, 0x10, 0xd3, 0x16, 0x71, 0x40, 0x2c, 0xe6, 0x60, 0x60, 0x67, 0x54,
    0x20, 0x03, 0x62, 0x24, 0xe3, 0x00, 0x41, 0x27, 0x47, 0x4b, 0xde, 0x3b, 0x01, 0x78, 0x8c, 0xc0,
    0x71, 0xf0, 0xa8, 0x00, 0x31, 0x4a, 0x12, 0x24, 0xe6, 0x10, 0xd3, 0x4e, 0xb0, 0x7f, 0x24, 0xe6,
    0x28, 0x40, 0x07, 0x22, 0x01, 0x60, 0x01, 0x40, 0x0d, 0xc0, 0x01, 0x78, 0x31, 0x4a, 0x12, 0x24,
    0xe6, 0x28, 0xd3, 0x16, 0x7c, 0xc0, 0x2c, 0xe6, 0x48, 0x60, 0x67, 0x54, 0x24, 0xe3, 0x00, 0x41,
    0x27, 0xd7, 0x4b, 0x6d, 0x8f, 0x8c, 0xe0, 0x71, 0xf0, 0xa8, 0x00, 0x2c, 0x67, 0x48, 0x08, 0x6a,
    0x48, 0x56, 0x3b, 0x8c, 0xc0, 0x71, 0xf0, 0xa8, 0x00, 0x01, 0x78, 0x31, 0x4a, 0x12, 0x24, 0xe6,
    0x28, 0xd3, 0x4e, 0xba, 0xbf, 0x47, 0xbc, 0x80, 0x98, 0x60, 0x57, 0x3b, 0x28, 0x00, 0x4a, 0xac,
    0x97, 0x0e, 0x9b, 0x47, 0xac, 0x80, 0x00, 0xec, 0x80, 0xe0, 0xc5, 0x44, 0x18, 0x01, 0x84, 0xe0,
    0x80, 0x44, 0x18, 0x01, 0x3e, 0x07, 0x38, 0x38, 0xe7, 0x20, 0x80, 0xe0, 0x80, 0x44, 0x18, 0x01,
    0x80, 0x00, 0x84, 0x1c, 0xa8, 0x00, 0x88, 0x00, 0x24, 0x1c, 0xa8, 0x00, 0x80, 0x00, 0x64, 0x1c,
    0xa8, 0x00, 0x8c, 0xe0, 0x40, 0xe3, 0x00, 0x03, 0x94, 0xe7, 0xe0, 0x3f, 0xff, 0xff, 0x8c, 0xe0,
    0x00, 0xe3, 0x00, 0x03, 0x00, 0xe8, 0x8c, 0xe0, 0x28, 0x1c, 0xa8, 0x00, 0x80, 0x00, 0x04, 0x1c,
    0xa8, 0x00, 0x38, 0xe0, 0x10, 0x88, 0xe0, 0x30, 0x1c, 0xa8, 0x00, 0x98, 0xe0, 0x00, 0x08, 0x40,
    0x03, 0x8c, 0xe0, 0x20, 0x1c, 0xa8, 0x00, 0x00, 0x60, 0x4b, 0x02, 0xbf, 0x05, 0x43, 0x40, 0x03,
    0x24, 0x98, 0x60, 0x9f, 0x3b, 0x28, 0x00, 0x24, 0x8a, 0x34, 0x4a, 0x68, 0x97, 0x25, 0x4a, 0x34,
    0x40, 0x0a, 0xca, 0x8c, 0xe0, 0x68, 0x30, 0xa8, 0x00, 0x34, 0xe7, 0x02, 0x41, 0x07, 0xfa, 0x47,
    0xbc, 0x80, 0x98, 0x60, 0x70, 0xbb, 0x28, 0x00, 0x4b, 0x70, 0x97, 0x00, 0x60, 0x00, 0x80, 0x00,
    0xa0, 0x00, 0xc0, 0x38, 0xe0, 0x90, 0x49, 0xb1, 0x7f, 0x8c, 0xe0, 0x72, 0x00, 0xa8, 0x00, 0x44,
    0x07, 0x24, 0x01, 0x60, 0x01, 0x40, 0x8c, 0x60, 0x52, 0x00, 0xa8, 0x00, 0x08, 0x6a, 0x20, 0x03,
    0xa8, 0x48, 0x84, 0x7f, 0x01, 0x78, 0x31, 0x4a, 0x0c, 0x8c, 0xe0, 0x72, 0x00, 0xa8, 0x00, 0xd3,
    0x4e, 0xbe, 0x7f, 0x98, 0x60, 0x00, 0x08, 0x40, 0x03, 0x38, 0x80, 0x10, 0x48, 0xda, 0xff, 0x8c,
    0xe0, 0x68, 0x30, 0xa8, 0x00, 0x34, 0xe7, 0x02, 0x40, 0x07, 0xe5, 0x98, 0x60, 0x04, 0xbb, 0x28,
    0x00, 0x47, 0xcc, 0x80, 0x46, 0xfb, 0xc5, 0x47, 0xac, 0x80, 0x8c, 0xe0, 0x68, 0x30, 0xa8, 0x00,
    0x34, 0xe7, 0x02, 0xd0, 0x40, 0x72, 0x48, 0x8c, 0xe0, 0x70, 0xe3, 0x00, 0x03, 0x34, 0xe7, 0xe0,
    0xd0, 0x20, 0x7a, 0x30, 0xd0, 0x08, 0x7a, 0x68, 0xd0, 0x40, 0x73, 0x90, 0x38, 0x60, 0xb4, 0x4a,
    0x96, 0x5f, 0x38, 0x60, 0x12, 0x4b, 0xe6, 0x5f, 0x38, 0x60, 0xca, 0x4a, 0x66, 0x5f, 0x38, 0x60,
    0xb4, 0x4b, 0x26, 0x5f, 0x00, 0xec, 0x8c, 0xe0, 0x18, 0x1c, 0xa8, 0x00, 0x98, 0xe0, 0x22, 0xc7,
    0x28, 0x00, 0x8c, 0xe0, 0x31, 0xf0, 0xa8, 0x00, 0x00, 0x6c, 0x4b, 0x70, 0x7f, 0x84, 0xe0, 0xe4,
    0x1c, 0xa8, 0x00, 0xd0, 0x40, 0x7b, 0xd0, 0x8c, 0xe0, 0x58, 0x1c, 0xa8, 0x00, 0x40, 0x07, 0x2a,
    0x8e, 0xe0, 0x72, 0x00, 0xa8, 0x00, 0x44, 0x17, 0xd2, 0x8c, 0x80, 0x52, 0x00, 0xa8, 0x00, 0x04,
    0xa4, 0x00, 0xc0, 0x24, 0xe4, 0xa8, 0x41, 0x07, 0xf0, 0x0e, 0x74, 0x24, 0xe5, 0xa2, 0x30, 0xa5,
    0x0c, 0xd0, 0x00, 0x78, 0xd0, 0x00, 0xd8, 0xd3, 0x6e, 0x62, 0xff, 0x01, 0x60, 0x01, 0x40, 0x0c,
    0x40, 0x8c, 0x80, 0x52, 0x00, 0xa8, 0x00, 0x60, 0xe4, 0x54, 0x2c, 0x67, 0x40, 0x00, 0x88, 0x4a,
    0x1e, 0x7f, 0x01, 0x78, 0x31, 0x4a, 0x0c, 0x8c, 0xe0, 0x72, 0x00, 0xa8, 0x00, 0xd3, 0x4e, 0xb2,
    0x7f, 0x47, 0xbc, 0x80, 0x38, 0x60, 0xb4, 0x4a, 0xc2, 0x5f, 0x38, 0x60, 0xaa, 0x4b, 0x82, 0x5f,
    0x38, 0x60, 0xca, 0x4a, 0x02, 0x5f, 0x38, 0x60, 0xb4, 0x4b, 0x7c, 0x5f, 0x8c, 0x00, 0x18, 0x1c,
    0xa8, 0x00, 0x47, 0xbc, 0x80, 0x38, 0x60, 0xb4, 0x48, 0xdc, 0x5f, 0x38, 0x60, 0x62, 0x49, 0x9c,
    0x5f, 0x38, 0x60, 0xca, 0x48, 0x1c, 0x5f, 0x38, 0x60, 0xb4, 0x49, 0x6c, 0x5f, 0x00, 0xe4, 0x8c,
    0xe0, 0x18, 0x1c, 0xa8, 0x00, 0x98, 0xe0, 0x36, 0xc7, 0x28, 0x00, 0x8c, 0xe0, 0x31, 0xf0, 0xa8,
    0x00, 0x00, 0x64, 0x49, 0x07, 0xbf, 0x84, 0xe0, 0xe4, 0x1c, 0xa8, 0x00, 0xd0, 0x00, 0x7d, 0x2f,
    0x84, 0xe0, 0xa0, 0x44, 0x18, 0x01, 0x98, 0xe7, 0x01, 0xff, 0xff, 0xff, 0x3e, 0x07, 0x38, 0x80,
    0xe0, 0xa0, 0x44, 0x18, 0x01, 0x0d, 0x33, 0x98, 0x60, 0xd4, 0xbb, 0x28, 0x00, 0x49, 0x95, 0x17,
    0x0f, 0xad, 0x00, 0x60, 0x00, 0x80, 0x00, 0xa0, 0x00, 0xc0, 0x38, 0xe0, 0x90, 0x4b, 0xe4, 0x7f,
    0x01, 0x60, 0x01, 0x40, 0x8c, 0xe0, 0x72, 0x00, 0xa8, 0x00, 0x44, 0x07, 0x04, 0x8c, 0x60, 0x52,
    0x00, 0xa8, 0x00, 0x08, 0x6a, 0x20, 0x03, 0xa8, 0x4a, 0xdd, 0xbf, 0x01, 0x78, 0x31, 0x4a, 0x0c,
    0x8c, 0xe0, 0x72, 0x00, 0xa8, 0x00, 0xd3, 0x4e, 0xbe, 0x7f, 0x98, 0x60, 0x00, 0x08, 0x40, 0x03,
    0x38, 0x80, 0x10, 0x47, 0xcc, 0x80, 0x46, 0x4b, 0xdf, 0x38, 0x60, 0xb4, 0x48, 0x48, 0x5f, 0x38,
    0x60, 0xca, 0x49, 0x08, 0x5f, 0x38, 0x60, 0xca, 0x48, 0xf0, 0x5f, 0x38, 0x60, 0xb4, 0x49, 0xb0,
    0x5f, 0x00, 0xea, 0x8c, 0xe0, 0x18, 0x1c, 0xa8, 0x00, 0x98, 0xe0, 0x38, 0xc7, 0x28, 0x00, 0x8c,
    0xe0, 0x31, 0xf0, 0xa8, 0x00, 0x00, 0x6a, 0x49, 0xed, 0xbf, 0x84, 0xe0, 0xe4, 0x1c, 0xa8, 0x00,
    0xd0, 0x00, 0x7e, 0x57, 0x84, 0xe0, 0xa0, 0x44, 0x18, 0x01, 0x34, 0xe7, 0xfe, 0x80, 0xe0, 0xa0,
    0x44, 0x18, 0x01, 0x0c, 0xa5, 0x47, 0xac, 0xc0, 0x38, 0xe0, 0xa8, 0x80, 0xe0, 0x59, 0x44, 0x18,
    0x01, 0x38, 0xe0, 0x96, 0x80, 0xe0, 0x39, 0x44, 0x18, 0x01, 0x39, 0x40, 0x30, 0x81, 0x40, 0x20,
    0x44, 0x18, 0x01, 0x00, 0xec, 0x80, 0xe0, 0xc5, 0x44, 0x18, 0x01, 0x38, 0xe0, 0x04, 0x80, 0xe0,
    0xde, 0x44, 0x18, 0x01, 0x84, 0xc0, 0xe4, 0x1c, 0xa8, 0x00, 0x40, 0x06, 0x08, 0x84, 0xe0, 0x72,
    0x44, 0x18, 0x01, 0x3e, 0x07, 0x39, 0xd1, 0x40, 0x73, 0x94, 0x84, 0xe0, 0x08, 0x44, 0x18, 0x01,
    0x3e, 0x07, 0x38, 0x38, 0xe7, 0x48, 0x80, 0xe0, 0x08, 0x44, 0x18, 0x01, 0x2c, 0x01, 0x20, 0x2c,
    0xe1, 0x60, 0x98, 0xc0, 0xf8, 0x85, 0xe0, 0x00, 0xd3, 0x4e, 0x69, 0x80, 0x2c, 0xe1, 0x60, 0x00,
    0xf8, 0x2c, 0xe1, 0x20, 0x2c, 0xe1, 0x60, 0x98, 0xc0, 0xf8, 0x85, 0xe0, 0x00, 0xd3, 0x0c, 0x7f,
    0x7f, 0x84, 0xe0, 0x08, 0x44, 0x18, 0x01, 0x34, 0xe7, 0xb7, 0x80, 0xe0, 0x08, 0x44, 0x18, 0x01,
    0x2c, 0x01, 0x20, 0x2c, 0xe1, 0x60, 0x98, 0xc0, 0xf8, 0x85, 0xe0, 0x00, 0xd3, 0x4e, 0x69, 0x80,
    0x2c, 0xe1, 0x60, 0x00, 0xf8, 0x2c, 0xe1, 0x20, 0x2c, 0xe1, 0x60, 0x98, 0xc0, 0xf8, 0x85, 0xe0,
    0x00, 0xd3, 0x0c, 0x7f, 0x7f, 0x8c, 0xe0, 0x68, 0x30, 0xa8, 0x00, 0x34, 0xe7, 0x02, 0xd0, 0x40,
    0x73, 0x04, 0x8c, 0xe0, 0x48, 0x83, 0x00, 0x03, 0x98, 0xe7, 0x00, 0x10, 0x00, 0x00, 0x8c, 0xe0,
    0x08, 0x83, 0x00, 0x03, 0x8c, 0xe0, 0x43, 0x43, 0x00, 0x03, 0x98, 0xe7, 0x00, 0x00, 0x00, 0x01,
    0x8c, 0xe0, 0x03, 0x43, 0x00, 0x03, 0x8c, 0xe0, 0x40, 0x43, 0x00, 0x03, 0x98, 0xe7, 0x00, 0x80,
    0x00, 0x01, 0x8c, 0xe0, 0x00, 0x43, 0x00, 0x03, 0x2c, 0x01, 0x20, 0x2c, 0xe1, 0x60, 0x98, 0xc0,
    0xfa, 0xc7, 0x68, 0x00, 0xd3, 0x4e, 0x69, 0x80, 0x2c, 0xe1, 0x60, 0x00, 0xf8, 0x2c, 0xe1, 0x20,
    0x2c, 0xe1, 0x60, 0x98, 0xc0, 0xfa, 0xc7, 0x68, 0x00, 0xd3, 0x0c, 0x7f, 0x7f, 0x8c, 0xe0, 0x43,
    0x43, 0x00, 0x03, 0x94, 0xe7, 0xff, 0xff, 0xff, 0xfe, 0x8c, 0xe0, 0x03, 0x43, 0x00, 0x03, 0x8c,
    0xe0, 0x40, 0x43, 0x00, 0x03, 0x94, 0xe7, 0xff, 0xff, 0xff, 0xfe, 0x8c, 0xe0, 0x00, 0x43, 0x00,
    0x03, 0x2c, 0x01, 0x20, 0x2c, 0xe1, 0x60, 0x98, 0xc0, 0xfa, 0xc7, 0x68, 0x00, 0xd3, 0x4e, 0x69,
    0x80, 0x2c, 0xe1, 0x60, 0x00, 0xf8, 0x2c, 0xe1, 0x20, 0x2c, 0xe1, 0x60, 0x98, 0xc0, 0xfa, 0xc7,
    0x68, 0x00, 0xd3, 0x0c, 0x7f, 0x7f, 0x8c, 0xe0, 0x48, 0x83, 0x00, 0x03, 0x94, 0xe7, 0xff, 0xef,
    0xff, 0xff, 0x8c, 0xe0, 0x08, 0x83, 0x00, 0x03, 0x98, 0xe0, 0x00, 0x0d, 0x40, 0x03, 0x8c, 0xe0,
    0x00, 0x23, 0x00, 0x03, 0x8c, 0x00, 0x20, 0x23, 0x00, 0x03, 0x98, 0xe0, 0x00, 0x40, 0xff, 0xff,
    0x8c, 0xe0, 0x10, 0x23, 0x00, 0x03, 0xd8, 0xe0, 0xe8, 0x10, 0x8c, 0xe0, 0x10, 0xe3, 0x00, 0x03,
    0x98, 0xe0, 0x20, 0x30, 0x42, 0x00, 0x8c, 0xe0, 0x00, 0xe3, 0x00, 0x03, 0x98, 0xe0, 0x00, 0x03,
    0x40, 0x03, 0x2c, 0x07, 0x00, 0x00, 0xf2, 0x98, 0xc0, 0x00, 0x43, 0x40, 0x03, 0xd2, 0xce, 0x6a,
    0xff, 0x00, 0x6a, 0x49, 0x02, 0xbf, 0x00, 0x60, 0x00, 0x80, 0x00, 0xa0, 0x00, 0xc0, 0x38, 0xe0,
    0x90, 0x4b, 0x49, 0xbf, 0x8c, 0xe0, 0x72, 0x00, 0xa8, 0x00, 0x44, 0x07, 0x84, 0x01, 0x60, 0x01,
    0x40, 0x8c, 0x60, 0x52, 0x00, 0xa8, 0x00, 0x08, 0x6a, 0x48, 0xe4, 0xbf, 0x01, 0x78, 0x31, 0x4a,
    0x0c, 0x8c, 0xe0, 0x72, 0x00, 0xa8, 0x00, 0xd3, 0x4e, 0xb5, 0x7f, 0x8c, 0xe0, 0x68, 0x30, 0xa8,
    0x00, 0x34, 0xe7, 0x02, 0xd0, 0x40, 0x7f, 0x50, 0x48, 0x25, 0xeb, 0x8c, 0xe0, 0x60, 0xe3, 0x00,
    0x03, 0x98, 0xe7, 0x00, 0x00, 0x00, 0x01, 0x8c, 0xe0, 0x20, 0xe3, 0x00, 0x03, 0x8c, 0xe0, 0x70,
    0xe3, 0x00, 0x03, 0x34, 0xe7, 0xe0, 0x41, 0x27, 0xef, 0x8c, 0xc0, 0x68, 0x30, 0xa8, 0x00, 0x34,
    0xe6, 0x02, 0x41, 0x07, 0x5c, 0x8c, 0xe0, 0x70, 0xe3, 0x00, 0x03, 0x6c, 0xe7, 0x49, 0x34, 0xe7,
    0xf0, 0x41, 0x07, 0x2f, 0x34, 0xe6, 0x02, 0x41, 0x07, 0x58, 0x8c, 0x00, 0x18, 0x1c, 0xa8, 0x00,
    0x98, 0x60, 0x00, 0x08, 0x40, 0x03, 0x38, 0x80, 0x10, 0x4b, 0xd2, 0x7f, 0x00, 0x60, 0x47, 0xbc,
    0xc0, 0x98, 0x60, 0x4b, 0xbb, 0x28, 0x00, 0x48, 0xd7, 0xe7, 0x0c, 0x1f, 0x98, 0x60, 0xa9, 0xbb,
    0x28, 0x00, 0x4a, 0x17, 0xe7, 0x8c, 0xc0, 0x68, 0x30, 0xa8, 0x00, 0x34, 0xe6, 0x02, 0x40, 0x07,
    0xed, 0x8c, 0x80, 0x50, 0x23, 0x00, 0x03, 0x98, 0x60, 0xcd, 0xbb, 0x28, 0x00, 0x49, 0x87, 0xe7,
    0x8c, 0xc0, 0x68, 0x30, 0xa8, 0x00, 0x34, 0xe6, 0x02, 0x40, 0x07, 0x39, 0x8c, 0x80, 0x70, 0x23,
    0x00, 0x03, 0x98, 0x60, 0xc3, 0xbb, 0x28, 0x00, 0x4b, 0x5b, 0xe7, 0x8c, 0xc0, 0x68, 0x30, 0xa8,
    0x00, 0x0c, 0x87, 0x8c, 0x80, 0x70, 0xe3, 0x00, 0x03, 0x6c, 0x84, 0x49, 0x98, 0x60, 0x3e, 0xbb,
    0x28, 0x00, 0x34, 0x84, 0xf0, 0x49, 0xcb, 0xe7, 0x0c, 0x0b, 0x8c, 0x80, 0x44, 0x83, 0x00, 0x03,
    0x8c, 0xa0, 0x54, 0x83, 0x00, 0x03, 0x98, 0x60, 0xba, 0xbb, 0x28, 0x00, 0x4b, 0xb3, 0xe7, 0x46,
    0xc7, 0xbf, 0x84, 0xe0, 0x72, 0x44, 0x18, 0x01, 0x34, 0xe7, 0xfe, 0x80, 0xe0, 0x72, 0x44, 0x18,
    0x01, 0x8c, 0x80, 0x60, 0xe3, 0x00, 0x03, 0x98, 0x60, 0x02, 0xbb, 0x28, 0x00, 0x49, 0xa3, 0xe7,
    0x81, 0x40, 0x20, 0x44, 0x18, 0x01, 0x38, 0xe0, 0x02, 0x80, 0xe0, 0xc5, 0x44, 0x18, 0x01, 0x98,
    0x60, 0x00, 0x08, 0x40, 0x03, 0x38, 0x80, 0x10, 0x48, 0x38, 0x7f, 0x00, 0x68, 0x47, 0xbc, 0xc0,
    0x47, 0xd2, 0x48, 0x2f, 0x43, 0x58, 0x2c, 0xc3, 0x78, 0x2f, 0x63, 0x44, 0x03, 0x00, 0x03, 0x20,
    0x00, 0x80, 0x00, 0xa0, 0x02, 0xec, 0x30, 0xe5, 0x30, 0x6c, 0xe7, 0x40, 0x08, 0xe3, 0x2c, 0xe7,
    0x40, 0x64, 0xe7, 0xbd, 0x0b, 0x07, 0x30, 0xe5, 0x08, 0x6c, 0xe7, 0x40, 0x08, 0xe3, 0x2c, 0xe7,
    0x40, 0x64, 0xe7, 0xbd, 0x0b, 0x27, 0x30, 0xe5, 0x28, 0x6c, 0xe7, 0x40, 0x08, 0xe3, 0x2c, 0xe7,
    0x40, 0x64, 0xe7, 0xbd, 0x08, 0x87, 0x00, 0xb8, 0x41, 0xc5, 0x73, 0xd0, 0x41, 0x84, 0xb0, 0x03,
    0x08, 0x02, 0xe8, 0xd0, 0x41, 0x95, 0xd0, 0x03, 0x28, 0x00, 0xa8, 0x3c, 0x24, 0x00, 0x00, 0xe8,
    0x64, 0x84, 0x3a, 0x41, 0x05, 0x60, 0x40, 0x17, 0x10, 0x00, 0x60, 0x47, 0xd2, 0x48, 0xd8, 0xe0,
    0xf1, 0x80, 0xd3, 0x8e, 0x4e, 0xff, 0x3d, 0xb9, 0xc0, 0x64, 0xf9, 0xc2, 0x3d, 0xa7, 0x20, 0x64,
    0xe7, 0x22, 0xd2, 0xb2, 0x7d, 0xc8, 0xd2, 0xb0, 0x7e, 0x50, 0xd2, 0x88, 0x73, 0xe8, 0xd8, 0xe0,
    0xff, 0xf0, 0x9f, 0x46, 0xff, 0xf0, 0x00, 0x00, 0x66, 0xe6, 0x3a, 0x9f, 0x5b, 0xff, 0xf0, 0x00,
    0x00, 0x64, 0xdb, 0x3a, 0x9f, 0xda, 0x00, 0x08, 0x00, 0x00, 0xd8, 0xe0, 0xff, 0xf0, 0x67, 0x5a,
    0x3a, 0x2c, 0xe3, 0x58, 0xd3, 0xb4, 0x78, 0x08, 0x2c, 0xe3, 0x58, 0x60, 0xa7, 0xd5, 0x2c, 0xe3,
    0x78, 0xd3, 0xae, 0x7f, 0xb0, 0x2c, 0xe3, 0x78, 0x60, 0x87, 0xbd, 0x2c, 0xe3, 0x44, 0xd3, 0x8c,
    0x7f, 0xb0, 0x2c, 0xe3, 0x44, 0x63, 0x07, 0x35, 0x38, 0xe0, 0xfc, 0xd3, 0xca, 0x70, 0xd0, 0x2f,
    0x43, 0x18, 0x38, 0xe0, 0xfc, 0xd3, 0xc8, 0x78, 0x90, 0x2e, 0xe3, 0x38, 0x38, 0xe0, 0xfc, 0xd3,
    0xf0, 0x74, 0xe0, 0x2c, 0xc3, 0x04, 0x2c, 0xe3, 0x58, 0x2c, 0xe3, 0x24, 0x2c, 0xe3, 0x78, 0x2c,
    0xe3, 0x14, 0x2c, 0xe3, 0x44, 0x2c, 0xe3, 0x34, 0x00, 0x68, 0x47, 0xd2, 0x48, 0x9e, 0xd9, 0xf1,
    0x80, 0x00, 0x00, 0x00, 0xe8, 0x64, 0xe0, 0x3a, 0x3e, 0x07, 0x28, 0x0c, 0x0b, 0x9e, 0xd8, 0xf1,
    0x80, 0x00, 0x00, 0x00, 0xe8, 0x64, 0xe0, 0x3a, 0x3e, 0x07, 0xb8, 0x0c, 0x53, 0x38, 0xa0, 0x26,
    0x64, 0xd8, 0x2b, 0x64, 0xe6, 0xcd, 0x6c, 0xe7, 0x50, 0x66, 0xe7, 0x2d, 0xd8, 0xe0, 0xff, 0xf0,
    0x9f, 0x57, 0xff, 0xf0, 0x00, 0x00, 0x66, 0xf7, 0x3a, 0x64, 0xc6, 0x25, 0x6c, 0xc6, 0x50, 0x64,
    0xc6, 0x2d, 0x9f, 0x46, 0xff, 0xf0, 0x00, 0x00, 0x64, 0xc6, 0x3a, 0xdb, 0x40, 0x00, 0x20, 0x0d,
    0x2b, 0x6c, 0xb8, 0x81, 0x2c, 0xe3, 0x44, 0xd3, 0x8c, 0x78, 0x10, 0x2c, 0xe3, 0x44, 0x60, 0xe7,
    0x2d, 0x2c, 0xe3, 0x04, 0x0d, 0x07, 0x6c, 0xa4, 0x81, 0x2c, 0xe3, 0x78, 0xd3, 0xae, 0x76, 0xe0,
    0x2c, 0xe3, 0x78, 0x60, 0xe7, 0x2d, 0x2c, 0xe3, 0x38, 0x0f, 0x1b, 0x6c, 0xa5, 0x81, 0x2c, 0xe3,
    0x58, 0xd3, 0xb4, 0x7d, 0x60, 0x2c, 0xe3, 0x58, 0x60, 0xe7, 0x2d, 0x2c, 0xe3, 0x18, 0x0c, 0x8b,
    0x2c, 0xe3, 0x78, 0x60, 0x97, 0x3d, 0x2c, 0xe3, 0x44, 0xd3, 0xce, 0x69, 0x4f, 0x2c, 0xe3, 0x44,
    0x63, 0x06, 0x3d, 0x0e, 0x93, 0x2c, 0xe3, 0x58, 0x60, 0xba, 0x3d, 0x0f, 0x03, 0x38, 0xa0, 0x26,
    0x64, 0xd9, 0x2b, 0x64, 0xe6, 0xc5, 0x6c, 0xe7, 0x50, 0x67, 0x47, 0x2d, 0x64, 0xc6, 0x25, 0x6c,
    0xc6, 0x50, 0x64, 0xc6, 0x2d, 0x9f, 0x46, 0xff, 0xf0, 0x00, 0x00, 0xd8, 0xe0, 0xff, 0xf0, 0x64,
    0xc6, 0x3a, 0xda, 0xe0, 0x00, 0x20, 0x0d, 0xf5, 0x2c, 0xe3, 0x44, 0x08, 0xe5, 0x2c, 0xe3, 0x04,
    0x0d, 0x83, 0x2c, 0xe3, 0x78, 0x08, 0xe5, 0x2c, 0xe3, 0x38, 0x0d, 0x3d, 0x2c, 0xe3, 0x58, 0x08,
    0xe5, 0x2c, 0xe3, 0x18, 0x0d, 0xed, 0x38, 0xa0, 0x26, 0x64, 0xc4, 0x2b, 0x64, 0xe6, 0xc5, 0x6c,
    0xe7, 0x50, 0x67, 0x47, 0x2d, 0x64, 0xc6, 0xcd, 0x6c, 0xc6, 0x50, 0x66, 0xe6, 0x2d, 0x9f, 0x57,
    0xff, 0xf0, 0x00, 0x00, 0xd8, 0xe0, 0xff, 0xf0, 0x66, 0xf7, 0x3a, 0xd8, 0xc0, 0x00, 0x20, 0x0e,
    0xb9, 0x07, 0x24, 0x2c, 0x04, 0x14, 0x24, 0xe4, 0x8a, 0xd0, 0x40, 0x7e, 0x70, 0x24, 0xa4, 0x8c,
    0x3e, 0x05, 0x28, 0x24, 0x84, 0x4c, 0x3e, 0x04, 0x20, 0x24, 0xd9, 0xcc, 0x3e, 0x06, 0x30, 0x24,
    0xf9, 0x2c, 0x3e, 0x07, 0x38, 0x08, 0x85, 0x08, 0x86, 0x08, 0x87, 0x26, 0xf9, 0xac, 0x3e, 0x17,
    0xb8, 0x24, 0xf9, 0x1c, 0x3e, 0x07, 0x38, 0x24, 0xb9, 0x9c, 0x3e, 0x05, 0x28, 0x24, 0xd9, 0x3c,
    0x3e, 0x06, 0x30, 0x08, 0xf7, 0x08, 0xe5, 0x08, 0xe6, 0x08, 0xe4, 0x6c, 0xe7, 0xc1, 0x2c, 0xf9,
    0x14, 0x24, 0xb9, 0x6c, 0x3e, 0x05, 0x28, 0x24, 0x99, 0xec, 0x3e, 0x04, 0x20, 0x24, 0xd9, 0x5c,
    0x3e, 0x06, 0x30, 0x24, 0xf9, 0xdc, 0x3e, 0x07, 0x38, 0x08, 0x85, 0x08, 0x86, 0x08, 0x87, 0x26,
    0xf9, 0xbc, 0x3e, 0x17, 0xb8, 0x24, 0xf9, 0x7c, 0x3e, 0x07, 0x38, 0x24, 0xb9, 0xfc, 0x3e, 0x05,
    0x28, 0x24, 0xd9, 0x02, 0x3e, 0x06, 0x30, 0x08, 0xf7, 0x08, 0xe5, 0x08, 0xe6, 0x08, 0xe4, 0x6c,
    0x87, 0xc1, 0x2c, 0xf9, 0x54, 0xd3, 0xc8, 0x7d, 0x04, 0x2c, 0xf9, 0x54, 0x60, 0xe7, 0x25, 0x38,
    0xc0, 0x0a, 0x64, 0xe7, 0x33, 0x64, 0xe7, 0x25, 0x3e, 0x07, 0x28, 0x38, 0xc0, 0x50, 0xd3, 0xca,
    0x67, 0x04, 0x2c, 0xf9, 0x54, 0x08, 0xe4, 0x6c, 0xe7, 0x81, 0x2c, 0xf9, 0x14, 0x2c, 0xf9, 0x54,
    0x3e, 0x07, 0xb8, 0x24, 0xf9, 0x4a, 0x40, 0x07, 0xe6, 0x2c, 0xd9, 0x78, 0x24, 0xf9, 0x34, 0x3e,
    0x07, 0x38, 0x08, 0xe6, 0xd3, 0xee, 0x73, 0xe0, 0x2c, 0xd9, 0x78, 0x24, 0xf9, 0x34, 0x3e, 0x07,
    0x38, 0x60, 0xc6, 0x3d, 0xd3, 0xcd, 0x73, 0x60, 0x20, 0x19, 0x4a, 0x00, 0x60, 0x47, 0xd2, 0x48,
    0x03, 0x00, 0x02, 0xe0, 0x00, 0x80, 0x60, 0xb9, 0x24, 0x24, 0xc5, 0x8c, 0x3e, 0x06, 0x30, 0x24,
    0xe5, 0x82, 0x3e, 0x07, 0x38, 0x64, 0xe7, 0x33, 0x0b, 0x07, 0x24, 0xe5, 0x82, 0x3e, 0x07, 0x38,
    0x0a, 0xe7, 0x00, 0x98, 0x38, 0xe0, 0x08, 0xd2, 0xc8, 0x7f, 0xbf, 0x64, 0xf8, 0xbd, 0x2c, 0xf9,
    0x14, 0x2c, 0xf9, 0x54, 0x3e, 0x07, 0xb8, 0x24, 0xf9, 0x4a, 0x41, 0x07, 0xf9, 0x2c, 0xd9, 0x78,
    0x24, 0xf9, 0xb4, 0x3e, 0x07, 0x38, 0x08, 0xe6, 0xd3, 0x8f, 0x7f, 0x28, 0x00, 0xe8, 0x20, 0xf9,
    0x4a, 0x2c, 0xd9, 0x78, 0x24, 0xf9, 0x34, 0x3e, 0x07, 0x38, 0x08, 0xe6, 0xd3, 0x8f, 0x73, 0x1f,
    0x24, 0xf9, 0x34, 0x3e, 0x07, 0xd0, 0x2c, 0xf9, 0x78, 0x2c, 0xf9, 0x78, 0x2c, 0xf9, 0x78, 0x2c,
    0xf9, 0x78, 0x2c, 0xf9, 0x78, 0x2c, 0xf9, 0x78, 0x2c, 0xf9, 0x78, 0x2c, 0xf9, 0x78, 0x28, 0xf9,
    0x80, 0x40, 0x87, 0x50, 0x28, 0xf9, 0x80, 0xd0, 0x10, 0x7c, 0xd8, 0x28, 0xf9, 0xc0, 0x3e, 0x07,
    0x22, 0x2c, 0xf9, 0x68, 0xd8, 0xc0, 0x08, 0xe4, 0x64, 0xe7, 0x33, 0x6f, 0x07, 0x21, 0x2c, 0xf9,
    0x58, 0x6c, 0xa7, 0x21, 0x2c, 0xf9, 0x78, 0x08, 0xfa, 0xd3, 0x8f, 0x7d, 0xa0, 0x28, 0xf9, 0x80,
    0x40, 0x07, 0x08, 0x68, 0xe5, 0x25, 0x40, 0x07, 0x50, 0x64, 0xc5, 0x25, 0xd0, 0x40, 0x66, 0xc4,
    0xd8, 0xc0, 0x08, 0xe4, 0xd3, 0xf0, 0x6c, 0x28, 0x07, 0x04, 0xd3, 0xca, 0x42, 0x78, 0x38, 0xe0,
    0xf0, 0x64, 0xe5, 0x3b, 0x30, 0xe7, 0x10, 0x6f, 0x07, 0x21, 0x30, 0xe5, 0xff, 0x3d, 0x58, 0x28,
    0x67, 0x07, 0xc2, 0xd0, 0x41, 0x84, 0xf8, 0x3a, 0xe0, 0x08, 0x03, 0x08, 0x2c, 0xf9, 0x48, 0xd3,
    0x8f, 0x7b, 0x90, 0x2e, 0xf9, 0x48, 0x2e, 0xf9, 0x28, 0x6c, 0xf8, 0x20, 0x2c, 0xf9, 0x18, 0x00,
    0x68, 0x47, 0xd2, 0x48, 0x2c, 0xf9, 0x78, 0x60, 0xe7, 0xd5, 0xd3, 0xae, 0x74, 0x7f, 0x2c, 0xf9,
    0x78, 0x60, 0xe7, 0xd5, 0x38, 0xc0, 0xb0, 0x64, 0xe7, 0x33, 0x6c, 0xe7, 0x21, 0xd3, 0x8f, 0x7d,
    0x48, 0x2c, 0xf9, 0x78, 0x60, 0xe7, 0xd5, 0x38, 0xc0, 0x88, 0xd3, 0xae, 0x77, 0x88, 0x64, 0xf8,
    0x2b, 0x6c, 0xe7, 0x21, 0x64, 0xa6, 0x3b, 0x28, 0xf9, 0x80, 0x40, 0x07, 0x94, 0x64, 0xe5, 0x25,
    0xd8, 0xc0, 0x08, 0xe4, 0x64, 0xe7, 0x35, 0x3e, 0x07, 0x32, 0x2c, 0xf9, 0x70, 0x64, 0xe7, 0x25,
    0xd3, 0xce, 0x6b, 0x00, 0x2c, 0xf9, 0x70, 0x64, 0xe7, 0x25, 0x3e, 0x07, 0x32, 0x67, 0x06, 0x23,
    0x41, 0x06, 0x28, 0xd8, 0xe0, 0x08, 0xe4, 0x67, 0x05, 0x3d, 0x2c, 0xf9, 0x70, 0xd3, 0xcf, 0x8e,
    0x00, 0x2f, 0x19, 0x70, 0x64, 0xe5, 0xc5, 0x6c, 0xe7, 0x20, 0xd8, 0xe7, 0x11, 0xc8, 0xd8, 0xc0,
    0x08, 0xe4, 0x66, 0xe7, 0x35, 0x2c, 0xf9, 0x48, 0xd3, 0xee, 0x7d, 0x6f, 0x3c, 0xb7, 0xf0, 0x38,
    0xe0, 0x08, 0x66, 0xf7, 0x3a, 0x0e, 0x1b, 0x2c, 0xd9, 0x78, 0x24, 0xf9, 0xb4, 0x3e, 0x07, 0x38,
    0x60, 0xc6, 0x3d, 0x00, 0x60, 0xd3, 0xae, 0x61, 0xa7, 0x00, 0xe8, 0x20, 0xf9, 0x4a, 0x0f, 0x15,
    0x2c, 0xf9, 0x54, 0x2c, 0xb9, 0x54, 0x60, 0xe4, 0x3d, 0x38, 0xc0, 0x0a, 0x64, 0xe7, 0x33, 0x64,
    0xe7, 0x2d, 0x3e, 0x07, 0x28, 0x38, 0xc0, 0x50, 0xd3, 0x8c, 0x55, 0xfb, 0x30, 0xe5, 0xaf, 0x3e,
    0x07, 0x38, 0x38, 0xc0, 0x22, 0xd3, 0xce, 0x6b, 0x60, 0x38, 0xc0, 0x50, 0x64, 0xe5, 0x33, 0x30,
    0xe7, 0x39, 0x38, 0xa0, 0x62, 0x64, 0xe7, 0x2c, 0x3e, 0x07, 0x38, 0x2c, 0xb9, 0x54, 0x60, 0xc6,
    0x3d, 0x64, 0xc6, 0x2b, 0x30, 0xe7, 0x50, 0x64, 0xe7, 0x23, 0x08, 0xc7, 0x38, 0xe0, 0x28, 0x64,
    0xc6, 0x3d, 0x2c, 0xd9, 0x14, 0x0c, 0xd1, 0x2c, 0xd9, 0x78, 0x08, 0xda, 0x64, 0xc6, 0xc3, 0x64,
    0xc6, 0xbd, 0x60, 0xf8, 0x35, 0x6c, 0xe7, 0xc1, 0x08, 0xe6, 0x6c, 0xe7, 0x20, 0xd8, 0xe7, 0x11,
    0xc8, 0xd8, 0xc0, 0x08, 0xe4, 0x66, 0xe7, 0x35, 0x6c, 0xf8, 0x20, 0x64, 0xe7, 0x35, 0x07, 0x05,
    0xd2, 0xcf, 0x73, 0xd7, 0x02, 0xff, 0x07, 0x05, 0x0c, 0xb5, 0x28, 0xf9, 0xa0, 0x3e, 0x07, 0x22,
    0x0e, 0x29, 0x2c, 0x99, 0x14, 0x46, 0x37, 0xbf, 0x2c, 0xf9, 0x78, 0x60, 0xe7, 0xd5, 0x38, 0xc0,
    0x90, 0x64, 0xe7, 0x33, 0x6c, 0xe7, 0x21, 0xd3, 0x8f, 0x75, 0x80, 0x2c, 0xf9, 0x78, 0x60, 0xe7,
    0xd5, 0x38, 0xc0, 0xb0, 0x64, 0xe7, 0x33, 0x6c, 0xe7, 0x21, 0x38, 0xc0, 0x48, 0xd3, 0x8f, 0x78,
    0x37, 0x2c, 0xf9, 0x78, 0x60, 0xe7, 0xd5, 0x38, 0xc0, 0xb0, 0x64, 0xe7, 0x33, 0x6c, 0xe7, 0x21,
    0xd3, 0xee, 0x75, 0xa0, 0x2c, 0xf9, 0x78, 0x60, 0xe7, 0xd5, 0x38, 0xc0, 0x50, 0x64, 0xe7, 0x33,
    0x6c, 0xe7, 0x21, 0xd3, 0xee, 0x7a, 0xd0, 0x2c, 0xf9, 0x78, 0x60, 0xe7, 0xd5, 0x00, 0xce, 0x64,
    0xe7, 0x33, 0x6c, 0xe7, 0x21, 0xd3, 0xee, 0x75, 0xd0, 0x38, 0xc0, 0xe8, 0x0d, 0x05, 0x28, 0xf9,
    0x80, 0x41, 0x07, 0x52, 0x2c, 0xf9, 0x78, 0x08, 0xfa, 0x64, 0xe7, 0x2b, 0x64, 0xe7, 0xbd, 0x60,
    0xc5, 0x3d, 0x6c, 0xc6, 0xc1, 0x63, 0x06, 0x3c, 0x30, 0xe5, 0xff, 0x3d, 0x58, 0x28, 0x67, 0x07,
    0xc2, 0xd0, 0x01, 0x86, 0x87, 0x3a, 0xe0, 0x08, 0x0c, 0xa1, 0x2c, 0xf9, 0x78, 0x60, 0xe7, 0xd5,
    0x38, 0xc0, 0x50, 0x64, 0xe7, 0x33, 0x6c, 0xe7, 0x21, 0x38, 0xc0, 0x28, 0xd3, 0x8f, 0x74, 0x27,
    0x0c, 0xa7, 0x67, 0x06, 0x23, 0x2e, 0xf9, 0x68, 0x46, 0x2f, 0xbf, 0x64, 0xe5, 0x25, 0x3e, 0x07,
    0x2a, 0x40, 0x85, 0x2b, 0x30, 0xe5, 0xff, 0x67, 0x07, 0x23, 0xd8, 0x80, 0x08, 0xe4, 0x64, 0xa5,
    0x23, 0x64, 0xa5, 0x3c, 0x2c, 0xd9, 0x78, 0x08, 0xda, 0x64, 0xc5, 0x33, 0x64, 0xc6, 0xbd, 0x60,
    0xe5, 0x35, 0x6c, 0xe7, 0xc1, 0x08, 0xe6, 0x6c, 0xe7, 0x20, 0xd8, 0xe7, 0x11, 0xc8, 0x66, 0xe7,
    0x25, 0x6c, 0xa5, 0x20, 0x64, 0xa5, 0x25, 0x60, 0xa5, 0xba, 0x3e, 0x05, 0x2c, 0x00, 0xbf, 0x6c,
    0xa5, 0xf9, 0x62, 0xf7, 0x2d, 0x46, 0xe5, 0xbf, 0x2c, 0xf9, 0x78, 0x60, 0xe7, 0xd5, 0x00, 0xce,
    0x64, 0xe7, 0x33, 0x6c, 0xe7, 0x21, 0x38, 0xc0, 0xa8, 0xd3, 0x8f, 0x7a, 0xbb, 0x0d, 0x73, 0x2c,
    0xf9, 0x78, 0x60, 0xe7, 0xd5, 0x6c, 0xe7, 0x40, 0x6c, 0xe7, 0x21, 0x38, 0xc0, 0x68, 0xd3, 0x8f,
    0x70, 0x3b, 0x38, 0xc0, 0xe8, 0x46, 0x9d, 0xbf, 0x24, 0xe3, 0x00, 0xd0, 0x00, 0x71, 0x28, 0x38,
    0xe0, 0x06, 0x80, 0xe0, 0xb0, 0x2c, 0x18, 0x01, 0x80, 0xe0, 0xf0, 0x2c, 0x18, 0x01, 0x27, 0x23,
    0x80, 0xd0, 0x41, 0x97, 0xb0, 0x28, 0xa3, 0xc0, 0x3e, 0x05, 0x30, 0x30, 0xe6, 0xff, 0x3e, 0x07,
    0x38, 0x80, 0xe0, 0x88, 0x2c, 0x18, 0x01, 0x30, 0xe5, 0xff, 0x6c, 0xe7, 0x12, 0x3e, 0x07, 0x38,
    0x80, 0xe0, 0x48, 0x2c, 0x18, 0x01, 0x80, 0xc0, 0xe8, 0x2c, 0x18, 0x01, 0x6c, 0xe5, 0x11, 0x80,
    0xe0, 0x18, 0x2c, 0x18, 0x01, 0x00, 0xd8, 0x3e, 0x06, 0x30, 0x80, 0xc0, 0xb8, 0x2c, 0x18, 0x01,
    0x00, 0xb8, 0x6c, 0xa5, 0x12, 0x3e, 0x05, 0x28, 0x80, 0xa0, 0x78, 0x2c, 0x18, 0x01, 0x2e, 0xe3,
    0x50, 0x3e, 0x17, 0xc0, 0x2c, 0xa3, 0x70, 0x3e, 0x05, 0x20, 0x60, 0xf8, 0x25, 0x3e, 0x07, 0x38,
    0x80, 0xe0, 0xc8, 0x2c, 0x18, 0x01, 0x60, 0xd7, 0x2d, 0x6c, 0xe6, 0x11, 0x3e, 0x07, 0x38, 0x80,
    0xe0, 0x28, 0x2c, 0x18, 0x01, 0x6c, 0xe6, 0x09, 0x3e, 0x07, 0x38, 0x80, 0xe0, 0xa8, 0x2c, 0x18,
    0x01, 0x6c, 0xc6, 0x19, 0x80, 0xc0, 0x68, 0x2c, 0x18, 0x01, 0x83, 0x00, 0x98, 0x2c, 0x18, 0x01,
    0x6c, 0xf7, 0x11, 0x3e, 0x07, 0x38, 0x80, 0xe0, 0x58, 0x2c, 0x18, 0x01, 0x6c, 0xf7, 0x09, 0x3e,
    0x07, 0x38, 0x80, 0xe0, 0xd8, 0x2c, 0x18, 0x01, 0x6c, 0xf7, 0x19, 0x80, 0xe0, 0x38, 0x2c, 0x18,
    0x01, 0x08, 0x98, 0x3e, 0x04, 0x20, 0x80, 0x80, 0xf8, 0x2c, 0x18, 0x01, 0x08, 0xb7, 0x6c, 0xe5,
    0x11, 0x3e, 0x07, 0x38, 0x80, 0xe0, 0x04, 0x2c, 0x18, 0x01, 0x6c, 0xe5, 0x09, 0x3e, 0x07, 0x38,
    0x80, 0xe0, 0x84, 0x2c, 0x18, 0x01, 0x6c, 0xa5, 0x19, 0x80, 0xa0, 0x44, 0x2c, 0x18, 0x01, 0x84,
    0xe0, 0x08, 0x44, 0x18, 0x01, 0x34, 0xe7, 0xfe, 0x80, 0xe0, 0x08, 0x44, 0x18, 0x01, 0x2c, 0xc3,
    0x60, 0x3e, 0x06, 0x38, 0x80, 0xe0, 0x40, 0x2c, 0x18, 0x01, 0x6c, 0xe6, 0x11, 0x3e, 0x07, 0x38,
    0x80, 0xe0, 0xc0, 0x2c, 0x18, 0x01, 0x6c, 0xe6, 0x09, 0x3e, 0x07, 0x38, 0x80, 0xe0, 0x20, 0x2c,
    0x18, 0x01, 0x6c, 0xc6, 0x19, 0x80, 0xc0, 0xa0, 0x2c, 0x18, 0x01, 0x41, 0x19, 0xc4, 0x00, 0xee,
    0x80, 0xe0, 0x00, 0x2c, 0x18, 0x01, 0x00, 0xe8, 0x80, 0xe0, 0x80, 0x2c, 0x18, 0x01, 0x00, 0x60,
    0x47, 0xd2, 0x48, 0x80, 0x00, 0x00, 0x2c, 0x18, 0x01, 0x00, 0x60, 0x47, 0xd2, 0x48, 0x00, 0xec,
    0x80, 0xe0, 0x00, 0x2c, 0x18, 0x01, 0x0c, 0x1f, 0x24, 0x63, 0x00, 0x41, 0x03, 0x88, 0x38, 0xe0,
    0x52, 0x80, 0xe0, 0x12, 0x4a, 0x18, 0x01, 0x00, 0x60, 0x47, 0xd2, 0x48, 0x00, 0xe8, 0x80, 0xe0,
    0x12, 0x4a, 0x18, 0x01, 0x00, 0x60, 0x47, 0xd2, 0x48, 0x00, 0x00, 0x00, 0x69, 0x63, 0x20, 0x76,
    0x65, 0x72, 0x73, 0x69, 0x6f, 0x6e, 0x3a, 0x20, 0x45, 0x43, 0x4f, 0x0a, 0x00, 0x69, 0x63, 0x20,
    0x76, 0x65, 0x72, 0x73, 0x69, 0x6f, 0x6e, 0x3a, 0x20, 0x4f, 0x52, 0x49, 0x47, 0x49, 0x4e, 0x0a,
    0x00, 0x0a, 0x2a, 0x2a, 0x2a, 0x2a, 0x2a, 0x2a, 0x2a, 0x2a, 0x2a, 0x2a, 0x2a, 0x2a, 0x20, 0x20,
    0x20, 0x20, 0x20, 0x20, 0x20, 0x4f, 0x6d, 0x6e, 0x69, 0x76, 0x69, 0x73, 0x69, 0x6f, 0x6e, 0x20,
    0x49, 0x6e, 0x63, 0x20, 0x20, 0x20, 0x20, 0x20, 0x20, 0x2a, 0x2a, 0x2a, 0x2a, 0x2a, 0x2a, 0x2a,
    0x2a, 0x2a, 0x2a, 0x2a, 0x0a, 0x00, 0x2a, 0x20, 0x20, 0x20, 0x20, 0x20, 0x20, 0x20, 0x20, 0x20,
    0x20, 0x20, 0x20, 0x20, 0x20, 0x20, 0x20, 0x20, 0x20, 0x20, 0x20, 0x20, 0x20, 0x4f, 0x56, 0x35,
    0x38, 0x30, 0x20, 0x20, 0x20, 0x20, 0x20, 0x20, 0x20, 0x20, 0x20, 0x20, 0x20, 0x20, 0x20, 0x20,
    0x20, 0x20, 0x20, 0x20, 0x20, 0x20, 0x20, 0x2a, 0x0a, 0x00, 0x2a, 0x2a, 0x2a, 0x2a, 0x2a, 0x2a,
    0x2a, 0x2a, 0x2a, 0x2a, 0x2a, 0x2a, 0x2a, 0x2a, 0x2a, 0x2a, 0x2a, 0x2a, 0x2a, 0x2a, 0x2a, 0x2a,
    0x2a, 0x2a, 0x2a, 0x2a, 0x2a, 0x2a, 0x2a, 0x2a, 0x2a, 0x2a, 0x2a, 0x2a, 0x2a, 0x2a, 0x2a, 0x2a,
    0x2a, 0x2a, 0x2a, 0x2a, 0x2a, 0x2a, 0x2a, 0x2a, 0x2a, 0x2a, 0x2a, 0x2a, 0x0a, 0x00, 0x4f, 0x56,
    0x35, 0x38, 0x30, 0x20, 0x72, 0x65, 0x73, 0x75, 0x6d, 0x65, 0x0a, 0x00, 0x6f, 0x76, 0x39, 0x37,
    0x31, 0x33, 0x20, 0x79, 0x75, 0x76, 0x20, 0x49, 0x44, 0x20, 0x72, 0x65, 0x61, 0x64, 0x20, 0x25,
    0x78, 0x20, 0x3d, 0x20, 0x25, 0x78, 0x2c, 0x25, 0x78, 0x20, 0x3d, 0x20, 0x25, 0x78, 0x0a, 0x00,
    0x65, 0x70, 0x30, 0x28, 0x25, 0x64, 0x29, 0x20, 0x65, 0x76, 0x65, 0x6e, 0x74, 0x28, 0x63, 0x6f,
    0x64, 0x65, 0x20, 0x25, 0x78, 0x29, 0x20, 0x6e, 0x6f, 0x74, 0x20, 0x73, 0x75, 0x70, 0x70, 0x6f,
    0x72, 0x74, 0x0a, 0x00, 0x65, 0x70, 0x28, 0x25, 0x64, 0x29, 0x20, 0x65, 0x76, 0x65, 0x6e, 0x74,
    0x28, 0x63, 0x6f, 0x64, 0x65, 0x20, 0x25, 0x78, 0x29, 0x20, 0x6e, 0x6f, 0x74, 0x20, 0x73, 0x75,
    0x70, 0x70, 0x6f, 0x72, 0x74, 0x0a, 0x00, 0x4c, 0x54, 0x53, 0x53, 0x4d, 0x20, 0x6c, 0x69, 0x6e,
    0x6b, 0x20, 0x2d, 0x3e, 0x3e, 0x20, 0x25, 0x64, 0x0a, 0x00, 0x65, 0x76, 0x65, 0x6e, 0x74, 0x20,
    0x62, 0x75, 0x66, 0x66, 0x65, 0x72, 0x20, 0x6f, 0x76, 0x65, 0x72, 0x66, 0x6c, 0x6f, 0x77, 0x0a,
    0x00, 0x64, 0x65, 0x76, 0x20, 0x65, 0x76, 0x74, 0x28, 0x63, 0x6f, 0x64, 0x65, 0x20, 0x25, 0x78,
    0x29, 0x20, 0x6e, 0x6f, 0x74, 0x20, 0x73, 0x75, 0x70, 0x70, 0x6f, 0x72, 0x74, 0x0a, 0x00, 0x66,
    0x69, 0x6e, 0x64, 0x20, 0x65, 0x70, 0x20, 0x25, 0x78, 0x20, 0x66, 0x61, 0x69, 0x6c, 0x65, 0x64,
    0x0a, 0x00, 0x75, 0x6e, 0x73, 0x75, 0x70, 0x70, 0x6f, 0x72, 0x74, 0x20, 0x67, 0x65, 0x74, 0x5f,
    0x73, 0x74, 0x61, 0x74, 0x75, 0x73, 0x3a, 0x20, 0x25, 0x78, 0x0a, 0x00, 0x63, 0x6c, 0x72, 0x5f,
    0x66, 0x65, 0x61, 0x74, 0x75, 0x72, 0x65, 0x3a, 0x20, 0x66, 0x75, 0x6e, 0x63, 0x20, 0x73, 0x75,
    0x73, 0x70, 0x65, 0x6e, 0x64, 0x0a, 0x00, 0x63, 0x6c, 0x72, 0x20, 0x65, 0x70, 0x20, 0x25, 0x78,
    0x20, 0x66, 0x65, 0x61, 0x74, 0x75, 0x72, 0x65, 0x3a, 0x20, 0x68, 0x61, 0x6c, 0x74, 0x0a, 0x00,
    0x75, 0x6e, 0x73, 0x75, 0x70, 0x70, 0x6f, 0x72, 0x74, 0x20, 0x63, 0x6c, 0x72, 0x5f, 0x66, 0x65,
    0x61, 0x74, 0x75, 0x72, 0x65, 0x3a, 0x20, 0x25, 0x78, 0x0a, 0x00, 0x63, 0x6c, 0x72, 0x5f, 0x66,
    0x65, 0x61, 0x74, 0x75, 0x72, 0x65, 0x20, 0x25, 0x78, 0x20, 0x66, 0x61, 0x69, 0x6c, 0x65, 0x64,
    0x20, 0x66, 0x6f, 0x72, 0x20, 0x75, 0x6e, 0x63, 0x6f, 0x6e, 0x66, 0x69, 0x67, 0x21, 0x21, 0x0a,
    0x00, 0x73, 0x65, 0x74, 0x20, 0x66, 0x65, 0x61, 0x74, 0x75, 0x72, 0x65, 0x3a, 0x20, 0x66, 0x75,
    0x6e, 0x63, 0x20, 0x73, 0x75, 0x73, 0x70, 0x65, 0x6e, 0x64, 0x0a, 0x00, 0x73, 0x65, 0x74, 0x20,
    0x65, 0x70, 0x20, 0x25, 0x78, 0x20, 0x66, 0x65, 0x61, 0x74, 0x75, 0x72, 0x65, 0x3a, 0x20, 0x68,
    0x61, 0x6c, 0x74, 0x0a, 0x00, 0x75, 0x6e, 0x73, 0x75, 0x70, 0x70, 0x6f, 0x72, 0x74, 0x20, 0x64,
    0x65, 0x76, 0x20, 0x73, 0x65, 0x74, 0x5f, 0x66, 0x65, 0x61, 0x74, 0x75, 0x72, 0x65, 0x3a, 0x20,
    0x25, 0x64, 0x0a, 0x00, 0x73, 0x65, 0x74, 0x20, 0x64, 0x65, 0x76, 0x20, 0x66, 0x65, 0x61, 0x74,
    0x75, 0x72, 0x65, 0x20, 0x25, 0x64, 0x20, 0x66, 0x61, 0x69, 0x6c, 0x65, 0x64, 0x20, 0x66, 0x6f,
    0x72, 0x20, 0x75, 0x6e, 0x63, 0x6f, 0x6e, 0x66, 0x69, 0x67, 0x21, 0x0a, 0x00, 0x73, 0x65, 0x74,
    0x20, 0x63, 0x6f, 0x6e, 0x66, 0x69, 0x67, 0x3a, 0x25, 0x78, 0x0a, 0x00, 0x2d, 0x2d, 0x2d, 0x2d,
    0x2d, 0x20, 0x68, 0x6f, 0x73, 0x74, 0x3a, 0x20, 0x25, 0x64, 0x20, 0x20, 0x64, 0x65, 0x76, 0x69,
    0x63, 0x65, 0x3a, 0x20, 0x25, 0x64, 0x0a, 0x00, 0x47, 0x65, 0x74, 0x5f, 0x49, 0x6e, 0x74, 0x66,
    0x3a, 0x20, 0x69, 0x66, 0x6e, 0x75, 0x6d, 0x3a, 0x20, 0x25, 0x78, 0x20, 0x6e, 0x6f, 0x74, 0x20,
    0x66, 0x69, 0x6e, 0x64, 0x0a, 0x00, 0x65, 0x72, 0x72, 0x6f, 0x72, 0x3a, 0x58, 0x4e, 0x52, 0x44,
    0x59, 0x20, 0x74, 0x61, 0x73, 0x6b, 0x5f, 0x61, 0x64, 0x64, 0x20, 0x66, 0x61, 0x69, 0x6c, 0x0a,
    0x00, 0x65, 0x72, 0x72, 0x6f, 0x72, 0x3a, 0x58, 0x4e, 0x52, 0x44, 0x59, 0x20, 0x75, 0x76, 0x63,
    0x20, 0x73, 0x74, 0x61, 0x74, 0x75, 0x73, 0x3a, 0x25, 0x64, 0x0a, 0x00, 0x69, 0x73, 0x6f, 0x6d,
    0x69, 0x73, 0x73, 0x2c, 0x20, 0x6e, 0x6f, 0x74, 0x20, 0x76, 0x73, 0x74, 0x72, 0x6d, 0x69, 0x66,
    0x20, 0x6f, 0x72, 0x20, 0x61, 0x73, 0x74, 0x72, 0x6d, 0x69, 0x66, 0x0a, 0x00, 0x65, 0x72, 0x72,
    0x6f, 0x72, 0x3a, 0x55, 0x53, 0x42, 0x53, 0x4f, 0x46, 0x20, 0x75, 0x76, 0x63, 0x20, 0x73, 0x74,
    0x61, 0x74, 0x75, 0x73, 0x3a, 0x25, 0x64, 0x0a, 0x00, 0x74, 0x73, 0x6f, 0x20, 0x65, 0x72, 0x72,
    0x6f, 0x72, 0x0a, 0x00, 0x52, 0x65, 0x61, 0x64, 0x3a, 0x20, 0x69, 0x64, 0x3a, 0x20, 0x25, 0x78,
    0x2c, 0x20, 0x61, 0x64, 0x64, 0x72, 0x3a, 0x20, 0x25, 0x78, 0x2c, 0x20, 0x76, 0x61, 0x6c, 0x3a,
    0x20, 0x25, 0x78, 0x2c, 0x20, 0x6c, 0x65, 0x6e, 0x3a, 0x20, 0x25, 0x78, 0x2c, 0x20, 0x73, 0x63,
    0x63, 0x62, 0x6e, 0x6f, 0x3a, 0x20, 0x25, 0x78, 0x0a, 0x00, 0x52, 0x65, 0x61, 0x64, 0x3a, 0x20,
    0x69, 0x64, 0x3a, 0x20, 0x25, 0x78, 0x2c, 0x20, 0x61, 0x64, 0x64, 0x72, 0x3a, 0x20, 0x25, 0x78,
    0x2c, 0x20, 0x6c, 0x65, 0x6e, 0x3a, 0x20, 0x25, 0x78, 0x0a, 0x00, 0x0a, 0x57, 0x72, 0x69, 0x74,
    0x65, 0x20, 0x41, 0x64, 0x64, 0x72, 0x3a, 0x20, 0x25, 0x78, 0x2c, 0x20, 0x56, 0x61, 0x6c, 0x3a,
    0x20, 0x25, 0x78, 0x0a, 0x00, 0x0a, 0x52, 0x65, 0x61, 0x64, 0x20, 0x41, 0x64, 0x64, 0x72, 0x3a,
    0x20, 0x25, 0x78, 0x2c, 0x20, 0x56, 0x61, 0x6c, 0x3a, 0x20, 0x25, 0x78, 0x0a, 0x00, 0x0a, 0x57,
    0x72, 0x69, 0x74, 0x65, 0x3a, 0x20, 0x69, 0x64, 0x3a, 0x20, 0x25, 0x78, 0x2c, 0x20, 0x61, 0x64,
    0x64, 0x72, 0x3a, 0x20, 0x25, 0x78, 0x2c, 0x20, 0x76, 0x61, 0x6c, 0x3a, 0x20, 0x25, 0x78, 0x2c,
    0x20, 0x6c, 0x65, 0x6e, 0x3a, 0x20, 0x25, 0x78, 0x0a, 0x00, 0x0a, 0x57, 0x72, 0x69, 0x74, 0x65,
    0x3a, 0x20, 0x69, 0x64, 0x3a, 0x20, 0x25, 0x78, 0x2c, 0x20, 0x61, 0x64, 0x64, 0x72, 0x3a, 0x20,
    0x25, 0x78, 0x2c, 0x20, 0x6c, 0x65, 0x6e, 0x3a, 0x20, 0x25, 0x78, 0x0a, 0x00, 0x0a, 0x57, 0x72,
    0x69, 0x74, 0x65, 0x3a, 0x20, 0x69, 0x64, 0x3a, 0x20, 0x25, 0x78, 0x2c, 0x20, 0x61, 0x64, 0x64,
    0x72, 0x3a, 0x20, 0x25, 0x78, 0x2c, 0x20, 0x76, 0x61, 0x6c, 0x3a, 0x20, 0x25, 0x78, 0x2c, 0x20,
    0x6c, 0x65, 0x6e, 0x3a, 0x20, 0x25, 0x78, 0x2c, 0x20, 0x73, 0x63, 0x63, 0x62, 0x6e, 0x6f, 0x3a,
    0x20, 0x25, 0x78, 0x0a, 0x00, 0x0a, 0x57, 0x72, 0x69, 0x74, 0x65, 0x3a, 0x25, 0x78, 0x2c, 0x20,
    0x25, 0x78, 0x2c, 0x20, 0x56, 0x61, 0x6c, 0x3a, 0x20, 0x25, 0x78, 0x0a, 0x00, 0x70, 0x72, 0x6f,
    0x62, 0x65, 0x3a, 0x20, 0x66, 0x6f, 0x72, 0x6d, 0x61, 0x74, 0x2d, 0x66, 0x72, 0x61, 0x6d, 0x65,
    0x20, 0x6f, 0x75, 0x74, 0x20, 0x6f, 0x66, 0x20, 0x72, 0x61, 0x6e, 0x67, 0x65, 0x20, 0x65, 0x72,
    0x72, 0x6f, 0x72, 0x0a, 0x00, 0x63, 0x62, 0x30, 0x20, 0x72, 0x65, 0x67, 0x77, 0x3a, 0x25, 0x78,
    0x3a, 0x25, 0x78, 0x0a, 0x00, 0x63, 0x62, 0x31, 0x20, 0x72, 0x65, 0x67, 0x77, 0x3a, 0x25, 0x78,
    0x3a, 0x25, 0x78, 0x0a, 0x00, 0x6f, 0x76, 0x35, 0x38, 0x30, 0x20, 0x73, 0x77, 0x20, 0x72, 0x65,
    0x73, 0x65, 0x74, 0x0a, 0x00, 0x46, 0x73, 0x65, 0x74, 0x3a, 0x25, 0x64, 0x2a, 0x25, 0x64, 0x40,
    0x25, 0x64, 0x5f, 0x25, 0x64, 0x3a, 0x25, 0x64, 0x2a, 0x25, 0x64, 0x40, 0x25, 0x64, 0x5f, 0x25,
    0x64, 0x2c, 0x25, 0x78, 0x0a, 0x00, 0x2d, 0x2d, 0x49, 0x44, 0x4c, 0x45, 0x0a, 0x00, 0x2d, 0x2d,
    0x73, 0x74, 0x6f, 0x70, 0x0a, 0x00, 0x2d, 0x2d, 0x77, 0x6f, 0x72, 0x6b, 0x69, 0x6e, 0x67, 0x0a,
    0x00, 0x51, 0x73, 0x65, 0x74, 0x3a, 0x25, 0x64, 0x0a, 0x00, 0x63, 0x62, 0x30, 0x20, 0x72, 0x65,
    0x67, 0x72, 0x3a, 0x25, 0x78, 0x0a, 0x00, 0x63, 0x62, 0x31, 0x20, 0x72, 0x65, 0x67, 0x72, 0x3a,
    0x25, 0x78, 0x0a, 0x00, 0x28, 0x25, 0x64, 0x29, 0x00, 0x74, 0x69, 0x6d, 0x65, 0x6f, 0x75, 0x74,
    0x2c, 0x20, 0x65, 0x78, 0x69, 0x74, 0x0a, 0x00, 0x0a, 0x5b, 0x52, 0x45, 0x41, 0x44, 0x5d, 0x61,
    0x64, 0x64, 0x72, 0x3a, 0x20, 0x25, 0x64, 0x2c, 0x20, 0x6c, 0x65, 0x6e, 0x3a, 0x20, 0x25, 0x64,
    0x0a, 0x00, 0x20, 0x25, 0x64, 0x20, 0x00, 0x0a, 0x5b, 0x57, 0x52, 0x49, 0x54, 0x45, 0x5d, 0x41,
    0x44, 0x44, 0x52, 0x3a, 0x20, 0x25, 0x64, 0x2c, 0x20, 0x4c, 0x45, 0x4e, 0x3a, 0x20, 0x25, 0x64,
    0x0a, 0x00, 0x61, 0x62, 0x63, 0x64, 0x65, 0x66, 0x00, 0x44, 0x75, 0x6d, 0x70, 0x20, 0x44, 0x61,
    0x74, 0x61, 0x28, 0x30, 0x78, 0x25, 0x78, 0x29, 0x3a, 0x20, 0x25, 0x78, 0x0a, 0x00, 0x20, 0x25,
    0x78, 0x00, 0x73, 0x74, 0x61, 0x72, 0x74, 0x69, 0x6e, 0x67, 0x0a, 0x00, 0x74, 0x61, 0x73, 0x6b,
    0x73, 0x74, 0x61, 0x72, 0x74, 0x3a, 0x25, 0x64, 0x0a, 0x00, 0x73, 0x74, 0x61, 0x72, 0x74, 0x65,
    0x64, 0x0a, 0x00, 0x73, 0x74, 0x61, 0x72, 0x74, 0x20, 0x69, 0x6e, 0x69, 0x74, 0x20, 0x73, 0x65,
    0x6e, 0x73, 0x6f, 0x72, 0x0a, 0x00, 0x43, 0x61, 0x6e, 0x6e, 0x6f, 0x74, 0x20, 0x66, 0x69, 0x6e,
    0x64, 0x20, 0x73, 0x65, 0x6e, 0x73, 0x6f, 0x72, 0x30, 0x0a, 0x00, 0x43, 0x61, 0x6e, 0x6e, 0x6f,
    0x74, 0x20, 0x66, 0x69, 0x6e, 0x64, 0x20, 0x73, 0x65, 0x6e, 0x73, 0x6f, 0x72, 0x31, 0x0a, 0x00,
    0x73, 0x74, 0x61, 0x67, 0x65, 0x20, 0x65, 0x72, 0x72, 0x3a, 0x20, 0x25, 0x78, 0x0a, 0x00, 0x64,
    0x77, 0x63, 0x33, 0x30, 0x3a, 0x20, 0x75, 0x73, 0x62, 0x63, 0x6f, 0x72, 0x65, 0x20, 0x72, 0x65,
    0x2d, 0x62, 0x6f, 0x6f, 0x74, 0x0a, 0x00, 0x45, 0x52, 0x52, 0x4f, 0x52, 0x3a, 0x20, 0x73, 0x65,
    0x6e, 0x73, 0x6f, 0x72, 0x20, 0x6e, 0x6f, 0x74, 0x20, 0x66, 0x6f, 0x75, 0x6e, 0x64, 0x0a, 0x00,
    0x75, 0x73, 0x62, 0x20, 0x64, 0x65, 0x73, 0x63, 0x20, 0x65, 0x6e, 0x64, 0x69, 0x61, 0x6e, 0x20,
    0x73, 0x77, 0x69, 0x74, 0x63, 0x68, 0x0a, 0x00, 0x0a, 0x73, 0x65, 0x74, 0x75, 0x70, 0x3a, 0x20,
    0x25, 0x78, 0x20, 0x00, 0x73, 0x74, 0x61, 0x6c, 0x6c, 0x20, 0x63, 0x6f, 0x6d, 0x6d, 0x61, 0x6e,
    0x64, 0x31, 0x3a, 0x25, 0x78, 0x0a, 0x00, 0x64, 0x61, 0x74, 0x61, 0x20, 0x73, 0x74, 0x61, 0x67,
    0x65, 0x20, 0x77, 0x61, 0x72, 0x6e, 0x3a, 0x20, 0x25, 0x78, 0x20, 0x25, 0x78, 0x0a, 0x00, 0x73,
    0x68, 0x6f, 0x72, 0x74, 0x20, 0x70, 0x6b, 0x74, 0x0a, 0x00, 0x63, 0x74, 0x72, 0x6c, 0x20, 0x66,
    0x75, 0x6c, 0x6c, 0x3a, 0x20, 0x25, 0x78, 0x0a, 0x00, 0x65, 0x70, 0x30, 0x20, 0x64, 0x61, 0x74,
    0x61, 0x20, 0x73, 0x74, 0x61, 0x67, 0x65, 0x0a, 0x00, 0x73, 0x74, 0x61, 0x6c, 0x6c, 0x20, 0x63,
    0x6f, 0x6d, 0x6d, 0x61, 0x6e, 0x64, 0x32, 0x3a, 0x25, 0x78, 0x0a, 0x00, 0x54, 0x52, 0x42, 0x20,
    0x41, 0x64, 0x64, 0x72, 0x3a, 0x20, 0x30, 0x78, 0x25, 0x78, 0x0a, 0x00, 0x09, 0x74, 0x72, 0x62,
    0x20, 0x62, 0x75, 0x66, 0x20, 0x61, 0x64, 0x64, 0x72, 0x28, 0x6c, 0x6f, 0x29, 0x3a, 0x20, 0x30,
    0x78, 0x25, 0x78, 0x0a, 0x00, 0x09, 0x74, 0x72, 0x62, 0x20, 0x62, 0x75, 0x66, 0x20, 0x61, 0x64,
    0x64, 0x72, 0x28, 0x68, 0x69, 0x29, 0x3a, 0x20, 0x30, 0x78, 0x25, 0x78, 0x0a, 0x00, 0x09, 0x74,
    0x72, 0x62, 0x20, 0x73, 0x69, 0x7a, 0x65, 0x3a, 0x20, 0x30, 0x78, 0x25, 0x78, 0x0a, 0x00, 0x09,
    0x74, 0x72, 0x62, 0x20, 0x69, 0x6e, 0x66, 0x6f, 0x3a, 0x20, 0x30, 0x78, 0x25, 0x78, 0x0a, 0x00,
    0x74, 0x72, 0x62, 0x20, 0x73, 0x74, 0x73, 0x20, 0x65, 0x72, 0x72, 0x3a, 0x20, 0x25, 0x78, 0x0a,
    0x00, 0x70, 0x69, 0x70, 0x65, 0x20, 0x62, 0x75, 0x73, 0x79, 0x0a, 0x00, 0x74, 0x72, 0x62, 0x20,
    0x66, 0x75, 0x6c, 0x6c, 0x0a, 0x00, 0x78, 0x66, 0x65, 0x72, 0x20, 0x66, 0x75, 0x6c, 0x6c, 0x0a,
    0x00, 0x58, 0x4e, 0x20, 0x2d, 0x20, 0x77, 0x61, 0x69, 0x74, 0x20, 0x78, 0x66, 0x65, 0x72, 0x20,
    0x63, 0x6f, 0x6d, 0x70, 0x6c, 0x65, 0x74, 0x65, 0x2e, 0x2e, 0x2e, 0x0a, 0x00, 0x63, 0x62, 0x3a,
    0x20, 0x25, 0x78, 0x0a, 0x00, 0x66, 0x72, 0x65, 0x65, 0x20, 0x70, 0x69, 0x70, 0x65, 0x20, 0x28,
    0x25, 0x78, 0x29, 0x20, 0x61, 0x63, 0x74, 0x69, 0x76, 0x65, 0x20, 0x6c, 0x69, 0x73, 0x74, 0x0a,
    0x00, 0x65, 0x70, 0x28, 0x25, 0x78, 0x29, 0x20, 0x68, 0x61, 0x73, 0x20, 0x63, 0x6f, 0x6e, 0x66,
    0x69, 0x67, 0x65, 0x64, 0x0a, 0x00, 0x55, 0x33, 0x0a, 0x00, 0x64, 0x77, 0x63, 0x33, 0x30, 0x5f,
    0x73, 0x65, 0x6e, 0x64, 0x5f, 0x63, 0x6d, 0x64, 0x20, 0x74, 0x69, 0x6d, 0x65, 0x6f, 0x75, 0x74,
    0x3a, 0x25, 0x78, 0x0a, 0x00, 0x73, 0x65, 0x74, 0x00, 0x75, 0x70, 0x64, 0x61, 0x74, 0x65, 0x00,
    0x25, 0x73, 0x20, 0x65, 0x70, 0x5f, 0x6e, 0x75, 0x6d, 0x20, 0x30, 0x78, 0x25, 0x78, 0x20, 0x2d,
    0x2d, 0x3e, 0x20, 0x70, 0x68, 0x79, 0x20, 0x65, 0x70, 0x3a, 0x20, 0x25, 0x64, 0x0a, 0x00, 0x65,
    0x70, 0x28, 0x25, 0x64, 0x29, 0x20, 0x6e, 0x6f, 0x74, 0x20, 0x66, 0x6f, 0x75, 0x6e, 0x64, 0x0a,
    0x00, 0x70, 0x69, 0x70, 0x65, 0x28, 0x25, 0x64, 0x29, 0x20, 0x72, 0x65, 0x61, 0x64, 0x20, 0x68,
    0x61, 0x6c, 0x74, 0x0a, 0x00, 0x70, 0x69, 0x70, 0x65, 0x28, 0x25, 0x64, 0x29, 0x20, 0x72, 0x65,
    0x61, 0x64, 0x20, 0x69, 0x6e, 0x70, 0x0a, 0x00, 0x70, 0x69, 0x70, 0x65, 0x28, 0x25, 0x64, 0x29,
    0x20, 0x77, 0x72, 0x69, 0x74, 0x65, 0x20, 0x68, 0x61, 0x6c, 0x74, 0x0a, 0x00, 0x70, 0x69, 0x70,
    0x65, 0x28, 0x25, 0x64, 0x29, 0x20, 0x77, 0x72, 0x69, 0x74, 0x65, 0x20, 0x69, 0x6e, 0x70, 0x0a,
    0x00, 0x65, 0x70, 0x31, 0x20, 0x6e, 0x6f, 0x74, 0x20, 0x66, 0x6f, 0x75, 0x6e, 0x64, 0x0a, 0x00,
    0x70, 0x69, 0x70, 0x65, 0x31, 0x20, 0x77, 0x72, 0x69, 0x74, 0x65, 0x0a, 0x00, 0x70, 0x69, 0x70,
    0x65, 0x31, 0x20, 0x69, 0x6e, 0x70, 0x0a, 0x00, 0x65, 0x70, 0x30, 0x20, 0x6e, 0x6f, 0x74, 0x20,
    0x66, 0x6f, 0x75, 0x6e, 0x64, 0x0a, 0x00, 0x70, 0x69, 0x70, 0x65, 0x30, 0x20, 0x61, 0x62, 0x6f,
    0x72, 0x74, 0x00, 0x70, 0x69, 0x70, 0x65, 0x30, 0x20, 0x69, 0x6e, 0x70, 0x0a, 0x00, 0x73, 0x75,
    0x73, 0x70, 0x65, 0x6e, 0x64, 0x2e, 0x2e, 0x2e, 0x0a, 0x00, 0x75, 0x64, 0x63, 0x33, 0x2e, 0x30,
    0x20, 0x72, 0x65, 0x73, 0x75, 0x6d, 0x65, 0x0a, 0x00, 0x70, 0x69, 0x70, 0x65, 0x20, 0x65, 0x78,
    0x69, 0x73, 0x74, 0x2c, 0x20, 0x78, 0x66, 0x65, 0x72, 0x3a, 0x25, 0x78, 0x0a, 0x00, 0x70, 0x69,
    0x70, 0x65, 0x20, 0x66, 0x69, 0x6e, 0x64, 0x20, 0x66, 0x61, 0x69, 0x6c, 0x65, 0x64, 0x0a, 0x00,
    0x75, 0x73, 0x62, 0x20, 0x72, 0x65, 0x73, 0x65, 0x74, 0x0a, 0x00, 0x75, 0x64, 0x63, 0x33, 0x2e,
    0x30, 0x20, 0x63, 0x6f, 0x6e, 0x6e, 0x65, 0x63, 0x74, 0x20, 0x64, 0x6f, 0x6e, 0x65, 0x0a, 0x00,
    0x64, 0x77, 0x63, 0x33, 0x30, 0x3a, 0x20, 0x68, 0x61, 0x72, 0x65, 0x77, 0x61, 0x72, 0x65, 0x20,
    0x72, 0x65, 0x2d, 0x62, 0x6f, 0x6f, 0x74, 0x3a, 0x20, 0x25, 0x78, 0x0a, 0x00, 0x53, 0x79, 0x6e,
    0x6f, 0x70, 0x73, 0x79, 0x73, 0x20, 0x49, 0x44, 0x3a, 0x20, 0x30, 0x78, 0x25, 0x78, 0x2c, 0x20,
    0x47, 0x55, 0x49, 0x44, 0x3a, 0x20, 0x30, 0x78, 0x25, 0x78, 0x0a, 0x00, 0x4c, 0x54, 0x53, 0x53,
    0x4d, 0x20, 0x6f, 0x66, 0x20, 0x75, 0x73, 0x62, 0x33, 0x2e, 0x30, 0x20, 0x64, 0x65, 0x76, 0x3a,
    0x20, 0x25, 0x78, 0x0a, 0x00, 0x75, 0x73, 0x62, 0x33, 0x2e, 0x30, 0x20, 0x64, 0x65, 0x76, 0x69,
    0x63, 0x65, 0x20, 0x63, 0x6f, 0x6e, 0x6e, 0x65, 0x63, 0x74, 0x69, 0x6e, 0x67, 0x21, 0x21, 0x21,
    0x21, 0x0a, 0x00, 0x45, 0x76, 0x65, 0x6e, 0x74, 0x20, 0x73, 0x69, 0x7a, 0x65, 0x3a, 0x20, 0x25,
    0x78, 0x0a, 0x00, 0x45, 0x76, 0x65, 0x6e, 0x74, 0x20, 0x63, 0x6e, 0x74, 0x3a, 0x20, 0x25, 0x78,
    0x0a, 0x00, 0x75, 0x73, 0x62, 0x33, 0x2e, 0x30, 0x20, 0x64, 0x65, 0x76, 0x69, 0x63, 0x65, 0x20,
    0x3e, 0x3e, 0x3e, 0x3e, 0x20, 0x55, 0x30, 0x21, 0x21, 0x21, 0x0a, 0x00, 0x3c, 0x00, 0x00, 0x00,
    0x00, 0x00, 0x09, 0x6d, 0x04, 0x6d, 0x00, 0x00, 0x00, 0x00, 0x00, 0x00, 0x00, 0x00, 0x00, 0x00,
    0x00, 0x00, 0x00, 0x01, 0x00, 0x00, 0x00, 0x00, 0x00, 0x4e, 0x16, 0x56, 0x00, 0x00, 0x00, 0x00,
    0x00, 0x00, 0x00, 0x00, 0x00, 0x00, 0x00, 0x00, 0x00, 0x00, 0x00, 0x00, 0x1e, 0x00, 0x00, 0x00,
    0x00, 0x00, 0x12, 0xdb, 0x0d, 0xdb, 0x00, 0x00, 0x00, 0x00, 0x00, 0x00, 0x00, 0x00, 0x00, 0x00,
    0x00, 0x00, 0x00, 0x01, 0x00, 0x00, 0x00, 0x00, 0x00, 0x9c, 0x2c, 0xad, 0x00, 0x00, 0x00, 0x00,
    0x00, 0x00, 0x00, 0x00, 0x00, 0x00, 0x00, 0x00, 0x00, 0x00, 0x00, 0x00, 0x0f, 0x00, 0x00, 0x00,
    0x00, 0x00, 0x25, 0xb7, 0x20, 0xb7, 0x00, 0x00, 0x00, 0x00, 0x00, 0x00, 0x00, 0x00, 0x00, 0x00,
    0x00, 0x00, 0x00, 0x01, 0x00, 0x00, 0x00, 0x00, 0x01, 0x38, 0x59, 0x5a, 0x00, 0x00, 0x00, 0x00,
    0x00, 0x00, 0x00, 0x00, 0x00, 0x00, 0x00, 0x00, 0x00, 0x00, 0x00, 0x00, 0x08, 0x00, 0x00, 0x00,
    0x00, 0x00, 0x4b, 0x71, 0x46, 0x71, 0x00, 0x00, 0x00, 0x00, 0x00, 0x00, 0x00, 0x00, 0x00, 0x00,
    0x00, 0x00, 0x00, 0x01, 0x00, 0x00, 0x00, 0x00, 0x02, 0x70, 0xb2, 0xb4, 0x00, 0x00, 0x00, 0x00,
    0x00, 0x00, 0x00, 0x00, 0x00, 0x00, 0x00, 0x00, 0x00, 0x00, 0x00, 0x00, 0x78, 0x00, 0x00, 0x00,
    0x00, 0x00, 0x08, 0xc9, 0x06, 0x49, 0x00, 0x00, 0x00, 0x00, 0x00, 0x00, 0x00, 0x00, 0x00, 0x00,
    0x00, 0x00, 0x00, 0x01, 0x00, 0x00, 0x00, 0x00, 0x00, 0x27, 0x05, 0xd8, 0x00, 0x00, 0x00, 0x00,
    0x00, 0x00, 0x00, 0x00, 0x00, 0x00, 0x00, 0x00, 0x00, 0x00, 0x00, 0x00, 0x3c, 0x00, 0x00, 0x00,
    0x00, 0x00, 0x11, 0x93, 0x0f, 0x13, 0x00, 0x00, 0x00, 0x00, 0x00, 0x00, 0x00, 0x00, 0x00, 0x00,
    0x00, 0x00, 0x00, 0x01, 0x00, 0x00, 0x00, 0x00, 0x00, 0x4e, 0x0b, 0xb0, 0x00, 0x00, 0x00, 0x00,
    0x00, 0x00, 0x00, 0x00, 0x00, 0x00, 0x00, 0x00, 0x00, 0x00, 0x00, 0x00, 0x1e, 0x00, 0x00, 0x00,
    0x00, 0x00, 0x23, 0x27, 0x20, 0xa7, 0x00, 0x00, 0x00, 0x00, 0x00, 0x00, 0x00, 0x00, 0x00, 0x00,
    0x00, 0x00, 0x00, 0x01, 0x00, 0x00, 0x00, 0x00, 0x00, 0x9c, 0x17, 0x60, 0x00, 0x00, 0x00, 0x00,
    0x00, 0x00, 0x00, 0x00, 0x00, 0x00, 0x00, 0x00, 0x00, 0x00, 0x00, 0x00, 0x0f, 0x00, 0x00, 0x00,
    0x00, 0x00, 0x46, 0x4f, 0x43, 0xcf, 0x00, 0x00, 0x00, 0x00, 0x00, 0x00, 0x00, 0x00, 0x00, 0x00,
    0x00, 0x00, 0x00, 0x01, 0x00, 0x00, 0x00, 0x00, 0x01, 0x38, 0x2e, 0xc0, 0x00, 0x00, 0x00, 0x00,
    0x00, 0x00, 0x00, 0x00, 0x00, 0x00, 0x00, 0x00, 0x00, 0x00, 0x00, 0x00, 0x08, 0x00, 0x00, 0x00,
    0x00, 0x00, 0x8c, 0x9f, 0x8a, 0x1f, 0x00, 0x00, 0x00, 0x00, 0x00, 0x00, 0x00, 0x00, 0x00, 0x00,
    0x00, 0x00, 0x00, 0x01, 0x00, 0x00, 0x00, 0x00, 0x02, 0x70, 0x5d, 0x80, 0x00, 0x00, 0x00, 0x00,
    0x00, 0x00, 0x00, 0x00, 0x00, 0x00, 0x00, 0x00, 0x00, 0x00, 0x00, 0x00, 0xf0, 0x00, 0x00, 0x00,
    0x00, 0x00, 0x08, 0xc9, 0x07, 0x89, 0x00, 0x00, 0x00, 0x00, 0x00, 0x00, 0x00, 0x00, 0x00, 0x00,
    0x00, 0x00, 0x00, 0x01, 0x00, 0x00, 0x00, 0x00, 0x00, 0x13, 0x82, 0xec, 0x00, 0x00, 0x00, 0x00,
    0x00, 0x00, 0x00, 0x00, 0x00, 0x00, 0x00, 0x00, 0x00, 0x00, 0x00, 0x00, 0x78, 0x00, 0x00, 0x00,
    0x00, 0x00, 0x11, 0x93, 0x10, 0x53, 0x00, 0x00, 0x00, 0x00, 0x00, 0x00, 0x00, 0x00, 0x00, 0x00,
    0x00, 0x00, 0x00, 0x01, 0x00, 0x00, 0x00, 0x00, 0x00, 0x27, 0x05, 0xd8, 0x00, 0x00, 0x00, 0x00,
    0x00, 0x00, 0x00, 0x00, 0x00, 0x00, 0x00, 0x00, 0x00, 0x00, 0x00, 0x00, 0x3c, 0x00, 0x00, 0x00,
    0x00, 0x00, 0x23, 0x27, 0x21, 0xe7, 0x00, 0x00, 0x00, 0x00, 0x00, 0x00, 0x00, 0x00, 0x00, 0x00,
    0x00, 0x00, 0x00, 0x01, 0x00, 0x00, 0x00, 0x00, 0x00, 0x4e, 0x0b, 0xb0, 0x00, 0x00, 0x00, 0x00,
    0x00, 0x00, 0x00, 0x00, 0x00, 0x00, 0x00, 0x00, 0x00, 0x00, 0x00, 0x00, 0x1e, 0x00, 0x00, 0x00,
    0x00, 0x00, 0x46, 0x4f, 0x45, 0x0f, 0x00, 0x00, 0x00, 0x00, 0x00, 0x00, 0x00, 0x00, 0x00, 0x00,
    0x00, 0x00, 0x00, 0x01, 0x00, 0x00, 0x00, 0x00, 0x00, 0x9c, 0x17, 0x60, 0x00, 0x00, 0x00, 0x00,
    0x00, 0x00, 0x00, 0x00, 0x00, 0x00, 0x00, 0x00, 0x00, 0x00, 0x00, 0x00, 0x1e, 0x00, 0x00, 0x00,
    0x00, 0x00, 0x23, 0x27, 0x20, 0xa7, 0x00, 0x00, 0x00, 0x00, 0x00, 0x00, 0x00, 0x00, 0x00, 0x00,
    0x00, 0x00, 0x00, 0x01, 0x00, 0x00, 0x00, 0x00, 0x00, 0x9c, 0x17, 0x60, 0x00, 0x00, 0x00, 0x00,
    0x00, 0x00, 0x00, 0x00, 0x00, 0x00, 0x00, 0x00, 0x00, 0x00, 0x00, 0x00, 0x02, 0x80, 0x01, 0x90,
    0x00, 0x14, 0xe0, 0x5c, 0x01, 0x00, 0x02, 0x80, 0x01, 0x94, 0x00, 0x00, 0x00, 0x00, 0x02, 0x80,
    0x01, 0x90, 0x00, 0x00, 0x00, 0x00, 0x03, 0x00, 0x00, 0x00, 0x00, 0x00, 0x00, 0x00, 0x01, 0x00,
    0x08, 0x00, 0x00, 0x00, 0x00, 0x00, 0x8c, 0x9f, 0x8a, 0x1f, 0x00, 0x00, 0x00, 0x00, 0x00, 0x00,
    0x00, 0x00, 0x00, 0x00, 0x00, 0x00, 0x00, 0x01, 0x00, 0x00, 0x00, 0x00, 0x02, 0x70, 0x5d, 0x80,
    0x00, 0x00, 0x00, 0x00, 0x00, 0x00, 0x00, 0x00, 0x00, 0x00, 0x00, 0x00, 0x00, 0x00, 0x00, 0x00,
    0x00, 0xa0, 0x00, 0x78, 0x00, 0x14, 0xe0, 0xb0, 0x01, 0x00, 0x02, 0x80, 0x01, 0x94, 0x00, 0x00,
    0x00, 0x00, 0x02, 0x80, 0x01, 0x90, 0x00, 0x00, 0x00, 0x00, 0x03, 0x00, 0x00, 0x00, 0x00, 0x00,
    0x00, 0x00, 0x01, 0x00, 0x0d, 0x78, 0x03, 0x28, 0x00, 0x14, 0xdd, 0xec, 0x04, 0x01, 0x05, 0x00,
    0x03, 0x24, 0x05, 0x00, 0x03, 0x24, 0x05, 0x00, 0x03, 0x20, 0x05, 0x00, 0x03, 0x20, 0x03, 0x03,
    0x00, 0x00, 0x00, 0x00, 0x00, 0x00, 0x01, 0x00, 0x06, 0xd4, 0x01, 0x98, 0x00, 0x14, 0xde, 0xac,
    0x05, 0x01, 0x02, 0x80, 0x01, 0x94, 0x02, 0x80, 0x01, 0x94, 0x02, 0x80, 0x01, 0x90, 0x02, 0x80,
    0x01, 0x90, 0x03, 0x03, 0x00, 0x00, 0x00, 0x00, 0x00, 0x00, 0x01, 0x00, 0x03, 0x82, 0x00, 0xc8,
    0x00, 0x14, 0xdf, 0x9c, 0x04, 0x01, 0x01, 0x40, 0x00, 0xc4, 0x01, 0x40, 0x00, 0xc4, 0x01, 0x40,
    0x00, 0xc0, 0x01, 0x40, 0x00, 0xc0, 0x03, 0x03, 0x00, 0x00, 0x00, 0x00, 0x00, 0x00, 0x01, 0x00,
    0x00, 0x00, 0x00, 0x00, 0x00, 0x15, 0x04, 0x38, 0x01, 0x00, 0x00, 0x00, 0x00, 0x00, 0x00, 0x00,
    0x00, 0x00, 0x00, 0x00, 0x00, 0x00, 0x00, 0x00, 0x00, 0x00, 0x00, 0x00, 0x00, 0x00, 0x00, 0x00,
    0x00, 0x00, 0x01, 0x00, 0x81, 0x01, 0x03, 0x0f, 0x80, 0x30, 0x00, 0x00, 0x00, 0x01, 0x80, 0x00,
    0x00, 0x01, 0x01, 0x02, 0x04, 0x00, 0x27, 0x00, 0x80, 0x18, 0x70, 0x00, 0x01, 0x01, 0x00, 0x00,
    0x86, 0x03, 0x08, 0x00, 0xc0, 0x02, 0x20, 0x00, 0x00, 0x00, 0x02, 0x00, 0x00, 0x06, 0x09, 0x00,
    0x00, 0x40, 0x05, 0x00, 0x00, 0x00, 0x00, 0x00, 0x00, 0x00, 0x00, 0x00, 0x01, 0x00, 0x00, 0x00,
    0x00, 0x00, 0x00, 0x00, 0x00, 0x00, 0x00, 0x00, 0x00, 0x00, 0x00, 0x00, 0x00, 0x00, 0x00, 0x0a,
    0x00, 0x00, 0x00, 0x00, 0xc0, 0x02, 0xc0, 0x50, 0x00, 0x00, 0x00, 0x00, 0x00, 0x14, 0xe1, 0x94,
    0x00, 0x00, 0x00, 0x00, 0x00, 0x14, 0x96, 0xe4, 0x00, 0x14, 0xe1, 0x04, 0x01, 0x81, 0x00, 0x00,
    0x00, 0x00, 0x03, 0x04, 0x00, 0x14, 0xe1, 0x70, 0x00, 0x14, 0x19, 0xda, 0x00, 0x14, 0x1a, 0xe2,
    0x00, 0x00, 0x00, 0x00, 0x00, 0x00, 0x03, 0x04, 0x00, 0x01, 0x02, 0x00, 0x81, 0x01, 0x03, 0x02,
    0x80, 0x30, 0x00, 0x00, 0x00, 0x01, 0x80, 0x00, 0x00, 0x01, 0x01, 0x00, 0x14, 0x00, 0x27, 0x00,
    0x80, 0x18, 0x70, 0x00, 0x00, 0x01, 0x00, 0x00, 0x86, 0x03, 0x08, 0x00, 0xc0, 0x02, 0x20, 0x00,
    0x00, 0x00, 0x02, 0x00, 0x00, 0x06, 0x09, 0x00, 0x00, 0x40, 0x05, 0x00, 0x00, 0x00, 0x00, 0x00,
    0x00, 0x00, 0x00, 0x00, 0x01, 0x00, 0x00, 0x00, 0x00, 0x00, 0x00, 0x00, 0x00, 0x00, 0x00, 0x00,
    0x00, 0x00, 0x00, 0x00, 0x00, 0x00, 0x00, 0x0a, 0x00, 0x00, 0x00, 0x00, 0xc0, 0x02, 0xc0, 0x50,
    0x00, 0x00, 0x00, 0x00, 0x00, 0x14, 0xe2, 0x1c, 0x00, 0x00, 0x00, 0x00, 0x00, 0x14, 0x96, 0xe4,
    0x00, 0x14, 0xe0, 0x8c, 0x01, 0x81, 0x00, 0x00, 0x00, 0x00, 0x01, 0x04, 0x00, 0x00, 0x00, 0x00,
    0x00, 0x14, 0x19, 0xda, 0x00, 0x14, 0x1a, 0xe2, 0x00, 0x00, 0x00, 0x00, 0x81, 0x01, 0x03, 0x00,
    0x80, 0x30, 0x00, 0x00, 0x00, 0x01, 0x80, 0x00, 0x00, 0x01, 0x01, 0x00, 0x02, 0x00, 0x27, 0x00,
    0x80, 0x18, 0x70, 0x00, 0x00, 0x01, 0x00, 0x00, 0x86, 0x03, 0x08, 0x00, 0xc0, 0x02, 0x20, 0x00,
    0x00, 0x00, 0x02, 0x00, 0x00, 0x06, 0x20, 0x00, 0x00, 0x40, 0x05, 0x00, 0x00, 0x00, 0x00, 0x00,
    0x00, 0x00, 0x00, 0x00, 0x01, 0x00, 0x00, 0x00, 0x00, 0x00, 0x00, 0x00, 0x00, 0x00, 0x00, 0x00,
    0x00, 0x00, 0x00, 0x00, 0x00, 0x00, 0x00, 0x0a, 0x00, 0x00, 0x00, 0x00, 0xc0, 0x02, 0xc0, 0x50,
    0x00, 0x00, 0x00, 0x00, 0x00, 0x14, 0xe2, 0x9c, 0x00, 0x00, 0x00, 0x00, 0x00, 0x14, 0x96, 0xe4,
    0x00, 0x14, 0xe0, 0xe0, 0x01, 0x81, 0x00, 0x00, 0x00, 0x00, 0x01, 0x04, 0x00, 0x00, 0x00, 0x00,
    0x00, 0x14, 0x19, 0xda, 0x00, 0x14, 0x1a, 0xe2, 0x00, 0x00, 0x00, 0x00, 0x00, 0x14, 0xe2, 0x14,
    0x00, 0x14, 0xe1, 0xcc, 0x01, 0x00, 0x00, 0x00, 0x00, 0x00, 0x00, 0x00, 0x00, 0x00, 0x00, 0x00,
    0x00, 0x00, 0x00, 0x00, 0x00, 0x00, 0x00, 0x00, 0x00, 0x00, 0x00, 0x00, 0x00, 0x00, 0x00, 0x00,
    0x00, 0x00, 0x00, 0x00, 0x00, 0x14, 0xe2, 0x14, 0x00, 0x14, 0xe2, 0x54, 0x01, 0x00, 0x00, 0x00,
    0x00, 0x00, 0x00, 0x00, 0x00, 0x00, 0x00, 0x00, 0x00, 0x00, 0x00, 0x00, 0x00, 0x00, 0x00, 0x00,
    0x00, 0x00, 0x00, 0x00, 0x00, 0x00, 0x00, 0x00, 0x00, 0x00, 0x00, 0x00, 0x00, 0x14, 0xe2, 0x14,
    0x00, 0x14, 0xe2, 0xd4, 0x01, 0x00, 0x00, 0x00, 0x00, 0x00, 0x00, 0x00, 0x00, 0x00, 0x00, 0x00,
    0x00, 0x00, 0x00, 0x00, 0x00, 0x00, 0x00, 0x00, 0x00, 0x00, 0x00, 0x00, 0x00, 0x00, 0x00, 0x00,
    0x00, 0x00, 0x00, 0x00, 0x09, 0x02, 0x37, 0x01, 0x02, 0x01, 0x00, 0x80, 0x40, 0x08, 0x0b, 0x00,
    0x02, 0x0e, 0x03, 0x00, 0x02, 0x09, 0x04, 0x00, 0x00, 0x00, 0x0e, 0x01, 0x00, 0x02, 0x0d, 0x24,
    0x01, 0x00, 0x01, 0x4d, 0x00, 0x40, 0x59, 0x73, 0x07, 0x01, 0x01, 0x12, 0x24, 0x02, 0x01, 0x01,
    0x02, 0x00, 0x00, 0x00, 0x00, 0x00, 0x00, 0x00, 0x00, 0x03, 0x00, 0x00, 0x00, 0x09, 0x24, 0x03,
    0x02, 0x01, 0x01, 0x00, 0x03, 0x00, 0x0b, 0x24, 0x05, 0x03, 0x01, 0x00, 0x00, 0x02, 0x00, 0x00,
    0x02, 0x1a, 0x24, 0x06, 0x04, 0x8a, 0x0f, 0x88, 0xdd, 0xba, 0x1c, 0x54, 0x49, 0x8a, 0x25, 0xf7,
    0x87, 0x59, 0x67, 0xf0, 0xf7, 0x01, 0x01, 0x01, 0x01, 0x01, 0x02, 0x09, 0x04, 0x01, 0x00, 0x00,
    0x0e, 0x02, 0x00, 0x00, 0x0e, 0x24, 0x01, 0x01, 0xb1, 0x00, 0x81, 0x00, 0x02, 0x00, 0x00, 0x00,
    0x01, 0x00, 0x1b, 0x24, 0x04, 0x01, 0x03, 0x59, 0x55, 0x59, 0x32, 0x00, 0x00, 0x10, 0x00, 0x80,
    0x00, 0x00, 0xaa, 0x00, 0x38, 0x9b, 0x71, 0x10, 0x01, 0x00, 0x00, 0x00, 0x00, 0x2a, 0x24, 0x05,
    0x01, 0x00, 0x78, 0x0d, 0x28, 0x03, 0x80, 0x05, 0x55, 0x00, 0x00, 0xa5, 0xf6, 0x09, 0x80, 0x05,
    0x55, 0x00, 0x0a, 0x8b, 0x02, 0x00, 0x04, 0x0a, 0x8b, 0x02, 0x00, 0x15, 0x16, 0x05, 0x00, 0x2a,
    0x2c, 0x0a, 0x00, 0xd0, 0x12, 0x13, 0x00, 0x2e, 0x24, 0x05, 0x02, 0x00, 0xd4, 0x06, 0x98, 0x01,
    0xc0, 0xc3, 0x15, 0x00, 0x80, 0xf0, 0x8c, 0x02, 0xc0, 0xc3, 0x15, 0x00, 0x85, 0x45, 0x01, 0x00,
    0x05, 0x85, 0x45, 0x01, 0x00, 0x0a, 0x8b, 0x02, 0x00, 0x15, 0x16, 0x05, 0x00, 0x2a, 0x2c, 0x0a,
    0x00, 0xd0, 0x12, 0x13, 0x00, 0x2a, 0x24, 0x05, 0x03, 0x00, 0x82, 0x03, 0xc8, 0x00, 0x20, 0x7b,
    0x05, 0x00, 0xc0, 0x6d, 0xa4, 0x00, 0x20, 0x7b, 0x05, 0x00, 0xc2, 0xa2, 0x00, 0x00, 0x04, 0xc2,
    0xa2, 0x00, 0x00, 0x85, 0x45, 0x01, 0x00, 0x0a, 0x8b, 0x02, 0x00, 0x15, 0x16, 0x05, 0x00, 0x06,
    0x24, 0x0d, 0x01, 0x01, 0x04, 0x09, 0x04, 0x01, 0x01, 0x01, 0x0e, 0x02, 0x00, 0x00, 0x07, 0x05,
    0x81, 0x05, 0x00, 0x04, 0x01, 0x06, 0x30, 0x0f, 0x02, 0x00, 0xc0, 0x00, 0x00, 0x00, 0x00, 0x49,
    0x00, 0x00, 0x00, 0x35, 0x09, 0x02, 0xcd, 0x00, 0x02, 0x01, 0x00, 0x80, 0x40, 0x08, 0x0b, 0x00,
    0x02, 0x0e, 0x03, 0x00, 0x02, 0x09, 0x04, 0x00, 0x00, 0x00, 0x0e, 0x01, 0x00, 0x02, 0x0d, 0x24,
    0x01, 0x00, 0x01, 0x4d, 0x00, 0x40, 0x59, 0x73, 0x07, 0x01, 0x01, 0x12, 0x24, 0x02, 0x01, 0x01,
    0x02, 0x00, 0x00, 0x00, 0x00, 0x00, 0x00, 0x00, 0x00, 0x03, 0x00, 0x00, 0x00, 0x09, 0x24, 0x03,
    0x02, 0x01, 0x01, 0x00, 0x03, 0x00, 0x0b, 0x24, 0x05, 0x03, 0x01, 0x00, 0x00, 0x02, 0x00, 0x00,
    0x02, 0x1a, 0x24, 0x06, 0x04, 0x8a, 0x0f, 0x88, 0xdd, 0xba, 0x1c, 0x54, 0x49, 0x8a, 0x25, 0xf7,
    0x87, 0x59, 0x67, 0xf0, 0xf7, 0x01, 0x01, 0x01, 0x01, 0x01, 0x02, 0x09, 0x04, 0x01, 0x00, 0x00,
    0x0e, 0x02, 0x00, 0x00, 0x0e, 0x24, 0x01, 0x01, 0x4d, 0x00, 0x81, 0x00, 0x02, 0x00, 0x00, 0x00,
    0x01, 0x00, 0x1b, 0x24, 0x04, 0x01, 0x01, 0x59, 0x55, 0x59, 0x32, 0x00, 0x00, 0x10, 0x00, 0x80,
    0x00, 0x00, 0xaa, 0x00, 0x38, 0x9b, 0x71, 0x10, 0x01, 0x00, 0x00, 0x00, 0x00, 0x1e, 0x24, 0x05,
    0x01, 0x00, 0x80, 0x02, 0x90, 0x01, 0x00, 0xd0, 0x07, 0x00, 0x00, 0x60, 0xea, 0x00, 0x00, 0xd0,
    0x07, 0x00, 0x15, 0x16, 0x05, 0x00, 0x01, 0x15, 0x16, 0x05, 0x00, 0x06, 0x24, 0x0d, 0x01, 0x01,
    0x04, 0x09, 0x04, 0x01, 0x01, 0x01, 0x0e, 0x02, 0x00, 0x00, 0x07, 0x05, 0x81, 0x05, 0x00, 0x14,
    0x01, 0x00, 0x00, 0x00, 0x00, 0x00, 0x00, 0x49, 0x00, 0x00, 0x00, 0x35, 0x09, 0x02, 0xcd, 0x00,
    0x02, 0x01, 0x00, 0x80, 0x40, 0x08, 0x0b, 0x00, 0x02, 0x0e, 0x03, 0x00, 0x02, 0x09, 0x04, 0x00,
    0x00, 0x00, 0x0e, 0x01, 0x00, 0x02, 0x0d, 0x24, 0x01, 0x00, 0x01, 0x4d, 0x00, 0x40, 0x59, 0x73,
    0x07, 0x01, 0x01, 0x12, 0x24, 0x02, 0x01, 0x01, 0x02, 0x00, 0x00, 0x00, 0x00, 0x00, 0x00, 0x00,
    0x00, 0x03, 0x00, 0x00, 0x00, 0x09, 0x24, 0x03, 0x02, 0x01, 0x01, 0x00, 0x03, 0x00, 0x0b, 0x24,
    0x05, 0x03, 0x01, 0x00, 0x00, 0x02, 0x00, 0x00, 0x02, 0x1a, 0x24, 0x06, 0x04, 0x8a, 0x0f, 0x88,
    0xdd, 0xba, 0x1c, 0x54, 0x49, 0x8a, 0x25, 0xf7, 0x87, 0x59, 0x67, 0xf0, 0xf7, 0x01, 0x01, 0x01,
    0x01, 0x01, 0x02, 0x09, 0x04, 0x01, 0x00, 0x00, 0x0e, 0x02, 0x00, 0x00, 0x0e, 0x24, 0x01, 0x01,
    0x4d, 0x00, 0x81, 0x00, 0x02, 0x00, 0x00, 0x00, 0x01, 0x00, 0x1b, 0x24, 0x04, 0x01, 0x01, 0x59,
    0x55, 0x59, 0x32, 0x00, 0x00, 0x10, 0x00, 0x80, 0x00, 0x00, 0xaa, 0x00, 0x38, 0x9b, 0x71, 0x10,
    0x01, 0x00, 0x00, 0x00, 0x00, 0x1e, 0x24, 0x05, 0x01, 0x00, 0xa0, 0x00, 0x78, 0x00, 0x00, 0x96,
    0x00, 0x00, 0x00, 0x94, 0x11, 0x00, 0x00, 0x96, 0x00, 0x00, 0xd0, 0x12, 0x13, 0x00, 0x01, 0xd0,
    0x12, 0x13, 0x00, 0x06, 0x24, 0x0d, 0x01, 0x01, 0x04, 0x09, 0x04, 0x01, 0x01, 0x01, 0x0e, 0x02,
    0x00, 0x00, 0x07, 0x05, 0x81, 0x05, 0x00, 0x02, 0x01, 0x00, 0x00, 0x00, 0x00, 0x00, 0x00, 0x49,
    0x00, 0x00, 0x00, 0x35, 0x05, 0x0f, 0x16, 0x00, 0x02, 0x07, 0x10, 0x02, 0x02, 0x00, 0x00, 0x00,
    0x0a, 0x10, 0x03, 0x00, 0x0c, 0x00, 0x02, 0x0a, 0x20, 0x00, 0x00, 0x00, 0x12, 0x01, 0x00, 0x03,
    0xef, 0x02, 0x01, 0x09, 0xa9, 0x05, 0x8a, 0x05, 0x00, 0x01, 0x01, 0x02, 0x00, 0x01, 0x00, 0x00,
    0x12, 0x01, 0x10, 0x02, 0xef, 0x02, 0x01, 0x40, 0xa9, 0x05, 0x8a, 0x05, 0x00, 0x01, 0x01, 0x02,
    0x00, 0x01, 0x00, 0x00, 0x12, 0x01, 0x10, 0x01, 0xef, 0x02, 0x01, 0x40, 0xa9, 0x05, 0x8a, 0x05,
    0x00, 0x01, 0x01, 0x02, 0x00, 0x01, 0x00, 0x00, 0x0a, 0x06, 0x00, 0x02, 0xef, 0x02, 0x01, 0x40,
    0x01, 0x00, 0x00, 0x00, 0x0e, 0x03, 0x4f, 0x00, 0x56, 0x00, 0x30, 0x00, 0x30, 0x00, 0x30, 0x00,
    0x31, 0x00, 0x00, 0x00, 0x22, 0x03, 0x55, 0x00, 0x53, 0x00, 0x42, 0x00, 0x20, 0x00, 0x41, 0x00,
    0x75, 0x00, 0x64, 0x00, 0x69, 0x00, 0x6f, 0x00, 0x20, 0x00, 0x44, 0x00, 0x65, 0x00, 0x76, 0x00,
    0x69, 0x00, 0x63, 0x00, 0x65, 0x00, 0x00, 0x00, 0x22, 0x03, 0x55, 0x00, 0x53, 0x00, 0x42, 0x00,
    0x20, 0x00, 0x43, 0x00, 0x61, 0x00, 0x6d, 0x00, 0x65, 0x00, 0x72, 0x00, 0x61, 0x00, 0x2d, 0x00,
    0x4f, 0x00, 0x56, 0x00, 0x35, 0x00, 0x38, 0x00, 0x30, 0x00, 0x00, 0x00, 0x3c, 0x03, 0x4f, 0x00,
    0x6d, 0x00, 0x6e, 0x00, 0x69, 0x00, 0x76, 0x00, 0x69, 0x00, 0x73, 0x00, 0x69, 0x00, 0x6f, 0x00,
    0x6e, 0x00, 0x20, 0x00, 0x54, 0x00, 0x65, 0x00, 0x63, 0x00, 0x68, 0x00, 0x6e, 0x00, 0x6f, 0x00,
    0x6c, 0x00, 0x6f, 0x00, 0x67, 0x00, 0x69, 0x00, 0x65, 0x00, 0x73, 0x00, 0x2c, 0x00, 0x20, 0x00,
    0x49, 0x00, 0x6e, 0x00, 0x63, 0x00, 0x2e, 0x00, 0x04, 0x03, 0x09, 0x04, 0x00, 0x00, 0x09, 0x6d,
    0x04, 0x6d, 0x3d, 0x00, 0x00, 0x00, 0x12, 0xdb, 0x0d, 0xdb, 0x1f, 0x00, 0x00, 0x00, 0x25, 0xb7,
    0x20, 0xb7, 0x10, 0x00, 0x00, 0x00, 0x4b, 0x71, 0x46, 0x71, 0x09, 0x00, 0x00, 0x00, 0x08, 0xc9,
    0x03, 0xc9, 0x3c, 0x00, 0x00, 0x00, 0x11, 0x93, 0x0c, 0x93, 0x1e, 0x00, 0x00, 0x00, 0x23, 0x27,
    0x1e, 0x27, 0x0f, 0x00, 0x00, 0x00, 0x46, 0x4f, 0x41, 0x4f, 0x08, 0x00, 0x00, 0x00, 0x08, 0xc9,
    0x03, 0xc9, 0x32, 0x00, 0x00, 0x00, 0x11, 0x93, 0x0c, 0x93, 0x19, 0x00, 0x00, 0x00, 0x23, 0x27,
    0x1e, 0x27, 0x0d, 0x00, 0x00, 0x00, 0x46, 0x4f, 0x41, 0x4f, 0x07, 0x00, 0x00, 0x00, 0x08, 0xc9,
    0x03, 0xc9, 0x30, 0x00, 0x00, 0x00, 0x11, 0x93, 0x0c, 0x93, 0x18, 0x00, 0x00, 0x00, 0x23, 0x27,
    0x1e, 0x27, 0x0c, 0x00, 0x00, 0x00, 0x46, 0x4f, 0x41, 0x4f, 0x06, 0x00, 0x00, 0x00, 0x08, 0xc9,
    0x06, 0x49, 0x78, 0x00, 0x00, 0x00, 0x08, 0xc9, 0x06, 0x49, 0x64, 0x00, 0x00, 0x00, 0x08, 0xc9,
    0x06, 0x49, 0x60, 0x00, 0x00, 0x00, 0x08, 0xc9, 0x07, 0x89, 0xf0, 0x00, 0x00, 0x00, 0x08, 0xc9,
    0x07, 0x89, 0xc8, 0x00, 0x00, 0x00, 0x08, 0xc9, 0x07, 0x89, 0xc0, 0x00, 0x01, 0x81, 0x00, 0x58,
    0x01, 0x86, 0x00, 0x0d, 0x01, 0x87, 0x00, 0x10, 0x01, 0x88, 0x00, 0x0e, 0x01, 0x89, 0x00, 0x74,
    0x01, 0x8a, 0x00, 0x56, 0x01, 0x8b, 0x00, 0x8a, 0x01, 0x8c, 0x00, 0x85, 0x01, 0x8d, 0x00, 0x45,
    0x01, 0x8e, 0x00, 0x32, 0x01, 0x8f, 0x00, 0x66, 0x01, 0x90, 0x00, 0x4a, 0x01, 0x91, 0x00, 0xf5,
    0x01, 0x92, 0x00, 0x0a, 0x04, 0x80, 0x00, 0x02, 0x04, 0x81, 0x00, 0x54, 0x04, 0x82, 0x00, 0x00,
    0x04, 0x83, 0x00, 0xa1, 0x04, 0x84, 0x00, 0x02, 0x04, 0x85, 0x00, 0x4b, 0x04, 0x86, 0x00, 0x01,
    0x04, 0x87, 0x00, 0xc3, 0x04, 0x88, 0x00, 0x01, 0x04, 0x89, 0x00, 0x2e, 0x04, 0x8a, 0x00, 0x01,
    0x04, 0x8b, 0x00, 0xc0, 0x04, 0x8c, 0x00, 0x04, 0x04, 0x8d, 0x00, 0x53, 0x04, 0x8e, 0x00, 0x02,
    0x04, 0x8f, 0x00, 0x4f, 0x04, 0x90, 0x00, 0x02, 0x04, 0x91, 0x00, 0x30, 0x04, 0x92, 0x00, 0x02,
    0x04, 0x93, 0x00, 0x55, 0x04, 0x94, 0x00, 0x01, 0x04, 0x95, 0x00, 0x67, 0x04, 0x96, 0x00, 0x02,
    0x04, 0x97, 0x00, 0x7e, 0x04, 0x98, 0x00, 0x03, 0x04, 0x99, 0x00, 0x06, 0x04, 0x9a, 0x00, 0x01,
    0x04, 0x9b, 0x00, 0x54, 0x04, 0x9c, 0x00, 0x01, 0x04, 0x9d, 0x00, 0x16, 0x04, 0x9e, 0x00, 0x02,
    0x04, 0x9f, 0x00, 0x1c, 0x04, 0xa0, 0x00, 0x00, 0x04, 0xa1, 0x00, 0xb2, 0x04, 0xa2, 0x00, 0x04,
    0x04, 0xa3, 0x00, 0xb0, 0x04, 0xae, 0x00, 0x00, 0x04, 0xaf, 0x00, 0x00, 0x04, 0xb0, 0x00, 0x00,
    0x04, 0xb1, 0x00, 0x03, 0x04, 0xb2, 0x00, 0x40, 0x04, 0xb3, 0x00, 0x38, 0x04, 0xa8, 0x00, 0x00,
    0x04, 0xa9, 0x00, 0x80, 0x04, 0xaa, 0x00, 0x00, 0x04, 0xab, 0x00, 0xb8, 0x04, 0xac, 0x00, 0x01,
    0x04, 0xad, 0x00, 0x00, 0x02, 0x80, 0x00, 0x09, 0x02, 0x81, 0x00, 0x64, 0x02, 0x83, 0x00, 0x11,
    0x04, 0x00, 0x00, 0x40, 0x04, 0x02, 0x00, 0x02, 0x04, 0x03, 0x00, 0x03, 0x04, 0x04, 0x00, 0x04,
    0x04, 0x05, 0x00, 0x04, 0x04, 0x06, 0x00, 0x04, 0x04, 0x07, 0x00, 0x04, 0x04, 0x08, 0x00, 0x04,
    0x04, 0x09, 0x00, 0x04, 0x04, 0x0a, 0x00, 0x10, 0x04, 0x0b, 0x00, 0x18, 0x04, 0x0c, 0x00, 0x08,
    0x04, 0x0d, 0x00, 0x20, 0x03, 0x80, 0x00, 0x08, 0x03, 0x81, 0x00, 0x04, 0x03, 0x82, 0x00, 0x06,
    0x03, 0x83, 0x00, 0x08, 0x03, 0x84, 0x00, 0x0c, 0x03, 0x85, 0x00, 0x10, 0x03, 0x86, 0x00, 0x18,
    0x03, 0x87, 0x00, 0x20, 0x03, 0x88, 0x00, 0x30, 0x03, 0x89, 0x00, 0x10, 0x05, 0x80, 0x00, 0x0c,
    0x05, 0x82, 0x00, 0x00, 0x05, 0x83, 0x00, 0x00, 0x05, 0x84, 0x00, 0x11, 0x05, 0x85, 0x00, 0x32,
    0x05, 0x86, 0x00, 0x02, 0x05, 0x87, 0x00, 0x03, 0x05, 0x88, 0x00, 0x04, 0x05, 0x89, 0x00, 0x06,
    0x05, 0x8a, 0x00, 0x08, 0x05, 0x8b, 0x00, 0x0c, 0x05, 0x8c, 0x00, 0x10, 0x05, 0x8d, 0x00, 0x18,
    0x06, 0x80, 0x00, 0x00, 0x06, 0x81, 0x00, 0x01, 0x06, 0x82, 0x00, 0x02, 0x06, 0x83, 0x00, 0x03,
    0x06, 0x84, 0x00, 0x04, 0x06, 0x85, 0x00, 0x04, 0x06, 0x86, 0x00, 0x44, 0x05, 0x00, 0x00, 0x07,
    0x05, 0x01, 0x00, 0x12, 0x05, 0x02, 0x00, 0x30, 0x05, 0x03, 0x00, 0x5a, 0x05, 0x04, 0x00, 0x69,
    0x05, 0x05, 0x00, 0x78, 0x05, 0x06, 0x00, 0x84, 0x05, 0x07, 0x00, 0x90, 0x05, 0x08, 0x00, 0x9a,
    0x05, 0x09, 0x00, 0xa2, 0x05, 0x0a, 0x00, 0xb0, 0x05, 0x0b, 0x00, 0xbb, 0x05, 0x0c, 0x00, 0xcd,
    0x05, 0x0d, 0x00, 0xdd, 0x05, 0x0e, 0x00, 0xeb, 0x05, 0x0f, 0x00, 0xa0, 0x05, 0x40, 0x00, 0x06,
    0x05, 0x41, 0x00, 0x0e, 0x05, 0x42, 0x00, 0x22, 0x05, 0x43, 0x00, 0x4b, 0x05, 0x44, 0x00, 0x59,
    0x05, 0x45, 0x00, 0x66, 0x05, 0x46, 0x00, 0x72, 0x05, 0x47, 0x00, 0x7c, 0x05, 0x48, 0x00, 0x84,
    0x05, 0x49, 0x00, 0x8c, 0x05, 0x4a, 0x00, 0x9a, 0x05, 0x4b, 0x00, 0xa5, 0x05, 0x4c, 0x00, 0xb5,
    0x05, 0x4d, 0x00, 0xc3, 0x05, 0x4e, 0x00, 0xd6, 0x02, 0x12, 0x00, 0x00, 0x02, 0x13, 0x00, 0x04,
    0x02, 0x14, 0x00, 0x1f, 0x02, 0x15, 0x00, 0x45, 0x02, 0x16, 0x00, 0x55, 0x02, 0x17, 0x00, 0x63,
    0x02, 0x18, 0x00, 0x70, 0x02, 0x19, 0x00, 0x7c, 0x02, 0x1a, 0x00, 0x88, 0x02, 0x1b, 0x00, 0x93,
    0x02, 0x1c, 0x00, 0xa5, 0x02, 0x1d, 0x00, 0xb5, 0x02, 0x1e, 0x00, 0xc8, 0x02, 0x1f, 0x00, 0xd8,
    0x02, 0x20, 0x00, 0xe8, 0x02, 0x00, 0x00, 0x03, 0x02, 0x01, 0x00, 0x20, 0x02, 0x02, 0x00, 0x04,
    0x02, 0x03, 0x00, 0x3c, 0x02, 0x04, 0x00, 0x4a, 0x02, 0x05, 0x00, 0x60, 0x02, 0x06, 0x00, 0x81,
    0x02, 0x07, 0x00, 0x8c, 0x02, 0x08, 0x00, 0x95, 0x02, 0x09, 0x00, 0x9d, 0x02, 0x0a, 0x00, 0xa4,
    0x02, 0x0b, 0x00, 0xab, 0x02, 0x0c, 0x00, 0xb1, 0x02, 0x0d, 0x00, 0xbe, 0x02, 0x0e, 0x00, 0xc9,
    0x02, 0x0f, 0x00, 0xdf, 0x02, 0x10, 0x00, 0xee, 0x02, 0x11, 0x00, 0xf8, 0x01, 0x00, 0x00, 0x16,
    0x01, 0x01, 0x00, 0x14, 0x01, 0x02, 0x00, 0x11, 0x01, 0x03, 0x00, 0x12, 0x01, 0x04, 0x00, 0x15,
    0x01, 0x05, 0x00, 0x1a, 0x01, 0x06, 0x00, 0x0a, 0x01, 0x07, 0x00, 0x05, 0x01, 0x08, 0x00, 0x03,
    0x01, 0x09, 0x00, 0x04, 0x01, 0x0a, 0x00, 0x07, 0x01, 0x0b, 0x00, 0x0c, 0x01, 0x0c, 0x00, 0x03,
    0x01, 0x0d, 0x00, 0x01, 0x01, 0x0e, 0x00, 0x00, 0x01, 0x0f, 0x00, 0x00, 0x01, 0x10, 0x00, 0x02,
    0x01, 0x11, 0x00, 0x05, 0x01, 0x12, 0x00, 0x03, 0x01, 0x13, 0x00, 0x01, 0x01, 0x14, 0x00, 0x00,
    0x01, 0x15, 0x00, 0x00, 0x01, 0x16, 0x00, 0x02, 0x01, 0x17, 0x00, 0x05, 0x01, 0x18, 0x00, 0x09,
    0x01, 0x19, 0x00, 0x05, 0x01, 0x1a, 0x00, 0x03, 0x01, 0x1b, 0x00, 0x04, 0x01, 0x1c, 0x00, 0x06,
    0x01, 0x1d, 0x00, 0x0c, 0x01, 0x1e, 0x00, 0x16, 0x01, 0x1f, 0x00, 0x13, 0x01, 0x20, 0x00, 0x10,
    0x01, 0x21, 0x00, 0x11, 0x01, 0x22, 0x00, 0x14, 0x01, 0x23, 0x00, 0x18, 0x01, 0x24, 0x00, 0x09,
    0x01, 0x25, 0x00, 0x19, 0x01, 0x26, 0x00, 0x19, 0x01, 0x27, 0x00, 0x19, 0x01, 0x28, 0x00, 0x07,
    0x01, 0x29, 0x00, 0x27, 0x01, 0x2a, 0x00, 0x23, 0x01, 0x2b, 0x00, 0x22, 0x01, 0x2c, 0x00, 0x23,
    0x01, 0x2d, 0x00, 0x17, 0x01, 0x2e, 0x00, 0x34, 0x01, 0x2f, 0x00, 0x31, 0x01, 0x30, 0x00, 0x30,
    0x01, 0x31, 0x00, 0x31, 0x01, 0x32, 0x00, 0x34, 0x01, 0x33, 0x00, 0x27, 0x01, 0x34, 0x00, 0x33,
    0x01, 0x35, 0x00, 0x32, 0x01, 0x36, 0x00, 0x33, 0x01, 0x37, 0x00, 0x37, 0x01, 0x38, 0x00, 0x1b,
    0x01, 0x39, 0x00, 0x1a, 0x01, 0x3a, 0x00, 0x29, 0x01, 0x3b, 0x00, 0x2a, 0x01, 0x3c, 0x00, 0x28,
    0x01, 0x3d, 0x00, 0xdf, 0x01, 0x00, 0x00, 0x00, 0x03, 0x81, 0x00, 0x01, 0x03, 0x83, 0x00, 0x01,
    0x03, 0x85, 0x00, 0x01, 0x03, 0x87, 0x00, 0x01, 0x37, 0x0e, 0x00, 0x80, 0x37, 0x0a, 0x00, 0x31,
    0x38, 0x20, 0x00, 0x80, 0x38, 0x21, 0x00, 0x00, 0x41, 0x44, 0x00, 0x54, 0x45, 0x02, 0x00, 0x60,
    0x41, 0x42, 0x00, 0x24, 0x40, 0x01, 0x00, 0x06, 0x40, 0x02, 0x00, 0x45, 0x40, 0x04, 0x00, 0x04,
    0x03, 0x40, 0x00, 0x04, 0x03, 0x41, 0x00, 0x58, 0x03, 0x42, 0x00, 0x05, 0x03, 0x43, 0x00, 0xdc,
    0x03, 0x4b, 0x00, 0x2f, 0x03, 0x4c, 0x00, 0x05, 0x03, 0x4d, 0x00, 0x00, 0x03, 0x4e, 0x00, 0x03,
    0x03, 0x4f, 0x00, 0x24, 0x38, 0x11, 0x00, 0x10, 0x38, 0x13, 0x00, 0x02, 0x30, 0x91, 0x00, 0x05,
    0x30, 0x92, 0x00, 0x06, 0x30, 0x93, 0x00, 0x02, 0x30, 0x94, 0x00, 0x03, 0x01, 0x00, 0x00, 0x01,
    0x01, 0x00, 0x00, 0x00, 0x03, 0x81, 0x00, 0x01, 0x03, 0x83, 0x00, 0x01, 0x03, 0x85, 0x00, 0x01,
    0x03, 0x87, 0x00, 0x01, 0x37, 0x0e, 0x00, 0x80, 0x37, 0x0a, 0x00, 0x31, 0x38, 0x20, 0x00, 0x80,
    0x38, 0x21, 0x00, 0x00, 0x41, 0x44, 0x00, 0x54, 0x45, 0x02, 0x00, 0x60, 0x41, 0x42, 0x00, 0x24,
    0x40, 0x01, 0x00, 0x06, 0x40, 0x02, 0x00, 0x45, 0x40, 0x04, 0x00, 0x04, 0x03, 0x40, 0x00, 0x04,
    0x03, 0x41, 0x00, 0x58, 0x03, 0x42, 0x00, 0x05, 0x03, 0x43, 0x00, 0xdc, 0x03, 0x4b, 0x00, 0x2f,
    0x03, 0x4c, 0x00, 0x05, 0x03, 0x4d, 0x00, 0x00, 0x03, 0x4e, 0x00, 0x03, 0x03, 0x4f, 0x00, 0x24,
    0x38, 0x11, 0x00, 0x10, 0x38, 0x13, 0x00, 0x02, 0x30, 0x91, 0x00, 0x05, 0x30, 0x92, 0x00, 0x03,
    0x30, 0x93, 0x00, 0x02, 0x30, 0x94, 0x00, 0x03, 0x01, 0x00, 0x00, 0x01, 0x01, 0x00, 0x00, 0x00,
    0x03, 0x81, 0x00, 0x01, 0x03, 0x83, 0x00, 0x01, 0x03, 0x85, 0x00, 0x01, 0x03, 0x87, 0x00, 0x01,
    0x37, 0x0e, 0x00, 0x80, 0x37, 0x0a, 0x00, 0x31, 0x38, 0x20, 0x00, 0x80, 0x38, 0x21, 0x00, 0x00,
    0x41, 0x44, 0x00, 0x54, 0x45, 0x02, 0x00, 0x60, 0x41, 0x42, 0x00, 0x24, 0x40, 0x01, 0x00, 0x06,
    0x40, 0x02, 0x00, 0x45, 0x40, 0x04, 0x00, 0x04, 0x03, 0x40, 0x00, 0x04, 0x03, 0x41, 0x00, 0x58,
    0x03, 0x42, 0x00, 0x05, 0x03, 0x43, 0x00, 0xdc, 0x03, 0x4b, 0x00, 0x2f, 0x03, 0x4c, 0x00, 0x05,
    0x03, 0x4d, 0x00, 0x00, 0x03, 0x4e, 0x00, 0x03, 0x03, 0x4f, 0x00, 0x24, 0x38, 0x11, 0x00, 0x10,
    0x38, 0x13, 0x00, 0x02, 0x30, 0x91, 0x00, 0x05, 0x30, 0x92, 0x00, 0x03, 0x30, 0x93, 0x00, 0x02,
    0x30, 0x94, 0x00, 0x02, 0x01, 0x00, 0x00, 0x01, 0x01, 0x00, 0x00, 0x00, 0x03, 0x81, 0x00, 0x01,
    0x03, 0x83, 0x00, 0x01, 0x03, 0x85, 0x00, 0x01, 0x03, 0x87, 0x00, 0x01, 0x37, 0x0e, 0x00, 0x80,
    0x37, 0x0a, 0x00, 0x31, 0x38, 0x20, 0x00, 0x80, 0x38, 0x21, 0x00, 0x00, 0x41, 0x44, 0x00, 0x54,
    0x45, 0x02, 0x00, 0x60, 0x41, 0x42, 0x00, 0x24, 0x40, 0x01, 0x00, 0x06, 0x40, 0x02, 0x00, 0x45,
    0x40, 0x04, 0x00, 0x04, 0x03, 0x40, 0x00, 0x04, 0x03, 0x41, 0x00, 0x58, 0x03, 0x42, 0x00, 0x05,
    0x03, 0x43, 0x00, 0xdc, 0x03, 0x4b, 0x00, 0x2f, 0x03, 0x4c, 0x00, 0x05, 0x03, 0x4d, 0x00, 0x00,
    0x03, 0x4e, 0x00, 0x03, 0x03, 0x4f, 0x00, 0x24, 0x38, 0x11, 0x00, 0x10, 0x38, 0x13, 0x00, 0x02,
    0x30, 0x91, 0x00, 0x05, 0x30, 0x92, 0x00, 0x03, 0x30, 0x93, 0x00, 0x01, 0x30, 0x94, 0x00, 0x02,
    0x01, 0x00, 0x00, 0x01, 0x01, 0x00, 0x00, 0x00, 0x03, 0x81, 0x00, 0x01, 0x03, 0x83, 0x00, 0x03,
    0x03, 0x85, 0x00, 0x01, 0x03, 0x87, 0x00, 0x03, 0x37, 0x0e, 0x00, 0x88, 0x37, 0x0a, 0x00, 0x73,
    0x38, 0x20, 0x00, 0x80, 0x38, 0x21, 0x00, 0x01, 0x41, 0x44, 0x00, 0x42, 0x45, 0x02, 0x00, 0x68,
    0x41, 0x42, 0x00, 0x14, 0x40, 0x01, 0x00, 0x03, 0x40, 0x02, 0x00, 0x45, 0x40, 0x04, 0x00, 0x02,
    0x03, 0x40, 0x00, 0x02, 0x03, 0x41, 0x00, 0x2c, 0x03, 0x42, 0x00, 0x05, 0x03, 0x43, 0x00, 0xdc,
    0x03, 0x4b, 0x00, 0x2b, 0x03, 0x4c, 0x00, 0x02, 0x03, 0x4d, 0x00, 0x80, 0x03, 0x4e, 0x00, 0x01,
    0x03, 0x4f, 0x00, 0x94, 0x38, 0x11, 0x00, 0x08, 0x38, 0x13, 0x00, 0x00, 0x30, 0x91, 0x00, 0x05,
    0x30, 0x92, 0x00, 0x03, 0x30, 0x93, 0x00, 0x01, 0x30, 0x94, 0x00, 0x02, 0x01, 0x00, 0x00, 0x01,
    0x01, 0x00, 0x00, 0x00, 0x03, 0x81, 0x00, 0x01, 0x03, 0x83, 0x00, 0x07, 0x03, 0x85, 0x00, 0x05,
    0x03, 0x87, 0x00, 0x03, 0x37, 0x0e, 0x00, 0x88, 0x37, 0x0a, 0x00, 0xf4, 0x38, 0x20, 0x00, 0x80,
    0x38, 0x21, 0x00, 0x01, 0x41, 0x44, 0x00, 0x32, 0x45, 0x02, 0x00, 0x68, 0x41, 0x42, 0x00, 0x14,
    0x40, 0x01, 0x00, 0x03, 0x40, 0x02, 0x00, 0x45, 0x40, 0x04, 0x00, 0x02, 0x03, 0x40, 0x00, 0x01,
    0x03, 0x41, 0x00, 0x16, 0x03, 0x42, 0x00, 0x05, 0x03, 0x43, 0x00, 0xdc, 0x03, 0x4b, 0x00, 0x17,
    0x03, 0x4c, 0x00, 0x01, 0x03, 0x4d, 0x00, 0x40, 0x03, 0x4e, 0x00, 0x00, 0x03, 0x4f, 0x00, 0xc4,
    0x38, 0x11, 0x00, 0x04, 0x38, 0x13, 0x00, 0x00, 0x30, 0x91, 0x00, 0x05, 0x30, 0x92, 0x00, 0x03,
    0x30, 0x93, 0x00, 0x01, 0x30, 0x94, 0x00, 0x02, 0x01, 0x00, 0x00, 0x01, 0x01, 0x00, 0x00, 0x00,
    0x03, 0x81, 0x00, 0x01, 0x03, 0x83, 0x00, 0x01, 0x03, 0x85, 0x00, 0x01, 0x03, 0x87, 0x00, 0x01,
    0x37, 0x0e, 0x00, 0x80, 0x37, 0x0a, 0x00, 0x31, 0x38, 0x20, 0x00, 0x80, 0x38, 0x21, 0x00, 0x00,
    0x41, 0x44, 0x00, 0x54, 0x45, 0x02, 0x00, 0x60, 0x41, 0x42, 0x00, 0x24, 0x40, 0x01, 0x00, 0x06,
    0x40, 0x02, 0x00, 0x45, 0x40, 0x04, 0x00, 0x04, 0x03, 0x40, 0x00, 0x04, 0x03, 0x41, 0x00, 0x28,
    0x03, 0x42, 0x00, 0x05, 0x03, 0x43, 0x00, 0xdc, 0x03, 0x4b, 0x00, 0x2f, 0x03, 0x4c, 0x00, 0x05,
    0x03, 0x4d, 0x00, 0x00, 0x03, 0x4e, 0x00, 0x03, 0x03, 0x4f, 0x00, 0x24, 0x38, 0x11, 0x00, 0x10,
    0x38, 0x13, 0x00, 0x02, 0x30, 0x91, 0x00, 0x05, 0x30, 0x92, 0x00, 0x06, 0x30, 0x93, 0x00, 0x02,
    0x30, 0x94, 0x00, 0x03, 0x01, 0x00, 0x00, 0x01, 0x01, 0x00, 0x00, 0x00, 0x03, 0x81, 0x00, 0x01,
    0x03, 0x83, 0x00, 0x01, 0x03, 0x85, 0x00, 0x01, 0x03, 0x87, 0x00, 0x01, 0x37, 0x0e, 0x00, 0x80,
    0x37, 0x0a, 0x00, 0x31, 0x38, 0x20, 0x00, 0x80, 0x38, 0x21, 0x00, 0x00, 0x41, 0x44, 0x00, 0x54,
    0x45, 0x02, 0x00, 0x60, 0x41, 0x42, 0x00, 0x24, 0x40, 0x01, 0x00, 0x06, 0x40, 0x02, 0x00, 0x45,
    0x40, 0x04, 0x00, 0x04, 0x03, 0x40, 0x00, 0x04, 0x03, 0x41, 0x00, 0x28, 0x03, 0x42, 0x00, 0x05,
    0x03, 0x43, 0x00, 0xdc, 0x03, 0x4b, 0x00, 0x2f, 0x03, 0x4c, 0x00, 0x05, 0x03, 0x4d, 0x00, 0x00,
    0x03, 0x4e, 0x00, 0x03, 0x03, 0x4f, 0x00, 0x24, 0x38, 0x11, 0x00, 0x10, 0x38, 0x13, 0x00, 0x02,
    0x30, 0x91, 0x00, 0x05, 0x30, 0x92, 0x00, 0x03, 0x30, 0x93, 0x00, 0x02, 0x30, 0x94, 0x00, 0x03,
    0x01, 0x00, 0x00, 0x01, 0x01, 0x00, 0x00, 0x00, 0x03, 0x81, 0x00, 0x01, 0x03, 0x83, 0x00, 0x01,
    0x03, 0x85, 0x00, 0x01, 0x03, 0x87, 0x00, 0x01, 0x37, 0x0e, 0x00, 0x80, 0x37, 0x0a, 0x00, 0x31,
    0x38, 0x20, 0x00, 0x80, 0x38, 0x21, 0x00, 0x00, 0x41, 0x44, 0x00, 0x54, 0x45, 0x02, 0x00, 0x60,
    0x41, 0x42, 0x00, 0x24, 0x40, 0x01, 0x00, 0x06, 0x40, 0x02, 0x00, 0x45, 0x40, 0x04, 0x00, 0x04,
    0x03, 0x40, 0x00, 0x04, 0x03, 0x41, 0x00, 0x28, 0x03, 0x42, 0x00, 0x05, 0x03, 0x43, 0x00, 0xdc,
    0x03, 0x4b, 0x00, 0x2f, 0x03, 0x4c, 0x00, 0x05, 0x03, 0x4d, 0x00, 0x00, 0x03, 0x4e, 0x00, 0x03,
    0x03, 0x4f, 0x00, 0x24, 0x38, 0x11, 0x00, 0x10, 0x38, 0x13, 0x00, 0x02, 0x30, 0x91, 0x00, 0x05,
    0x30, 0x92, 0x00, 0x03, 0x30, 0x93, 0x00, 0x02, 0x30, 0x94, 0x00, 0x02, 0x01, 0x00, 0x00, 0x01,
    0x01, 0x00, 0x00, 0x00, 0x03, 0x81, 0x00, 0x01, 0x03, 0x83, 0x00, 0x01, 0x03, 0x85, 0x00, 0x01,
    0x03, 0x87, 0x00, 0x01, 0x37, 0x0e, 0x00, 0x80, 0x37, 0x0a, 0x00, 0x31, 0x38, 0x20, 0x00, 0x80,
    0x38, 0x21, 0x00, 0x00, 0x41, 0x44, 0x00, 0x54, 0x45, 0x02, 0x00, 0x60, 0x41, 0x42, 0x00, 0x24,
    0x40, 0x01, 0x00, 0x06, 0x40, 0x02, 0x00, 0x45, 0x40, 0x04, 0x00, 0x04, 0x03, 0x40, 0x00, 0x04,
    0x03, 0x41, 0x00, 0x28, 0x03, 0x42, 0x00, 0x05, 0x03, 0x43, 0x00, 0xdc, 0x03, 0x4b, 0x00, 0x2f,
    0x03, 0x4c, 0x00, 0x05, 0x03, 0x4d, 0x00, 0x00, 0x03, 0x4e, 0x00, 0x03, 0x03, 0x4f, 0x00, 0x24,
    0x38, 0x11, 0x00, 0x10, 0x38, 0x13, 0x00, 0x02, 0x30, 0x91, 0x00, 0x05, 0x30, 0x92, 0x00, 0x03,
    0x30, 0x93, 0x00, 0x01, 0x30, 0x94, 0x00, 0x02, 0x01, 0x00, 0x00, 0x01, 0x01, 0x00, 0x00, 0x00,
    0x03, 0x81, 0x00, 0x01, 0x03, 0x83, 0x00, 0x03, 0x03, 0x85, 0x00, 0x01, 0x03, 0x87, 0x00, 0x03,
    0x37, 0x0e, 0x00, 0x88, 0x37, 0x0a, 0x00, 0x73, 0x38, 0x20, 0x00, 0x80, 0x38, 0x21, 0x00, 0x01,
    0x41, 0x44, 0x00, 0x42, 0x45, 0x02, 0x00, 0x68, 0x41, 0x42, 0x00, 0x14, 0x40, 0x01, 0x00, 0x03,
    0x40, 0x02, 0x00, 0x45, 0x40, 0x04, 0x00, 0x02, 0x03, 0x40, 0x00, 0x02, 0x03, 0x41, 0x00, 0x14,
    0x03, 0x42, 0x00, 0x05, 0x03, 0x43, 0x00, 0xdc, 0x03, 0x4b, 0x00, 0x2b, 0x03, 0x4c, 0x00, 0x02,
    0x03, 0x4d, 0x00, 0x80, 0x03, 0x4e, 0x00, 0x01, 0x03, 0x4f, 0x00, 0x94, 0x38, 0x11, 0x00, 0x08,
    0x38, 0x13, 0x00, 0x00, 0x30, 0x91, 0x00, 0x05, 0x30, 0x92, 0x00, 0x03, 0x30, 0x93, 0x00, 0x01,
    0x30, 0x94, 0x00, 0x02, 0x01, 0x00, 0x00, 0x01, 0x01, 0x00, 0x00, 0x00, 0x03, 0x81, 0x00, 0x01,
    0x03, 0x83, 0x00, 0x07, 0x03, 0x85, 0x00, 0x05, 0x03, 0x87, 0x00, 0x03, 0x37, 0x0e, 0x00, 0x88,
    0x37, 0x0a, 0x00, 0xf4, 0x38, 0x20, 0x00, 0x80, 0x38, 0x21, 0x00, 0x01, 0x41, 0x44, 0x00, 0x32,
    0x45, 0x02, 0x00, 0x68, 0x41, 0x42, 0x00, 0x14, 0x40, 0x01, 0x00, 0x03, 0x40, 0x02, 0x00, 0x45,
    0x40, 0x04, 0x00, 0x02, 0x03, 0x40, 0x00, 0x01, 0x03, 0x41, 0x00, 0x0a, 0x03, 0x42, 0x00, 0x05,
    0x03, 0x43, 0x00, 0xdc, 0x03, 0x4b, 0x00, 0x17, 0x03, 0x4c, 0x00, 0x01, 0x03, 0x4d, 0x00, 0x40,
    0x03, 0x4e, 0x00, 0x00, 0x03, 0x4f, 0x00, 0xc4, 0x38, 0x11, 0x00, 0x04, 0x38, 0x13, 0x00, 0x00,
    0x30, 0x91, 0x00, 0x05, 0x30, 0x92, 0x00, 0x03, 0x30, 0x93, 0x00, 0x01, 0x30, 0x94, 0x00, 0x02,
    0x01, 0x00, 0x00, 0x01, 0x01, 0x00, 0x00, 0x00, 0x03, 0x81, 0x00, 0x01, 0x03, 0x83, 0x00, 0x01,
    0x03, 0x85, 0x00, 0x01, 0x03, 0x87, 0x00, 0x01, 0x37, 0x0e, 0x00, 0x80, 0x37, 0x0a, 0x00, 0x31,
    0x38, 0x20, 0x00, 0x80, 0x38, 0x21, 0x00, 0x00, 0x41, 0x44, 0x00, 0x54, 0x45, 0x02, 0x00, 0x60,
    0x41, 0x42, 0x00, 0x24, 0x40, 0x01, 0x00, 0x06, 0x40, 0x02, 0x00, 0x45, 0x40, 0x04, 0x00, 0x04,
    0x03, 0x40, 0x00, 0x03, 0x03, 0x41, 0x00, 0x78, 0x03, 0x42, 0x00, 0x05, 0x03, 0x43, 0x00, 0xdc,
    0x03, 0x4b, 0x00, 0x2f, 0x03, 0x4c, 0x00, 0x05, 0x03, 0x4d, 0x00, 0x00, 0x03, 0x4e, 0x00, 0x03,
    0x03, 0x4f, 0x00, 0x24, 0x38, 0x11, 0x00, 0x10, 0x38, 0x13, 0x00, 0x02, 0x30, 0x91, 0x00, 0x05,
    0x30, 0x92, 0x00, 0x06, 0x30, 0x93, 0x00, 0x02, 0x30, 0x94, 0x00, 0x03, 0x01, 0x00, 0x00, 0x01,
    0x01, 0x00, 0x00, 0x00, 0x03, 0x81, 0x00, 0x01, 0x03, 0x83, 0x00, 0x01, 0x03, 0x85, 0x00, 0x01,
    0x03, 0x87, 0x00, 0x01, 0x37, 0x0e, 0x00, 0x80, 0x37, 0x0a, 0x00, 0x31, 0x38, 0x20, 0x00, 0x80,
    0x38, 0x21, 0x00, 0x00, 0x41, 0x44, 0x00, 0x54, 0x45, 0x02, 0x00, 0x60, 0x41, 0x42, 0x00, 0x24,
    0x40, 0x01, 0x00, 0x06, 0x40, 0x02, 0x00, 0x45, 0x40, 0x04, 0x00, 0x04, 0x03, 0x40, 0x00, 0x03,
    0x03, 0x41, 0x00, 0x78, 0x03, 0x42, 0x00, 0x05, 0x03, 0x43, 0x00, 0xdc, 0x03, 0x4b, 0x00, 0x2f,
    0x03, 0x4c, 0x00, 0x05, 0x03, 0x4d, 0x00, 0x00, 0x03, 0x4e, 0x00, 0x03, 0x03, 0x4f, 0x00, 0x24,
    0x38, 0x11, 0x00, 0x10, 0x38, 0x13, 0x00, 0x02, 0x30, 0x91, 0x00, 0x05, 0x30, 0x92, 0x00, 0x03,
    0x30, 0x93, 0x00, 0x02, 0x30, 0x94, 0x00, 0x03, 0x01, 0x00, 0x00, 0x01, 0x01, 0x00, 0x00, 0x00,
    0x03, 0x81, 0x00, 0x01, 0x03, 0x83, 0x00, 0x01, 0x03, 0x85, 0x00, 0x01, 0x03, 0x87, 0x00, 0x01,
    0x37, 0x0e, 0x00, 0x80, 0x37, 0x0a, 0x00, 0x31, 0x38, 0x20, 0x00, 0x80, 0x38, 0x21, 0x00, 0x00,
    0x41, 0x44, 0x00, 0x54, 0x45, 0x02, 0x00, 0x60, 0x41, 0x42, 0x00, 0x24, 0x40, 0x01, 0x00, 0x06,
    0x40, 0x02, 0x00, 0x45, 0x40, 0x04, 0x00, 0x04, 0x03, 0x40, 0x00, 0x03, 0x03, 0x41, 0x00, 0x78,
    0x03, 0x42, 0x00, 0x05, 0x03, 0x43, 0x00, 0xdc, 0x03, 0x4b, 0x00, 0x2f, 0x03, 0x4c, 0x00, 0x05,
    0x03, 0x4d, 0x00, 0x00, 0x03, 0x4e, 0x00, 0x03, 0x03, 0x4f, 0x00, 0x24, 0x38, 0x11, 0x00, 0x10,
    0x38, 0x13, 0x00, 0x02, 0x30, 0x91, 0x00, 0x05, 0x30, 0x92, 0x00, 0x03, 0x30, 0x93, 0x00, 0x02,
    0x30, 0x94, 0x00, 0x02, 0x01, 0x00, 0x00, 0x01, 0x01, 0x00, 0x00, 0x00, 0x03, 0x81, 0x00, 0x01,
    0x03, 0x83, 0x00, 0x01, 0x03, 0x85, 0x00, 0x01, 0x03, 0x87, 0x00, 0x01, 0x37, 0x0e, 0x00, 0x80,
    0x37, 0x0a, 0x00, 0x31, 0x38, 0x20, 0x00, 0x80, 0x38, 0x21, 0x00, 0x00, 0x41, 0x44, 0x00, 0x54,
    0x45, 0x02, 0x00, 0x60, 0x41, 0x42, 0x00, 0x24, 0x40, 0x01, 0x00, 0x06, 0x40, 0x02, 0x00, 0x45,
    0x40, 0x04, 0x00, 0x04, 0x03, 0x40, 0x00, 0x03, 0x03, 0x41, 0x00, 0x78, 0x03, 0x42, 0x00, 0x05,
    0x03, 0x43, 0x00, 0xdc, 0x03, 0x4b, 0x00, 0x2f, 0x03, 0x4c, 0x00, 0x05, 0x03, 0x4d, 0x00, 0x00,
    0x03, 0x4e, 0x00, 0x03, 0x03, 0x4f, 0x00, 0x24, 0x38, 0x11, 0x00, 0x10, 0x38, 0x13, 0x00, 0x02,
    0x30, 0x91, 0x00, 0x05, 0x30, 0x92, 0x00, 0x03, 0x30, 0x93, 0x00, 0x01, 0x30, 0x94, 0x00, 0x02,
    0x01, 0x00, 0x00, 0x01, 0x01, 0x00, 0x00, 0x00, 0x03, 0x81, 0x00, 0x01, 0x03, 0x83, 0x00, 0x01,
    0x03, 0x85, 0x00, 0x01, 0x03, 0x87, 0x00, 0x01, 0x37, 0x0e, 0x00, 0x80, 0x37, 0x0a, 0x00, 0x31,
    0x38, 0x20, 0x00, 0x80, 0x38, 0x21, 0x00, 0x00, 0x41, 0x44, 0x00, 0x54, 0x45, 0x02, 0x00, 0x60,
    0x41, 0x42, 0x00, 0x24, 0x40, 0x01, 0x00, 0x06, 0x40, 0x02, 0x00, 0x45, 0x40, 0x04, 0x00, 0x04,
    0x03, 0x40, 0x00, 0x03, 0x03, 0x41, 0x00, 0x3c, 0x03, 0x42, 0x00, 0x05, 0x03, 0x43, 0x00, 0x48,
    0x03, 0x4b, 0x00, 0x2b, 0x03, 0x4c, 0x00, 0x05, 0x03, 0x4d, 0x00, 0x00, 0x03, 0x4e, 0x00, 0x03,
    0x03, 0x4f, 0x00, 0x24, 0x38, 0x11, 0x00, 0x10, 0x38, 0x13, 0x00, 0x02, 0x30, 0x91, 0x00, 0x07,
    0x30, 0x92, 0x00, 0x0a, 0x30, 0x93, 0x00, 0x02, 0x30, 0x94, 0x00, 0x03, 0x01, 0x00, 0x00, 0x01,
    0x01, 0x00, 0x00, 0x00, 0x03, 0x81, 0x00, 0x01, 0x03, 0x83, 0x00, 0x01, 0x03, 0x85, 0x00, 0x01,
    0x03, 0x87, 0x00, 0x01, 0x37, 0x0e, 0x00, 0x80, 0x37, 0x0a, 0x00, 0x31, 0x38, 0x20, 0x00, 0x80,
    0x38, 0x21, 0x00, 0x00, 0x41, 0x44, 0x00, 0x54, 0x45, 0x02, 0x00, 0x60, 0x41, 0x42, 0x00, 0x24,
    0x40, 0x01, 0x00, 0x06, 0x40, 0x02, 0x00, 0x45, 0x40, 0x04, 0x00, 0x04, 0x03, 0x40, 0x00, 0x03,
    0x03, 0x41, 0x00, 0x3c, 0x03, 0x42, 0x00, 0x05, 0x03, 0x43, 0x00, 0x48, 0x03, 0x4b, 0x00, 0x2b,
    0x03, 0x4c, 0x00, 0x05, 0x03, 0x4d, 0x00, 0x00, 0x03, 0x4e, 0x00, 0x03, 0x03, 0x4f, 0x00, 0x24,
    0x38, 0x11, 0x00, 0x10, 0x38, 0x13, 0x00, 0x02, 0x30, 0x91, 0x00, 0x07, 0x30, 0x92, 0x00, 0x0a,
    0x30, 0x93, 0x00, 0x01, 0x30, 0x94, 0x00, 0x03, 0x01, 0x00, 0x00, 0x01, 0x01, 0x00, 0x00, 0x00,
    0x03, 0x81, 0x00, 0x01, 0x03, 0x83, 0x00, 0x01, 0x03, 0x85, 0x00, 0x01, 0x03, 0x87, 0x00, 0x01,
    0x37, 0x0e, 0x00, 0x80, 0x37, 0x0a, 0x00, 0x31, 0x38, 0x20, 0x00, 0x80, 0x38, 0x21, 0x00, 0x00,
    0x41, 0x44, 0x00, 0x54, 0x45, 0x02, 0x00, 0x60, 0x41, 0x42, 0x00, 0x24, 0x40, 0x01, 0x00, 0x06,
    0x40, 0x02, 0x00, 0x45, 0x40, 0x04, 0x00, 0x04, 0x03, 0x40, 0x00, 0x03, 0x03, 0x41, 0x00, 0x3c,
    0x03, 0x42, 0x00, 0x05, 0x03, 0x43, 0x00, 0x48, 0x03, 0x4b, 0x00, 0x2b, 0x03, 0x4c, 0x00, 0x05,
    0x03, 0x4d, 0x00, 0x00, 0x03, 0x4e, 0x00, 0x03, 0x03, 0x4f, 0x00, 0x24, 0x38, 0x11, 0x00, 0x10,
    0x38, 0x13, 0x00, 0x02, 0x30, 0x91, 0x00, 0x07, 0x30, 0x92, 0x00, 0x0a, 0x30, 0x93, 0x00, 0x01,
    0x30, 0x94, 0x00, 0x02, 0x01, 0x00, 0x00, 0x01, 0x01, 0x00, 0x00, 0x00, 0x03, 0x81, 0x00, 0x01,
    0x03, 0x83, 0x00, 0x01, 0x03, 0x85, 0x00, 0x01, 0x03, 0x87, 0x00, 0x01, 0x37, 0x0e, 0x00, 0x80,
    0x37, 0x0a, 0x00, 0x31, 0x38, 0x20, 0x00, 0x80, 0x38, 0x21, 0x00, 0x00, 0x41, 0x44, 0x00, 0x54,
    0x45, 0x02, 0x00, 0x60, 0x41, 0x42, 0x00, 0x24, 0x40, 0x01, 0x00, 0x06, 0x40, 0x02, 0x00, 0x45,
    0x40, 0x04, 0x00, 0x04, 0x03, 0x40, 0x00, 0x03, 0x03, 0x41, 0x00, 0x3c, 0x03, 0x42, 0x00, 0x05,
    0x03, 0x43, 0x00, 0x48, 0x03, 0x4b, 0x00, 0x2b, 0x03, 0x4c, 0x00, 0x05, 0x03, 0x4d, 0x00, 0x00,
    0x03, 0x4e, 0x00, 0x03, 0x03, 0x4f, 0x00, 0x24, 0x38, 0x11, 0x00, 0x10, 0x38, 0x13, 0x00, 0x02,
    0x30, 0x91, 0x00, 0x07, 0x30, 0x92, 0x00, 0x05, 0x30, 0x93, 0x00, 0x01, 0x30, 0x94, 0x00, 0x02,
    0x01, 0x00, 0x00, 0x01, 0x01, 0x00, 0x00, 0x00, 0x03, 0x81, 0x00, 0x01, 0x03, 0x83, 0x00, 0x03,
    0x03, 0x85, 0x00, 0x01, 0x03, 0x87, 0x00, 0x03, 0x37, 0x0e, 0x00, 0x88, 0x37, 0x0a, 0x00, 0x73,
    0x38, 0x20, 0x00, 0x80, 0x38, 0x21, 0x00, 0x01, 0x41, 0x44, 0x00, 0x42, 0x45, 0x02, 0x00, 0x68,
    0x41, 0x42, 0x00, 0x14, 0x40, 0x01, 0x00, 0x03, 0x40, 0x02, 0x00, 0x45, 0x40, 0x04, 0x00, 0x02,
    0x03, 0x40, 0x00, 0x01, 0x03, 0x41, 0x00, 0xbc, 0x03, 0x42, 0x00, 0x05, 0x03, 0x43, 0x00, 0xdc,
    0x03, 0x4b, 0x00, 0x2b, 0x03, 0x4c, 0x00, 0x02, 0x03, 0x4d, 0x00, 0x80, 0x03, 0x4e, 0x00, 0x01,
    0x03, 0x4f, 0x00, 0x94, 0x38, 0x11, 0x00, 0x08, 0x38, 0x13, 0x00, 0x00, 0x30, 0x91, 0x00, 0x05,
    0x30, 0x92, 0x00, 0x0c, 0x30, 0x93, 0x00, 0x02, 0x30, 0x94, 0x00, 0x03, 0x01, 0x00, 0x00, 0x01,
    0x01, 0x00, 0x00, 0x00, 0x03, 0x81, 0x00, 0x01, 0x03, 0x83, 0x00, 0x03, 0x03, 0x85, 0x00, 0x01,
    0x03, 0x87, 0x00, 0x03, 0x37, 0x0e, 0x00, 0x88, 0x37, 0x0a, 0x00, 0x73, 0x38, 0x20, 0x00, 0x80,
    0x38, 0x21, 0x00, 0x01, 0x41, 0x44, 0x00, 0x42, 0x45, 0x02, 0x00, 0x68, 0x41, 0x42, 0x00, 0x14,
    0x40, 0x01, 0x00, 0x03, 0x40, 0x02, 0x00, 0x45, 0x40, 0x04, 0x00, 0x02, 0x03, 0x40, 0x00, 0x01,
    0x03, 0x41, 0x00, 0xbc, 0x03, 0x42, 0x00, 0x05, 0x03, 0x43, 0x00, 0xdc, 0x03, 0x4b, 0x00, 0x2b,
    0x03, 0x4c, 0x00, 0x02, 0x03, 0x4d, 0x00, 0x80, 0x03, 0x4e, 0x00, 0x01, 0x03, 0x4f, 0x00, 0x94,
    0x38, 0x11, 0x00, 0x08, 0x38, 0x13, 0x00, 0x00, 0x30, 0x91, 0x00, 0x05, 0x30, 0x92, 0x00, 0x06,
    0x30, 0x93, 0x00, 0x02, 0x30, 0x94, 0x00, 0x03, 0x01, 0x00, 0x00, 0x01, 0x01, 0x00, 0x00, 0x00,
    0x03, 0x81, 0x00, 0x01, 0x03, 0x83, 0x00, 0x03, 0x03, 0x85, 0x00, 0x01, 0x03, 0x87, 0x00, 0x03,
    0x37, 0x0e, 0x00, 0x88, 0x37, 0x0a, 0x00, 0x73, 0x38, 0x20, 0x00, 0x80, 0x38, 0x21, 0x00, 0x01,
    0x41, 0x44, 0x00, 0x42, 0x45, 0x02, 0x00, 0x68, 0x41, 0x42, 0x00, 0x14, 0x40, 0x01, 0x00, 0x03,
    0x40, 0x02, 0x00, 0x45, 0x40, 0x04, 0x00, 0x02, 0x03, 0x40, 0x00, 0x01, 0x03, 0x41, 0x00, 0xbc,
    0x03, 0x42, 0x00, 0x05, 0x03, 0x43, 0x00, 0xdc, 0x03, 0x4b, 0x00, 0x2b, 0x03, 0x4c, 0x00, 0x02,
    0x03, 0x4d, 0x00, 0x80, 0x03, 0x4e, 0x00, 0x01, 0x03, 0x4f, 0x00, 0x94, 0x38, 0x11, 0x00, 0x08,
    0x38, 0x13, 0x00, 0x00, 0x30, 0x91, 0x00, 0x05, 0x30, 0x92, 0x00, 0x03, 0x30, 0x93, 0x00, 0x02,
    0x30, 0x94, 0x00, 0x03, 0x01, 0x00, 0x00, 0x01, 0x01, 0x00, 0x00, 0x00, 0x03, 0x81, 0x00, 0x01,
    0x03, 0x83, 0x00, 0x03, 0x03, 0x85, 0x00, 0x01, 0x03, 0x87, 0x00, 0x03, 0x37, 0x0e, 0x00, 0x88,
    0x37, 0x0a, 0x00, 0x73, 0x38, 0x20, 0x00, 0x80, 0x38, 0x21, 0x00, 0x01, 0x41, 0x44, 0x00, 0x42,
    0x45, 0x02, 0x00, 0x68, 0x41, 0x42, 0x00, 0x14, 0x40, 0x01, 0x00, 0x03, 0x40, 0x02, 0x00, 0x45,
    0x40, 0x04, 0x00, 0x02, 0x03, 0x40, 0x00, 0x01, 0x03, 0x41, 0x00, 0xbc, 0x03, 0x42, 0x00, 0x05,
    0x03, 0x43, 0x00, 0xdc, 0x03, 0x4b, 0x00, 0x2b, 0x03, 0x4c, 0x00, 0x02, 0x03, 0x4d, 0x00, 0x80,
    0x03, 0x4e, 0x00, 0x01, 0x03, 0x4f, 0x00, 0x94, 0x38, 0x11, 0x00, 0x08, 0x38, 0x13, 0x00, 0x00,
    0x30, 0x91, 0x00, 0x05, 0x30, 0x92, 0x00, 0x03, 0x30, 0x93, 0x00, 0x02, 0x30, 0x94, 0x00, 0x02,
    0x01, 0x00, 0x00, 0x01, 0x01, 0x00, 0x00, 0x00, 0x03, 0x81, 0x00, 0x01, 0x03, 0x83, 0x00, 0x03,
    0x03, 0x85, 0x00, 0x01, 0x03, 0x87, 0x00, 0x03, 0x37, 0x0e, 0x00, 0x88, 0x37, 0x0a, 0x00, 0x73,
    0x38, 0x20, 0x00, 0x80, 0x38, 0x21, 0x00, 0x01, 0x41, 0x44, 0x00, 0x42, 0x45, 0x02, 0x00, 0x68,
    0x41, 0x42, 0x00, 0x14, 0x40, 0x01, 0x00, 0x03, 0x40, 0x02, 0x00, 0x45, 0x40, 0x04, 0x00, 0x02,
    0x03, 0x40, 0x00, 0x01, 0x03, 0x41, 0x00, 0xbc, 0x03, 0x42, 0x00, 0x05, 0x03, 0x43, 0x00, 0xdc,
    0x03, 0x4b, 0x00, 0x2b, 0x03, 0x4c, 0x00, 0x02, 0x03, 0x4d, 0x00, 0x80, 0x03, 0x4e, 0x00, 0x01,
    0x03, 0x4f, 0x00, 0x94, 0x38, 0x11, 0x00, 0x08, 0x38, 0x13, 0x00, 0x00, 0x30, 0x91, 0x00, 0x05,
    0x30, 0x92, 0x00, 0x03, 0x30, 0x93, 0x00, 0x01, 0x30, 0x94, 0x00, 0x02, 0x01, 0x00, 0x00, 0x01,
    0x01, 0x00, 0x00, 0x00, 0x03, 0x81, 0x00, 0x01, 0x03, 0x83, 0x00, 0x07, 0x03, 0x85, 0x00, 0x05,
    0x03, 0x87, 0x00, 0x03, 0x37, 0x0e, 0x00, 0x88, 0x37, 0x0a, 0x00, 0xf4, 0x38, 0x20, 0x00, 0x80,
    0x38, 0x21, 0x00, 0x01, 0x41, 0x44, 0x00, 0x32, 0x45, 0x02, 0x00, 0x68, 0x41, 0x42, 0x00, 0x14,
    0x40, 0x01, 0x00, 0x03, 0x40, 0x02, 0x00, 0x45, 0x40, 0x04, 0x00, 0x02, 0x03, 0x40, 0x00, 0x00,
    0x03, 0x41, 0x00, 0xde, 0x03, 0x42, 0x00, 0x05, 0x03, 0x43, 0x00, 0xdc, 0x03, 0x4b, 0x00, 0x17,
    0x03, 0x4c, 0x00, 0x01, 0x03, 0x4d, 0x00, 0x40, 0x03, 0x4e, 0x00, 0x00, 0x03, 0x4f, 0x00, 0xc4,
    0x38, 0x11, 0x00, 0x04, 0x38, 0x13, 0x00, 0x00, 0x30, 0x91, 0x00, 0x05, 0x30, 0x92, 0x00, 0x06,
    0x30, 0x93, 0x00, 0x02, 0x30, 0x94, 0x00, 0x03, 0x01, 0x00, 0x00, 0x01, 0x01, 0x00, 0x00, 0x00,
    0x03, 0x81, 0x00, 0x01, 0x03, 0x83, 0x00, 0x07, 0x03, 0x85, 0x00, 0x05, 0x03, 0x87, 0x00, 0x03,
    0x37, 0x0e, 0x00, 0x88, 0x37, 0x0a, 0x00, 0xf4, 0x38, 0x20, 0x00, 0x80, 0x38, 0x21, 0x00, 0x01,
    0x41, 0x44, 0x00, 0x32, 0x45, 0x02, 0x00, 0x68, 0x41, 0x42, 0x00, 0x14, 0x40, 0x01, 0x00, 0x03,
    0x40, 0x02, 0x00, 0x45, 0x40, 0x04, 0x00, 0x02, 0x03, 0x40, 0x00, 0x00, 0x03, 0x41, 0x00, 0xde,
    0x03, 0x42, 0x00, 0x05, 0x03, 0x43, 0x00, 0xdc, 0x03, 0x4b, 0x00, 0x17, 0x03, 0x4c, 0x00, 0x01,
    0x03, 0x4d, 0x00, 0x40, 0x03, 0x4e, 0x00, 0x00, 0x03, 0x4f, 0x00, 0xc4, 0x38, 0x11, 0x00, 0x04,
    0x38, 0x13, 0x00, 0x00, 0x30, 0x91, 0x00, 0x05, 0x30, 0x92, 0x00, 0x03, 0x30, 0x93, 0x00, 0x02,
    0x30, 0x94, 0x00, 0x03, 0x01, 0x00, 0x00, 0x01, 0x01, 0x00, 0x00, 0x00, 0x03, 0x81, 0x00, 0x01,
    0x03, 0x83, 0x00, 0x07, 0x03, 0x85, 0x00, 0x05, 0x03, 0x87, 0x00, 0x03, 0x37, 0x0e, 0x00, 0x88,
    0x37, 0x0a, 0x00, 0xf4, 0x38, 0x20, 0x00, 0x80, 0x38, 0x21, 0x00, 0x01, 0x41, 0x44, 0x00, 0x32,
    0x45, 0x02, 0x00, 0x68, 0x41, 0x42, 0x00, 0x14, 0x40, 0x01, 0x00, 0x03, 0x40, 0x02, 0x00, 0x45,
    0x40, 0x04, 0x00, 0x02, 0x03, 0x40, 0x00, 0x00, 0x03, 0x41, 0x00, 0xde, 0x03, 0x42, 0x00, 0x05,
    0x03, 0x43, 0x00, 0xdc, 0x03, 0x4b, 0x00, 0x17, 0x03, 0x4c, 0x00, 0x01, 0x03, 0x4d, 0x00, 0x40,
    0x03, 0x4e, 0x00, 0x00, 0x03, 0x4f, 0x00, 0xc4, 0x38, 0x11, 0x00, 0x04, 0x38, 0x13, 0x00, 0x00,
    0x30, 0x91, 0x00, 0x05, 0x30, 0x92, 0x00, 0x03, 0x30, 0x93, 0x00, 0x02, 0x30, 0x94, 0x00, 0x02,
    0x01, 0x00, 0x00, 0x01, 0x01, 0x00, 0x00, 0x00, 0x03, 0x81, 0x00, 0x01, 0x03, 0x83, 0x00, 0x07,
    0x03, 0x85, 0x00, 0x05, 0x03, 0x87, 0x00, 0x03, 0x37, 0x0e, 0x00, 0x88, 0x37, 0x0a, 0x00, 0xf4,
    0x38, 0x20, 0x00, 0x80, 0x38, 0x21, 0x00, 0x01, 0x41, 0x44, 0x00, 0x32, 0x45, 0x02, 0x00, 0x68,
    0x41, 0x42, 0x00, 0x14, 0x40, 0x01, 0x00, 0x03, 0x40, 0x02, 0x00, 0x45, 0x40, 0x04, 0x00, 0x02,
    0x03, 0x40, 0x00, 0x00, 0x03, 0x41, 0x00, 0xde, 0x03, 0x42, 0x00, 0x05, 0x03, 0x43, 0x00, 0xdc,
    0x03, 0x4b, 0x00, 0x17, 0x03, 0x4c, 0x00, 0x01, 0x03, 0x4d, 0x00, 0x40, 0x03, 0x4e, 0x00, 0x00,
    0x03, 0x4f, 0x00, 0xc4, 0x38, 0x11, 0x00, 0x04, 0x38, 0x13, 0x00, 0x00, 0x30, 0x91, 0x00, 0x05,
    0x30, 0x92, 0x00, 0x03, 0x30, 0x93, 0x00, 0x01, 0x30, 0x94, 0x00, 0x02, 0x01, 0x00, 0x00, 0x01,
    0x00, 0x00, 0x00, 0x00, 0x00, 0x00, 0x00, 0x00, 0x00, 0x00, 0x00, 0x00, 0x00, 0x00, 0x00, 0x08,
    0x00, 0x00, 0x00, 0x04, 0x00, 0x00, 0x00, 0x04, 0x00, 0x00, 0x00, 0x01, 0x00, 0x00, 0x00, 0x03,
    0x00, 0x00, 0x00, 0x00, 0x00, 0x00, 0x00, 0x01, 0x00, 0x00, 0x00, 0x00, 0x00, 0x00, 0x00, 0x00,
    0x00, 0x00, 0x00, 0x08, 0x00, 0x00, 0x00, 0x04, 0x00, 0x00, 0x00, 0x04, 0x00, 0x00, 0x00, 0x01,
    0x00, 0x00, 0x00, 0x03, 0x00, 0x00, 0x00, 0x00, 0x00, 0x00, 0x00, 0x02, 0x00, 0x00, 0x00, 0x00,
    0x00, 0x00, 0x00, 0x00, 0x00, 0x00, 0x00, 0x0b, 0x00, 0x00, 0x00, 0x00, 0x00, 0x00, 0x00, 0x00,
    0x00, 0x00, 0x00, 0x01, 0x00, 0x00, 0x00, 0x03, 0x00, 0x00, 0x00, 0x00, 0x00, 0x00, 0x00, 0x03,
    0x00, 0x00, 0x00, 0x00, 0x00, 0x00, 0x00, 0x00, 0x00, 0x00, 0x00, 0x08, 0x00, 0x00, 0x00, 0x04,
    0x00, 0x00, 0x00, 0x04, 0x00, 0x00, 0x00, 0x01, 0x00, 0x00, 0x00, 0x03, 0x00, 0x00, 0x00, 0x00,
    0x00, 0x00, 0x00, 0x04, 0x00, 0x00, 0x00, 0x00, 0x00, 0x00, 0x00, 0x00, 0x00, 0x00, 0x00, 0x08,
    0x00, 0x00, 0x00, 0x04, 0x00, 0x00, 0x00, 0x04, 0x00, 0x00, 0x00, 0x01, 0x00, 0x00, 0x00, 0x03,
    0x00, 0x00, 0x00, 0x00, 0x00, 0x00, 0x00, 0x0c, 0x00, 0x00, 0x00, 0x00, 0x00, 0x00, 0x00, 0x00,
    0x00, 0x00, 0x00, 0x01, 0x00, 0x00, 0x00, 0x01, 0x00, 0x00, 0x00, 0x01, 0x00, 0x00, 0x00, 0x01,
    0x00, 0x00, 0x00, 0x03, 0x01, 0x00, 0x00, 0x00, 0x00, 0x00, 0x00, 0x06, 0x00, 0x00, 0x00, 0x00,
    0x00, 0x00, 0x0a, 0xf0, 0x00, 0x00, 0x19, 0x64, 0x00, 0x00, 0x11, 0xf8, 0x00, 0x00, 0x11, 0xf8,
    0x00, 0x00, 0x00, 0x64, 0x00, 0x00, 0x00, 0x0f, 0x00, 0x00, 0x00, 0x00, 0x00, 0x00, 0x00, 0x09,
    0x00, 0x00, 0x00, 0x00, 0x00, 0x00, 0x00, 0x00, 0x00, 0x00, 0x00, 0x08, 0x00, 0x00, 0x00, 0x04,
    0x00, 0x00, 0x00, 0x04, 0x00, 0x00, 0x00, 0x01, 0x00, 0x00, 0x00, 0x03, 0x00, 0x00, 0x00, 0x00,
    0x00, 0x00, 0x00, 0x0a, 0x00, 0x00, 0x00, 0x00, 0x00, 0x00, 0x00, 0x00, 0x00, 0x00, 0x00, 0x02,
    0x00, 0x00, 0x00, 0x01, 0x00, 0x00, 0x00, 0x01, 0x00, 0x00, 0x00, 0x01, 0x00, 0x00, 0x00, 0x03,
    0x00, 0x00, 0x00, 0x00, 0x00, 0x00, 0x00, 0x21, 0x00, 0x00, 0x00, 0x00, 0x00, 0x00, 0x00, 0x02,
    0x00, 0x00, 0x00, 0x04, 0x00, 0x00, 0x00, 0x04, 0x00, 0x00, 0x00, 0x04, 0x00, 0x00, 0x00, 0x06,
    0x00, 0x00, 0x00, 0x03, 0x01, 0x00, 0x00, 0x00, 0x00, 0x00, 0x00, 0x23, 0x00, 0x00, 0x00, 0x00,
    0x00, 0x00, 0x00, 0x01, 0x00, 0x00, 0x13, 0x88, 0x00, 0x00, 0x03, 0xe8, 0x00, 0x00, 0x03, 0xe8,
    0x00, 0x00, 0x00, 0x01, 0x00, 0x00, 0x00, 0x03, 0x00, 0x00, 0x00, 0x00, 0x01, 0x00, 0x00, 0x00,
    0x01, 0x03, 0x00, 0x01, 0x01, 0x00, 0x00, 0x00, 0x01, 0x00, 0x00, 0x00, 0x01, 0x00, 0x00, 0x00,
    0x01, 0x00, 0x00, 0x00, 0x01, 0x01, 0x00, 0x00, 0x37, 0x14, 0x00, 0x90, 0x37, 0x29, 0x00, 0x04,
    0x37, 0x31, 0x00, 0x14, 0x36, 0x24, 0x00, 0x77, 0x36, 0x21, 0x00, 0x44, 0x36, 0x23, 0x00, 0xcc,
    0x37, 0x1e, 0x00, 0x30, 0x36, 0x01, 0x00, 0x44, 0x36, 0x35, 0x00, 0x05, 0x36, 0x32, 0x00, 0xa7,
    0x36, 0x33, 0x00, 0x35, 0x36, 0x34, 0x00, 0x57, 0x37, 0x0b, 0x00, 0x01, 0x37, 0x11, 0x00, 0x0e,
    0x03, 0x40, 0x00, 0x03, 0x03, 0x41, 0x00, 0x40, 0x03, 0x42, 0x00, 0x06, 0x03, 0x43, 0x00, 0x3e,
    0x03, 0x44, 0x00, 0x00, 0x03, 0x45, 0x00, 0x00, 0x03, 0x46, 0x00, 0x00, 0x03, 0x47, 0x00, 0x00,
    0x03, 0x48, 0x00, 0x05, 0x03, 0x49, 0x00, 0x1f, 0x03, 0x4a, 0x00, 0x03, 0x03, 0x4b, 0x00, 0x2f,
    0x03, 0x4c, 0x00, 0x05, 0x03, 0x4d, 0x00, 0x00, 0x03, 0x4e, 0x00, 0x03, 0x03, 0x4f, 0x00, 0x20,
    0x03, 0x81, 0x00, 0x01, 0x03, 0x83, 0x00, 0x01, 0x03, 0x85, 0x00, 0x01, 0x03, 0x87, 0x00, 0x01,
    0x30, 0x02, 0x00, 0x09, 0x30, 0x13, 0x00, 0x12, 0x30, 0x14, 0x00, 0x04, 0x30, 0x1f, 0x00, 0x03,
    0x30, 0x24, 0x00, 0x20, 0x30, 0x90, 0x00, 0x01, 0x30, 0x91, 0x00, 0x05, 0x30, 0x92, 0x00, 0x03,
    0x30, 0x93, 0x00, 0x01, 0x30, 0x94, 0x00, 0x02, 0x30, 0x9a, 0x00, 0x01, 0x30, 0x9b, 0x00, 0x01,
    0x30, 0x9c, 0x00, 0x01, 0x30, 0xa3, 0x00, 0x19, 0x30, 0xa4, 0x00, 0x01, 0x30, 0xa5, 0x00, 0x03,
    0x30, 0xb3, 0x00, 0x28, 0x30, 0xb5, 0x00, 0x04, 0x30, 0xb6, 0x00, 0x02, 0x30, 0xb7, 0x00, 0x02,
    0x30, 0xb8, 0x00, 0x01, 0x32, 0x00, 0x00, 0x00, 0x32, 0x01, 0x00, 0x03, 0x32, 0x02, 0x00, 0x06,
    0x32, 0x03, 0x00, 0x08, 0x32, 0x08, 0x00, 0x00, 0x32, 0x09, 0x00, 0x00, 0x32, 0x0a, 0x00, 0x00,
    0x32, 0x0b, 0x00, 0x01, 0x35, 0x00, 0x00, 0x00, 0x35, 0x01, 0x00, 0x20, 0x35, 0x02, 0x00, 0x00,
    0x35, 0x03, 0x00, 0x03, 0x35, 0x04, 0x00, 0x00, 0x35, 0x05, 0x00, 0x20, 0x35, 0x06, 0x00, 0x00,
    0x35, 0x07, 0x00, 0x00, 0x35, 0x08, 0x00, 0x20, 0x35, 0x09, 0x00, 0x00, 0x35, 0x0a, 0x00, 0x00,
    0x35, 0x0b, 0x00, 0x10, 0x35, 0x0c, 0x00, 0x00, 0x35, 0x0d, 0x00, 0x10, 0x35, 0x0f, 0x00, 0x10,
    0x36, 0x28, 0x00, 0x12, 0x36, 0x41, 0x00, 0x83, 0x36, 0x43, 0x00, 0x14, 0x36, 0x60, 0x00, 0x00,
    0x36, 0x62, 0x00, 0x10, 0x36, 0x67, 0x00, 0x00, 0x37, 0x0d, 0x00, 0xc0, 0x37, 0x0e, 0x00, 0x80,
    0x37, 0x0a, 0x00, 0x31, 0x37, 0x14, 0x00, 0x80, 0x37, 0x1f, 0x00, 0xa0, 0x37, 0x30, 0x00, 0x86,
    0x37, 0x32, 0x00, 0x14, 0x38, 0x11, 0x00, 0x10, 0x38, 0x13, 0x00, 0x08, 0x38, 0x20, 0x00, 0x80,
    0x38, 0x21, 0x00, 0x00, 0x38, 0x2a, 0x00, 0x00, 0x38, 0x32, 0x00, 0x80, 0x39, 0x02, 0x00, 0x08,
    0x39, 0x03, 0x00, 0x00, 0x39, 0x12, 0x00, 0x80, 0x39, 0x13, 0x00, 0x00, 0x39, 0x07, 0x00, 0x80,
    0x39, 0x03, 0x00, 0x00, 0x3b, 0x00, 0x00, 0x00, 0x3b, 0x02, 0x00, 0x00, 0x3b, 0x03, 0x00, 0x00,
    0x3b, 0x04, 0x00, 0x00, 0x3b, 0x40, 0x00, 0x00, 0x3b, 0x41, 0x00, 0x00, 0x3b, 0x42, 0x00, 0x00,
    0x3b, 0x43, 0x00, 0x00, 0x3b, 0x44, 0x00, 0x00, 0x3b, 0x45, 0x00, 0x00, 0x3b, 0x46, 0x00, 0x00,
    0x3b, 0x47, 0x00, 0x00, 0x3b, 0x48, 0x00, 0x00, 0x3b, 0x49, 0x00, 0x00, 0x3b, 0x4a, 0x00, 0x00,
    0x3b, 0x4b, 0x00, 0x00, 0x3b, 0x4c, 0x00, 0x00, 0x3b, 0x4d, 0x00, 0x00, 0x3b, 0x4e, 0x00, 0x00,
    0x3e, 0x00, 0x00, 0x00, 0x3e, 0x01, 0x00, 0x00, 0x3e, 0x02, 0x00, 0x0f, 0x3e, 0x03, 0x00, 0xdb,
    0x3e, 0x06, 0x00, 0x03, 0x3e, 0x07, 0x00, 0x20, 0x3f, 0x02, 0x00, 0x04, 0x3f, 0x03, 0x00, 0x62,
    0x3f, 0x04, 0x00, 0x90, 0x3f, 0x05, 0x00, 0x00, 0x3f, 0x00, 0x00, 0x03, 0x3f, 0x11, 0x00, 0x06,
    0x3f, 0x13, 0x00, 0x20, 0x41, 0x40, 0x00, 0x98, 0x41, 0x41, 0x00, 0x41, 0x41, 0x43, 0x00, 0x03,
    0x41, 0x44, 0x00, 0x54, 0x42, 0x40, 0x00, 0x02, 0x43, 0x00, 0x00, 0xff, 0x43, 0x01, 0x00, 0x00,
    0x43, 0x07, 0x00, 0x30, 0x43, 0x15, 0x00, 0x00, 0x43, 0x16, 0x00, 0x30, 0x45, 0x00, 0x00, 0xa2,
    0x45, 0x01, 0x00, 0x14, 0x45, 0x02, 0x00, 0x60, 0x45, 0x80, 0x00, 0x00, 0x48, 0x26, 0x00, 0x32,
    0x48, 0x37, 0x00, 0x21, 0x46, 0x02, 0x00, 0xf2, 0x41, 0x42, 0x00, 0x24, 0x40, 0x01, 0x00, 0x06,
    0x40, 0x02, 0x00, 0x45, 0x40, 0x04, 0x00, 0x04, 0x40, 0x05, 0x00, 0x40, 0x50, 0x00, 0x00, 0xf1,
    0x50, 0x01, 0x00, 0x1f, 0x50, 0x03, 0x00, 0x00, 0x50, 0x0a, 0x00, 0x85, 0x50, 0x80, 0x00, 0x00,
    0x50, 0x91, 0x00, 0xa0, 0x53, 0x00, 0x00, 0x05, 0x03, 0x40, 0x00, 0x03, 0x03, 0x41, 0x00, 0xa0,
    0x03, 0x42, 0x00, 0x05, 0x03, 0x43, 0x00, 0x9c, 0x03, 0x48, 0x00, 0x05, 0x03, 0x49, 0x00, 0x1f,
    0x03, 0x4a, 0x00, 0x03, 0x03, 0x4b, 0x00, 0x2f, 0x03, 0x4c, 0x00, 0x05, 0x03, 0x4d, 0x00, 0x00,
    0x03, 0x4e, 0x00, 0x03, 0x03, 0x4f, 0x00, 0x24, 0x38, 0x11, 0x00, 0x10, 0x38, 0x13, 0x00, 0x02,
    0x38, 0x23, 0x00, 0x30, 0x48, 0x37, 0x00, 0x10, 0x35, 0x01, 0x00, 0x33, 0x35, 0x02, 0x00, 0xc0,
    0x3a, 0x02, 0x00, 0x40, 0x3a, 0x03, 0x00, 0x30, 0x3a, 0x04, 0x00, 0x03, 0x3a, 0x05, 0x00, 0x3c,
    0x30, 0x92, 0x00, 0x06, 0x30, 0x93, 0x00, 0x02, 0x30, 0x94, 0x00, 0x03, 0x30, 0x01, 0x00, 0x01,
    0x37, 0x12, 0x00, 0x7a, 0x36, 0x03, 0x00, 0x63, 0x36, 0x33, 0x00, 0x14, 0x30, 0x12, 0x00, 0x20,
    0x30, 0x14, 0x00, 0x84, 0x30, 0x1f, 0x00, 0x83, 0x30, 0x20, 0x00, 0x02, 0x31, 0x03, 0x00, 0x00,
    0x3f, 0x02, 0x00, 0x14, 0x3f, 0x03, 0x00, 0x66, 0x45, 0x83, 0x00, 0x83, 0x48, 0x37, 0x00, 0x10,
    0x36, 0x62, 0x00, 0x10, 0x3f, 0x04, 0x00, 0x90, 0x3f, 0x04, 0x00, 0xd0, 0x36, 0x24, 0x00, 0xcc,
    0x36, 0x22, 0x00, 0x66, 0x36, 0x32, 0x00, 0xa9, 0x30, 0xa3, 0x00, 0x1b, 0x37, 0x0d, 0x00, 0xcc,
    0x48, 0x27, 0x00, 0x42, 0x48, 0x19, 0x00, 0xa4, 0x48, 0x2a, 0x00, 0x00, 0x48, 0x10, 0x00, 0x00,
    0x48, 0x11, 0x00, 0x2d, 0x01, 0x00, 0x00, 0x01, 0x01, 0x08, 0x02, 0x1c, 0x03, 0x01, 0x04, 0x23,
    0x05, 0x1f, 0x00, 0x07, 0x06, 0x07, 0x01, 0x09, 0x07, 0x01, 0x08, 0xa8, 0x09, 0xa8, 0x0a, 0x00,
    0x0b, 0xe1, 0x0c, 0x00, 0x0d, 0xa0, 0x0e, 0x00, 0x0f, 0x00, 0x10, 0x03, 0x11, 0x00, 0x12, 0x1c,
    0x13, 0x01, 0x14, 0x20, 0x15, 0x00, 0x16, 0x00, 0x17, 0x01, 0x18, 0xa8, 0x19, 0xa8, 0x1a, 0x00,
    0x1b, 0xe1, 0x1c, 0x00, 0x1d, 0x00, 0x1e, 0x00, 0x24, 0x00, 0x00, 0x20, 0x00, 0x14, 0xfe, 0xe8,
    0x00, 0x00, 0x00, 0x00, 0x00, 0x14, 0x69, 0xe1, 0x00, 0x14, 0x69, 0x4e, 0xc0, 0x00, 0x40, 0x00,
    0x08, 0xf7, 0x30, 0x00, 0x08, 0xf7, 0x20, 0x00, 0x08, 0xf7, 0x10, 0x00, 0x08, 0xf7, 0x00, 0x00,
    0x00, 0xf7, 0x10, 0x00, 0x00, 0xf7, 0x20, 0x00, 0x00, 0xf7, 0x30, 0x00, 0x00, 0xf7, 0x40, 0x00,
    0x00, 0xf7, 0x10, 0x10, 0x00, 0xfb, 0x14, 0x14, 0x00, 0xfb, 0x18, 0x18, 0x00, 0xfb, 0x1c, 0x1c,
    0x00, 0xfb, 0x00, 0x20, 0x00, 0xfb, 0x10, 0x24, 0x00, 0xfb, 0x18, 0x28, 0x00, 0xfb, 0x1c, 0x2c,
    0x00, 0xfb, 0x20, 0x30, 0x00, 0xfb, 0x80, 0x00, 0x01, 0xcc, 0x80, 0x00, 0x32, 0xcc, 0x6f, 0x40,
    0x32, 0xcc, 0x40, 0x6f, 0x32, 0xcc, 0x00, 0x80, 0x02, 0xcc, 0x40, 0x6f, 0x02, 0xcc, 0x6f, 0x40,
    0x02, 0xcc, 0x6f, 0x40, 0x01, 0xcc, 0x40, 0x6f, 0x01, 0xcc, 0x00, 0x80, 0x31, 0xcc, 0x40, 0x6f,
    0x31, 0xcc, 0x6f, 0x40, 0x31, 0xcc, 0x00, 0x00, 0x40, 0xbf, 0x10, 0x10, 0x40, 0xbf, 0x20, 0x20,
    0x40, 0xbf, 0x30, 0x30, 0x40, 0xbf, 0x40, 0x40, 0x40, 0xbf, 0x50, 0x50, 0x40, 0xbf, 0x60, 0x60,
    0x40, 0xbf, 0x70, 0x70, 0x40, 0xbf, 0x80, 0x80, 0x40, 0xbf, 0x00, 0x08, 0x70, 0x04, 0x0c, 0x60,
    0x08, 0x10, 0x50, 0x0c, 0x14, 0x40, 0x10, 0x18, 0x40, 0x18, 0x20, 0x32, 0x20, 0x28, 0x24, 0x28,
    0x30, 0x16, 0x30, 0x3f, 0x18, 0x00, 0x0a, 0xf0, 0x00, 0x04, 0x00, 0x00, 0x00, 0x0c, 0x00, 0x00,
    0x0c, 0xe4, 0x00, 0x05, 0x00, 0x00, 0x00, 0x0b, 0x00, 0x00, 0x0e, 0xd8, 0x00, 0x06, 0x00, 0x00,
    0x00, 0x0a, 0x00, 0x00, 0x10, 0xcc, 0x00, 0x07, 0x00, 0x00, 0x00, 0x09, 0x00, 0x00, 0x12, 0xc0,
    0x00, 0x08, 0x00, 0x00, 0x00, 0x08, 0x00, 0x00, 0x14, 0xb4, 0x00, 0x09, 0x00, 0x00, 0x00, 0x07,
    0x00, 0x00, 0x16, 0xa8, 0x00, 0x0a, 0x00, 0x00, 0x00, 0x06, 0x00, 0x00, 0x19, 0x64, 0x00, 0x0c,
    0x00, 0x00, 0x00, 0x04, 0x00, 0x00, 0x00, 0x00, 0x00, 0x15, 0x00, 0xf8, 0x00, 0x00, 0x00, 0x02,
    0x00, 0x00, 0x00, 0x00, 0xc0, 0x02, 0x10, 0x00, 0x00, 0x00, 0x00, 0x00, 0x00, 0x00, 0x00, 0x00,
    0x02, 0x00, 0x05, 0x00, 0x00, 0x00, 0x00, 0x00, 0x00, 0x00, 0x00, 0x00, 0x80, 0x00, 0x01, 0x00,
    0xc0, 0x02, 0x00, 0x00, 0x00, 0x00, 0x00, 0x00, 0x00, 0x00, 0x00, 0x00, 0x02, 0x00, 0x05, 0x00,
    0x00, 0x00, 0x00, 0x00, 0x00, 0x00, 0x00, 0x00, 0x00, 0x00, 0x00, 0x00, 0xc0, 0x02, 0x10, 0x00,
    0x00, 0x00, 0x00, 0x00, 0x00, 0x00, 0x00, 0x00, 0x00, 0x40, 0x05, 0x00, 0x00, 0x00, 0x00, 0x00,
    0x00, 0x00, 0x00, 0x00, 0x80, 0x00, 0x01, 0x00, 0xc0, 0x02, 0x00, 0x00, 0x00, 0x00, 0x00, 0x00,
    0x00, 0x00, 0x00, 0x00, 0x00, 0x40, 0x05, 0x00, 0x00, 0x00, 0x00, 0x00, 0x00, 0x00, 0x00, 0x00,
    0x00, 0x00, 0x00, 0x00, 0xc0, 0x02, 0x10, 0x00, 0x00, 0x00, 0x00, 0x00, 0x00, 0x00, 0x00, 0x00,
    0x00, 0x40, 0x05, 0x00, 0x00, 0x00, 0x00, 0x00, 0x00, 0x00, 0x00, 0x00, 0x80, 0x00, 0x01, 0x00,
    0xc0, 0x02, 0x00, 0x00, 0x00, 0x00, 0x00, 0x00, 0x00, 0x00, 0x00, 0x00, 0x00, 0x40, 0x05, 0x00,
    0x00, 0x00, 0x00, 0x00, 0x00, 0x00, 0x00, 0x00, 0x00, 0x00, 0x00, 0x00, 0x00, 0x14, 0xb5, 0xf8,
    0x00, 0x00, 0x00, 0x00, 0x00, 0x00, 0x00, 0x00, 0xc0, 0x02, 0xc0, 0x00, 0x00, 0x00, 0x00, 0x00,
    0x00, 0x00, 0x00, 0x00, 0x00, 0x00, 0x00, 0x00, 0x00, 0x00, 0x00, 0x00, 0x00, 0x00, 0x00, 0x00,
    0x00, 0x00, 0x00, 0x00, 0x00, 0x00, 0x00, 0x00, 0x00, 0x00, 0x00, 0x00, 0x00, 0x14, 0xb5, 0xf8,
    0x00, 0x00, 0x00, 0x00, 0x00, 0x00, 0x00, 0x00, 0xc0, 0x02, 0xc0, 0x00, 0x80, 0x00, 0x00, 0x00,
    0x00, 0x00, 0x00, 0x00, 0x00, 0x00, 0x00, 0x00, 0x00, 0x00, 0x00, 0x00, 0x00, 0x00, 0x00, 0x00,
    0x00, 0x00, 0x00, 0x00, 0x00, 0x00, 0x00, 0x00, 0x01, 0x20, 0x97, 0x13, 0x03, 0x02, 0x00, 0x00,
    0x00, 0x14, 0x26, 0x3c, 0x00, 0x14, 0xfb, 0x6c, 0x00, 0x00, 0x00, 0xdf, 0x00, 0x00, 0x00, 0x00,
    0x00, 0x00, 0x00, 0x00, 0x00, 0x00, 0x00, 0x00, 0x00, 0x00, 0x00, 0x00, 0x00, 0x00, 0x00, 0x00,
    0x00, 0x00, 0x00, 0x00, 0x00, 0x00, 0x00, 0x00, 0x00, 0x00, 0x00, 0x00, 0x00, 0x00, 0x00, 0x00,
    0x00, 0x00, 0x00, 0x00, 0x00, 0x00, 0x00, 0x00, 0x00, 0x00, 0x00, 0x00, 0x00, 0x00, 0x00, 0x00,
    0x00, 0x00, 0x00, 0x00, 0x00, 0x00, 0x00, 0x00, 0x00, 0x00, 0x00, 0x00, 0x00, 0x00, 0x00, 0x00,
    0x00, 0x00, 0x00, 0x00, 0x00, 0x00, 0x00, 0x00, 0x00, 0x00, 0x00, 0x00, 0x00, 0x00, 0x00, 0x00,
    0x00, 0x00, 0x00, 0x00, 0x00, 0x00, 0x00, 0x00, 0x00, 0x00, 0x00, 0x00, 0x00, 0x00, 0x00, 0x00,
    0x00, 0x00, 0x00, 0x00, 0x00, 0x00, 0x00, 0x00, 0x00, 0x00, 0x00, 0x00, 0x00, 0x00, 0x00, 0x00,
    0x00, 0x00, 0x00, 0x00, 0x00, 0x00, 0x00, 0x00, 0x00, 0x00, 0x00, 0x00, 0x00, 0x00, 0x00, 0x00,
    0x00, 0x00, 0x00, 0x00, 0x00, 0x00, 0x00, 0x00, 0x00, 0x00, 0x00, 0x00, 0x00, 0x00, 0x00, 0x00,
    0x00, 0x00, 0x00, 0x00, 0x00, 0x00, 0x00, 0x00, 0x00, 0x00, 0x00, 0x00, 0x00, 0x00, 0x00, 0x00,
    0x00, 0x00, 0x00, 0x00, 0x00, 0x00, 0x00, 0x00, 0x00, 0x00, 0x00, 0x00, 0x00, 0x00, 0x00, 0x00,
    0x00, 0x00, 0x00, 0x00, 0x00, 0x00, 0x00, 0x00, 0x00, 0x00, 0x00, 0x00, 0x00, 0x00, 0x00, 0x00,
    0x00, 0x00, 0x00, 0x00, 0x00, 0x00, 0x00, 0x00, 0x00, 0x00, 0x00, 0x00, 0x00, 0x00, 0x00, 0x00,
    0x00, 0x00, 0x00, 0x00, 0x00, 0x00, 0x00, 0x00, 0x00, 0x00, 0x00, 0x00, 0x00, 0x00, 0x00, 0x00,
    0x00, 0x00, 0x00, 0x00, 0x00, 0x00, 0x00, 0x00, 0x00, 0x00, 0x00, 0x00, 0x00, 0x00, 0x00, 0x00,
    0x00, 0x00, 0x00, 0x00, 0x00, 0x00, 0x00, 0x00, 0x00, 0x00, 0x00, 0x00, 0x00, 0x00, 0x00, 0x00,
    0x00, 0x00, 0x00, 0x00, 0x00, 0x00, 0x00, 0x00, 0x00, 0x00, 0x00, 0x00, 0x00, 0x00, 0x00, 0x00,
    0x00, 0x00, 0x00, 0x00, 0x00, 0x00, 0x00, 0x00, 0x00, 0x00, 0x00, 0x00, 0x00, 0x00, 0x00, 0x00,
    0x00, 0x00, 0x00, 0x00, 0x00, 0x00, 0x00, 0x00, 0x00, 0x00, 0x00, 0x00, 0x00, 0x14, 0x23, 0xc0,
    0x00, 0x14, 0x21, 0x2c, 0x00, 0x00, 0x00, 0x00, 0x00, 0x00, 0x00, 0x00, 0x97, 0x13, 0x00, 0x00,
    0x00, 0x14, 0x26, 0xbf, 0x00, 0x14, 0xf9, 0xe0, 0x00, 0x00, 0x00, 0x00, 0x00, 0x00, 0x00, 0x0b,
    0x00, 0x00, 0x00, 0x00, 0x01, 0x20, 0x97, 0x13, 0x03, 0x02, 0x00, 0x00, 0x00, 0x14, 0x26, 0x3c,
    0x00, 0x14, 0xfb, 0x6c, 0x00, 0x00, 0x00, 0xdf, 0x00, 0x00, 0x00, 0x00, 0x00, 0x00, 0x00, 0x00,
    0x00, 0x00, 0x00, 0x00, 0x00, 0x00, 0x00, 0x00, 0x00, 0x00, 0x00, 0x00, 0x00, 0x00, 0x00, 0x00,
    0x00, 0x00, 0x00, 0x00, 0x00, 0x00, 0x00, 0x00, 0x00, 0x00, 0x00, 0x00, 0x00, 0x00, 0x00, 0x00,
    0x00, 0x00, 0x00, 0x00, 0x00, 0x00, 0x00, 0x00, 0x00, 0x00, 0x00, 0x00, 0x00, 0x00, 0x00, 0x00,
    0x00, 0x00, 0x00, 0x00, 0x00, 0x00, 0x00, 0x00, 0x00, 0x00, 0x00, 0x00, 0x00, 0x00, 0x00, 0x00,
    0x00, 0x00, 0x00, 0x00, 0x00, 0x00, 0x00, 0x00, 0x00, 0x00, 0x00, 0x00, 0x00, 0x00, 0x00, 0x00,
    0x00, 0x00, 0x00, 0x00, 0x00, 0x00, 0x00, 0x00, 0x00, 0x00, 0x00, 0x00, 0x00, 0x00, 0x00, 0x00,
    0x00, 0x00, 0x00, 0x00, 0x00, 0x00, 0x00, 0x00, 0x00, 0x00, 0x00, 0x00, 0x00, 0x00, 0x00, 0x00,
    0x00, 0x00, 0x00, 0x00, 0x00, 0x00, 0x00, 0x00, 0x00, 0x00, 0x00, 0x00, 0x00, 0x00, 0x00, 0x00,
    0x00, 0x00, 0x00, 0x00, 0x00, 0x00, 0x00, 0x00, 0x00, 0x00, 0x00, 0x00, 0x00, 0x00, 0x00, 0x00,
    0x00, 0x00, 0x00, 0x00, 0x00, 0x00, 0x00, 0x00, 0x00, 0x00, 0x00, 0x00, 0x00, 0x00, 0x00, 0x00,
    0x00, 0x00, 0x00, 0x00, 0x00, 0x00, 0x00, 0x00, 0x00, 0x00, 0x00, 0x00, 0x00, 0x00, 0x00, 0x00,
    0x00, 0x00, 0x00, 0x00, 0x00, 0x00, 0x00, 0x00, 0x00, 0x00, 0x00, 0x00, 0x00, 0x00, 0x00, 0x00,
    0x00, 0x00, 0x00, 0x00, 0x00, 0x00, 0x00, 0x00, 0x00, 0x00, 0x00, 0x00, 0x00, 0x00, 0x00, 0x00,
    0x00, 0x00, 0x00, 0x00, 0x00, 0x00, 0x00, 0x00, 0x00, 0x00, 0x00, 0x00, 0x00, 0x00, 0x00, 0x00,
    0x00, 0x00, 0x00, 0x00, 0x00, 0x00, 0x00, 0x00, 0x00, 0x00, 0x00, 0x00, 0x00, 0x00, 0x00, 0x00,
    0x00, 0x00, 0x00, 0x00, 0x00, 0x00, 0x00, 0x00, 0x00, 0x00, 0x00, 0x00, 0x00, 0x00, 0x00, 0x00,
    0x00, 0x00, 0x00, 0x00, 0x00, 0x00, 0x00, 0x00, 0x00, 0x00, 0x00, 0x00, 0x00, 0x00, 0x00, 0x00,
    0x00, 0x00, 0x00, 0x00, 0x00, 0x00, 0x00, 0x00, 0x00, 0x00, 0x00, 0x00, 0x00, 0x00, 0x00, 0x00,
    0x00, 0x00, 0x00, 0x00, 0x00, 0x00, 0x00, 0x00, 0x00, 0x14, 0x23, 0xc0, 0x00, 0x14, 0x21, 0x2c,
    0x00, 0x00, 0x00, 0x00, 0x00, 0x00, 0x00, 0x00, 0x97, 0x13, 0x00, 0x00, 0x00, 0x14, 0x26, 0xbf,
    0x00, 0x14, 0xf9, 0xe0, 0x00, 0x00, 0x00, 0x00, 0x00, 0x00, 0x00, 0x0b, 0x00, 0x00, 0x00, 0x00,
};

static constexpr std::size_t kPS4CamFirmwareSize = sizeof(kPS4CamFirmware);
static_assert(kPS4CamFirmwareSize == 66608,
              "PS4 Camera firmware blob must be exactly 66608 bytes");

} // namespace ps4cam
